"id","project_code","project_name","project_type","investment_amount","dept_id","plan_start_date","plan_end_date","valid_until","description","status","source","create_by","create_time","update_time"
"1","AUDIT-TEST-1014890259914800","审核测试项目","电网基建","800000","1","26/3/2026","26/3/2027","26/3/2028",,"已入库","MANUAL","1","21/3/2026 05:51:43","29/3/2026 06:37:44"
"2","AUDIT-TEST-1014891828981800","审核测试项目","电网基建","800000","1","23/4/2026","23/4/2027","23/4/2028",,"论证通过","MANUAL","1","30/3/2026 18:38:05","11/4/2026 19:27:08"
"3","AUDIT-TEST-1014892280372100","审核测试项目","电网基建","800000","1","19/4/2026","19/4/2027","19/4/2028",,"论证通过","MANUAL","1","15/2/2026 07:41:56","16/3/2026 01:01:18"
"12","AUDIT-TEST-1016834934810000","审核测试项目","电网基建","800000","1","11/1/2026","11/1/2027","11/1/2028",,"已入库","MANUAL","1","2/1/2026 22:54:30","26/4/2026 16:26:37"
"13","AUDIT-TEST-1016836536447000","审核测试项目","电网基建","800000","1","16/5/2026","16/5/2027","16/5/2028",,"论证通过","MANUAL","1","21/1/2026 16:47:03","4/5/2026 17:15:13"
"14","AUDIT-TEST-1016836973863400","审核测试项目","电网基建","800000","1","24/5/2026","24/5/2027","24/5/2028",,"论证通过","MANUAL","1","11/5/2026 06:52:30","17/5/2026 21:46:13"
"15","TEST-UPD-1779248445780","单元测试项目-已修改","生产设备大修","2000000","1","24/3/2026","24/3/2027","24/3/2028","修改后的描述","待论证","MANUAL","1","19/2/2026 00:51:11","20/4/2026 12:57:51"
"16","REVIEW-TEST-1016849824266500","评审测试项目","电网基建","500000","1","14/4/2026","14/4/2027","14/4/2028",,"论证通过","MANUAL","1","14/4/2026 02:37:35","29/4/2026 13:51:35"
"17","REVIEW-TEST-1016850191770000","评审测试项目","电网基建","500000","1","22/5/2026","22/5/2027","22/5/2028",,"待论证","MANUAL","1","10/5/2026 19:06:53","13/5/2026 08:04:44"
"18","REVIEW-REJ-1016850232991700","驳回测试项目","生产设备大修","300000","1","3/3/2026","3/3/2027","3/3/2028",,"草稿","MANUAL","1","19/2/2026 18:17:36","5/5/2026 09:44:15"
"19","REVIEW-TEST-1016850574495400","评审测试项目","电网基建","500000","1","3/4/2026","3/4/2027","3/4/2028",,"待论证","MANUAL","1","24/1/2026 11:22:15","12/3/2026 15:46:00"
"20","REVIEW-TEST-1016850885279700","评审测试项目","电网基建","500000","1","3/5/2026","3/5/2027","3/5/2028",,"待论证","MANUAL","1","23/3/2026 07:45:44","25/3/2026 22:08:54"
"21","AUDIT-TEST-1017461248894000","审核测试项目","电网基建","800000","1","12/5/2026","12/5/2027","12/5/2028",,"已入库","MANUAL","1","11/5/2026 18:24:34","13/5/2026 01:24:42"
"22","AUDIT-TEST-1017462944095700","审核测试项目","电网基建","800000","1","22/5/2026","22/5/2027","22/5/2028",,"论证通过","MANUAL","1","15/5/2026 01:59:59","19/5/2026 02:38:35"
"23","AUDIT-TEST-1017463393948200","审核测试项目","电网基建","800000","1","14/5/2026","14/5/2027","14/5/2028",,"论证通过","MANUAL","1","16/3/2026 22:25:15","20/3/2026 10:01:14"
"24","TEST-UPD-1779249068176","单元测试项目-已修改","生产设备大修","2000000","1","2/5/2026","2/5/2027","2/5/2028","修改后的描述","待论证","MANUAL","1","20/4/2026 11:41:29","29/4/2026 15:01:18"
"25","REVIEW-TEST-1017471804272200","评审测试项目","电网基建","500000","1","24/5/2026","24/5/2027","24/5/2028",,"论证通过","MANUAL","1","2/4/2026 17:58:28","9/4/2026 17:15:19"
"26","REVIEW-TEST-1017472291269900","评审测试项目","电网基建","500000","1","19/2/2026","19/2/2027","19/2/2028",,"待论证","MANUAL","1","5/1/2026 18:17:57","12/3/2026 02:30:28"
"27","REVIEW-REJ-1017472342037200","驳回测试项目","生产设备大修","300000","1","18/5/2026","18/5/2027","18/5/2028",,"草稿","MANUAL","1","18/1/2026 18:38:41","8/4/2026 17:24:53"
"28","REVIEW-TEST-1017472913743000","评审测试项目","电网基建","500000","1","24/5/2026","24/5/2027","24/5/2028",,"待论证","MANUAL","1","27/3/2026 13:31:06","3/4/2026 04:28:32"
"29","REVIEW-TEST-1017473322949800","评审测试项目","电网基建","500000","1","8/5/2026","8/5/2027","8/5/2028",,"待论证","MANUAL","1","24/1/2026 02:05:14","30/1/2026 15:03:19"
"30","AUDIT-TEST-1017569797751500","审核测试项目","电网基建","800000","1","23/5/2026","23/5/2027","23/5/2028",,"论证通过","MANUAL","1","21/5/2026 17:59:58","21/5/2026 16:46:18"
"31","AUDIT-TEST-1017669214221400","审核测试项目","电网基建","800000","1","25/4/2026","25/4/2027","25/4/2028",,"论证通过","MANUAL","1","8/3/2026 15:38:13","20/4/2026 12:01:08"
"32","AUDIT-TEST-1017808140924500","审核测试项目","电网基建","800000","1","25/5/2026","25/5/2027","25/5/2028",,"已入库","MANUAL","1","21/5/2026 14:15:26","21/5/2026 13:10:30"
"33","AUDIT-TEST-1017809576687300","审核测试项目","电网基建","800000","1","31/3/2026","31/3/2027","31/3/2028",,"论证通过","MANUAL","1","22/1/2026 20:59:09","20/5/2026 15:44:06"
"34","AUDIT-TEST-1017809993850400","审核测试项目","电网基建","800000","1","22/5/2026","22/5/2027","22/5/2028",,"论证通过","MANUAL","1","12/4/2026 08:40:59","12/5/2026 08:25:55"
"35","TEST-UPD-1779249414306","单元测试项目-已修改","生产设备大修","2000000","1","3/5/2026","3/5/2027","3/5/2028","修改后的描述","待论证","MANUAL","1","30/4/2026 08:03:24","10/5/2026 20:55:25"
"36","REVIEW-TEST-1017817854369800","评审测试项目","电网基建","500000","1","13/3/2026","13/3/2027","13/3/2028",,"论证通过","MANUAL","1","16/1/2026 02:06:47","3/2/2026 01:38:54"
"37","REVIEW-TEST-1017818183525200","评审测试项目","电网基建","500000","1","17/4/2026","17/4/2027","17/4/2028",,"待论证","MANUAL","1","9/4/2026 23:31:17","11/4/2026 01:32:03"
"38","REVIEW-REJ-1017818246440900","驳回测试项目","生产设备大修","300000","1","25/5/2026","25/5/2027","25/5/2028",,"草稿","MANUAL","1","23/4/2026 00:40:51","29/4/2026 05:13:03"
"39","REVIEW-TEST-1017819098544600","评审测试项目","电网基建","500000","1","3/5/2026","3/5/2027","3/5/2028",,"待论证","MANUAL","1","9/4/2026 19:24:44","8/5/2026 11:36:15"
"40","REVIEW-TEST-1017819849400900","评审测试项目","电网基建","500000","1","14/5/2026","14/5/2027","14/5/2028",,"待论证","MANUAL","1","17/2/2026 22:37:01","4/3/2026 15:27:30"
"41","AUDIT-TEST-1017915429538000","审核测试项目","电网基建","800000","1","13/5/2026","13/5/2027","13/5/2028",,"已入库","MANUAL","1","16/1/2026 19:33:35","21/1/2026 09:47:59"
"42","AUDIT-TEST-1017917367582600","审核测试项目","电网基建","800000","1","10/5/2026","10/5/2027","10/5/2028",,"论证通过","MANUAL","1","21/4/2026 13:14:21","25/4/2026 14:34:48"
"43","AUDIT-TEST-1017917861817800","审核测试项目","电网基建","800000","1","31/5/2026","31/5/2027","31/5/2028",,"论证通过","MANUAL","1","31/5/2026 16:30:03","26/5/2026 02:40:44"
"44","TEST-UPD-1779249521684","单元测试项目-已修改","生产设备大修","2000000","1","28/2/2026","28/2/2027","28/2/2028","修改后的描述","待论证","MANUAL","1","11/1/2026 02:38:38","25/1/2026 10:22:23"
"45","REVIEW-TEST-1017925363960700","评审测试项目","电网基建","500000","1","17/5/2026","17/5/2027","17/5/2028",,"论证通过","MANUAL","1","4/3/2026 05:59:15","5/3/2026 12:21:31"
"46","REVIEW-TEST-1017925988750800","评审测试项目","电网基建","500000","1","10/2/2026","10/2/2027","10/2/2028",,"待论证","MANUAL","1","26/1/2026 23:37:40","5/3/2026 13:12:15"
"47","REVIEW-REJ-1017926049634500","驳回测试项目","生产设备大修","300000","1","5/3/2026","5/3/2027","5/3/2028","dasf","待论证","MANUAL","1","20/2/2026 15:38:32","13/3/2026 05:53:12"
"48","REVIEW-TEST-1017926498269100","评审测试项目","电网基建","500000","1","14/4/2026","14/4/2027","14/4/2028",,"待论证","MANUAL","1","7/4/2026 00:35:10","12/5/2026 22:30:31"
"49","REVIEW-TEST-1017926941378800","评审测试项目","电网基建","500000","1","10/2/2026","10/2/2027","10/2/2028",,"待论证","MANUAL","1","4/2/2026 08:58:08","24/4/2026 18:03:28"
"50","AUDIT-TEST-1027891261628600","审核测试项目","电网基建","800000","1","2/3/2026","2/3/2027","2/3/2028",,"已入库","MANUAL","1","6/2/2026 03:50:49","8/4/2026 10:38:02"
"51","AUDIT-TEST-1027892592144100","审核测试项目","电网基建","800000","1","14/1/2026","14/1/2027","14/1/2028",,"论证通过","MANUAL","1","7/1/2026 05:41:25","11/1/2026 23:35:50"
"52","AUDIT-TEST-1027892973912000","审核测试项目","电网基建","800000","1","29/5/2026","29/5/2027","29/5/2028",,"已入库","MANUAL","1","19/2/2026 19:39:50","20/5/2026 23:46:49"
"53","TEST-UPD-1779259496972","单元测试项目-已修改","生产设备技改","2000000","1","21/4/2026","21/4/2027","21/4/2028","修改后的描述","待论证","MANUAL","1","24/1/2026 21:04:59","8/4/2026 14:23:35"
"54","REVIEW-TEST-1027900290803300","评审测试项目","电网基建","500000","1","25/4/2026","25/4/2027","25/4/2028",,"待论证","MANUAL","1","22/3/2026 21:01:06","28/4/2026 18:22:08"
"55","REVIEW-TEST-1027900570986300","评审测试项目","电网基建","500000","1","24/4/2026","24/4/2027","24/4/2028",,"待论证","MANUAL","1","29/3/2026 08:15:01","21/4/2026 06:31:29"
"56","REVIEW-REJ-1027900614907500","驳回测试项目","电网基建","300000","1","4/5/2026","4/5/2027","4/5/2028","safafsafafada","待论证","MANUAL","1","6/4/2026 03:32:35","18/4/2026 22:45:46"
"57","REVIEW-TEST-1027900872800600","评审测试项目","电网基建","500000","1","19/5/2026","19/5/2027","19/5/2028",,"待论证","MANUAL","1","3/5/2026 20:32:30","18/5/2026 00:40:46"
"58","REVIEW-TEST-1027901115914400","评审测试项目","电网基建","500000","1","9/5/2026","9/5/2027","9/5/2028",,"待论证","MANUAL","1","13/3/2026 04:36:11","25/4/2026 17:35:52"
"59","11222","测试123","电网基建","24","1","27/5/2026","27/5/2027","27/5/2028","","已入库","MANUAL","1","21/5/2026 05:15:56","21/5/2026 09:52:39"
"60","222333","测试","电网基建","1234","2","26/5/2026","26/5/2027","26/5/2028","帆帆帆帆","草稿","MANUAL","1","25/4/2026 12:30:02","1/5/2026 11:12:44"
"61","P2026-00001","通信系统技改项目-示范段","设备购置","3715.31","7","25/5/2026","25/5/2027","25/5/2028","设备购置项目，投资金额3715.31万元","论证通过","MANUAL","1","2/5/2026 11:23:38","3/5/2026 07:41:23"
"62","P2026-00002","输电线路维护项目-三期","生产设备大修","2444.25","3","30/3/2026","30/3/2027","30/3/2028","生产设备大修项目，投资金额2444.25万元","论证通过","MANUAL","1","6/2/2026 10:47:09","13/4/2026 16:39:16"
"63","P2026-00003","充电桩改造工程-一期","科技创新","2826.24","7","24/4/2026","24/4/2027","24/4/2028","科技创新项目，投资金额2826.24万元","待论证","MANUAL","1","13/1/2026 17:43:24","21/5/2026 05:39:38"
"64","P2026-00004","变电站升级工程-主体段","科技创新","4543.72","8","26/5/2026","26/5/2027","26/5/2028","科技创新项目，投资金额4543.72万元","审核通过","MANUAL","1","26/5/2026 10:33:34","21/5/2026 13:47:49"
"65","P2026-00005","变电站维护项目-一期","科技创新","1377.69","9","6/4/2026","6/4/2027","6/4/2028","科技创新项目，投资金额1377.69万元","待审核","IMPORT","1","18/3/2026 19:54:56","10/4/2026 15:41:29"
"66","P2026-00006","通信系统维护项目-先行段","设备更新","4299.54","3","21/4/2026","21/4/2027","21/4/2028","设备更新项目，投资金额4299.54万元","草稿","MANUAL","1","22/2/2026 20:41:14","6/3/2026 03:48:27"
"67","P2026-00007","充电桩大修工程-二期","生产设备技改","4175.79","3","12/4/2026","12/4/2027","12/4/2028","生产设备技改项目，投资金额4175.79万元","审核通过","IMPORT","1","27/2/2026 11:09:27","9/3/2026 19:55:02"
"68","P2026-00008","变电站技改项目-示范段","设备更新","3910.5","2","25/5/2026","25/5/2027","25/5/2028","设备更新项目，投资金额3910.50万元","待审核","MANUAL","1","24/5/2026 14:20:48","23/5/2026 23:07:05"
"69","P2026-00009","变电站扩建工程-二期","科技创新","224.29","3","28/3/2026","28/3/2027","28/3/2028","科技创新项目，投资金额224.29万元","已入库","IMPORT","1","26/1/2026 15:52:40","13/3/2026 16:19:11"
"70","P2026-00010","调度中心维护项目-二期","生产设备技改","4421.37","9","26/5/2026","26/5/2027","26/5/2028","生产设备技改项目，投资金额4421.37万元","论证通过","MANUAL","1","14/5/2026 07:42:11","20/5/2026 14:32:41"
"71","P2026-00011","充电桩维护项目-三期","维修维护","2177.1","8","16/5/2026","16/5/2027","16/5/2028","维修维护项目，投资金额2177.10万元","待审核","MANUAL","1","14/3/2026 06:50:55","17/3/2026 18:32:16"
"72","P2026-00012","输电线路优化项目-二期","科技创新","3955.47","6","1/2/2026","1/2/2027","1/2/2028","科技创新项目，投资金额3955.47万元","待论证","MANUAL","1","6/1/2026 10:52:51","2/5/2026 07:17:33"
"73","P2026-00013","充电桩升级工程-先行段","生产设备大修","4446.2","6","10/4/2026","10/4/2027","10/4/2028","生产设备大修项目，投资金额4446.20万元","论证通过","IMPORT","1","20/3/2026 03:36:57","19/5/2026 15:44:55"
"74","P2026-00014","储能电站维护项目-主体段","科技创新","1745.46","11","4/5/2026","4/5/2027","4/5/2028","科技创新项目，投资金额1745.46万元","草稿","IMPORT","1","4/3/2026 09:55:04","19/4/2026 05:17:03"
"75","P2026-00015","配电网升级工程-一期","生产设备技改","4810.38","7","19/1/2026","19/1/2027","19/1/2028","生产设备技改项目，投资金额4810.38万元","论证通过","MANUAL","1","4/1/2026 14:44:11","1/4/2026 12:16:04"
"76","P2026-00016","通信系统维护项目-一期","生产设备技改","1138.99","3","9/5/2026","9/5/2027","9/5/2028","生产设备技改项目，投资金额1138.99万元","论证通过","MANUAL","1","5/4/2026 23:13:03","7/5/2026 19:10:59"
"77","P2026-00017","调度中心新建工程-三期","生产设备技改","3731.83","6","24/3/2026","24/3/2027","24/3/2028","生产设备技改项目，投资金额3731.83万元","待审核","IMPORT","1","28/2/2026 11:33:21","9/4/2026 06:55:06"
"78","P2026-00018","配电网新建工程-二期","设备购置","4446.36","10","19/5/2026","19/5/2027","19/5/2028","设备购置项目，投资金额4446.36万元","已过期","IMPORT","1","11/5/2026 19:38:10","19/5/2026 15:19:10"
"79","P2026-00019","配电网优化项目-先行段","生产设备大修","597.96","4","7/5/2026","7/5/2027","7/5/2028","生产设备大修项目，投资金额597.96万元","已入库","MANUAL","1","4/5/2026 10:47:09","16/5/2026 15:11:20"
"80","P2026-00020","输电线路维护项目-先行段","电网基建","2052.2","11","27/5/2026","27/5/2027","27/5/2028","电网基建项目，投资金额2052.20万元","草稿","MANUAL","1","19/5/2026 02:51:18","21/5/2026 06:00:18"
"81","P2026-00021","储能电站维护项目-先行段","生产设备大修","3329.28","7","12/5/2026","12/5/2027","12/5/2028","生产设备大修项目，投资金额3329.28万元","草稿","IMPORT","1","8/4/2026 10:52:37","30/4/2026 15:39:45"
"82","P2026-00022","储能电站优化项目-二期","设备更新","4603.25","5","29/4/2026","29/4/2027","29/4/2028","设备更新项目，投资金额4603.25万元","已入库","MANUAL","1","26/4/2026 10:35:01","28/4/2026 11:33:14"
"83","P2026-00023","变电站扩建工程-二期","生产设备技改","523.16","7","22/2/2026","22/2/2027","22/2/2028","生产设备技改项目，投资金额523.16万元","草稿","MANUAL","1","14/2/2026 21:19:33","12/4/2026 18:25:50"
"84","P2026-00024","调度中心维护项目-主体段","生产设备技改","4183","9","19/3/2026","19/3/2027","19/3/2028","生产设备技改项目，投资金额4183.00万元","草稿","IMPORT","1","28/1/2026 22:58:31","5/4/2026 19:19:36"
"85","P2026-00025","输电线路改造工程-三期","维修维护","4611.13","7","25/2/2026","25/2/2027","25/2/2028","维修维护项目，投资金额4611.13万元","草稿","IMPORT","1","8/2/2026 10:27:51","19/3/2026 12:52:51"
"86","P2026-00026","调度中心优化项目-主体段","生产设备技改","2639.02","10","23/5/2026","23/5/2027","23/5/2028","生产设备技改项目，投资金额2639.02万元","已过期","MANUAL","1","22/1/2026 06:04:55","6/5/2026 09:36:04"
"87","P2026-00027","通信系统大修工程-一期","科技创新","2990.54","9","30/1/2026","30/1/2027","30/1/2028","科技创新项目，投资金额2990.54万元","已入库","IMPORT","1","6/1/2026 17:42:10","10/2/2026 05:42:59"
"88","P2026-00028","智能电网改造工程-三期","生产设备大修","1709.12","11","26/4/2026","26/4/2027","26/4/2028","生产设备大修项目，投资金额1709.12万元","已入库","IMPORT","1","10/2/2026 16:18:37","21/4/2026 09:50:26"
"89","P2026-00029","配电网新建工程-三期","生产设备技改","4564.97","11","25/5/2026","25/5/2027","25/5/2028","生产设备技改项目，投资金额4564.97万元","审核通过","MANUAL","1","24/5/2026 01:27:20","22/5/2026 11:52:13"
"90","P2026-00030","储能电站升级工程-先行段","设备购置","4266.18","8","18/5/2026","18/5/2027","18/5/2028","设备购置项目，投资金额4266.18万元","待论证","IMPORT","1","22/2/2026 22:53:32","15/4/2026 02:18:55"
"91","P2026-00031","充电桩扩建工程-三期","科技创新","2476.21","8","18/3/2026","18/3/2027","18/3/2028","科技创新项目，投资金额2476.21万元","已入库","MANUAL","1","11/2/2026 11:22:27","14/4/2026 21:58:42"
"92","P2026-00032","通信系统维护项目-先行段","科技创新","4686.29","10","31/1/2026","31/1/2027","31/1/2028","科技创新项目，投资金额4686.29万元","待论证","IMPORT","1","4/1/2026 03:56:34","30/4/2026 19:16:15"
"93","P2026-00033","智能电网技改项目-二期","设备更新","2652.68","8","22/5/2026","22/5/2027","22/5/2028","设备更新项目，投资金额2652.68万元","审核通过","IMPORT","1","18/5/2026 11:38:04","18/5/2026 12:42:03"
"94","P2026-00034","配电网扩建工程-三期","设备购置","4862.76","1","1/5/2026","1/5/2027","1/5/2028","设备购置项目，投资金额4862.76万元","待论证","MANUAL","1","13/4/2026 19:08:53","17/5/2026 05:32:41"
"95","P2026-00035","储能电站扩建工程-一期","维修维护","3141.19","3","17/5/2026","17/5/2027","17/5/2028","维修维护项目，投资金额3141.19万元","待论证","MANUAL","1","27/3/2026 03:23:05","1/4/2026 11:25:37"
"96","P2026-00036","输电线路扩建工程-二期","科技创新","2312.99","9","30/5/2026","30/5/2027","30/5/2028","科技创新项目，投资金额2312.99万元","审核通过","IMPORT","1","8/4/2026 20:19:18","16/4/2026 18:26:07"
"97","P2026-00037","调度中心技改项目-示范段","生产设备大修","905.26","10","16/3/2026","16/3/2027","16/3/2028","生产设备大修项目，投资金额905.26万元","待论证","MANUAL","1","7/2/2026 15:44:41","11/4/2026 23:53:59"
"98","P2026-00038","智能电网优化项目-示范段","维修维护","3635.23","11","9/3/2026","9/3/2027","9/3/2028","维修维护项目，投资金额3635.23万元","已入库","MANUAL","1","13/2/2026 00:33:10","14/4/2026 01:38:08"
"99","P2026-00039","输电线路维护项目-示范段","设备购置","3702.04","4","22/4/2026","22/4/2027","22/4/2028","设备购置项目，投资金额3702.04万元","待审核","IMPORT","1","3/3/2026 08:40:28","18/5/2026 02:57:23"
"100","P2026-00040","充电桩扩建工程-主体段","科技创新","4910.05","8","8/4/2026","8/4/2027","8/4/2028","科技创新项目，投资金额4910.05万元","草稿","MANUAL","1","30/3/2026 18:42:45","10/5/2026 05:05:56"
"101","P2026-00041","变电站优化项目-示范段","生产设备技改","3924.77","10","15/5/2026","15/5/2027","15/5/2028","生产设备技改项目，投资金额3924.77万元","待论证","IMPORT","1","11/1/2026 09:23:08","1/4/2026 20:58:07"
"102","P2026-00042","储能电站新建工程-一期","电网基建","4891.81","7","23/3/2026","23/3/2027","23/3/2028","电网基建项目，投资金额4891.81万元","待审核","IMPORT","1","9/3/2026 07:20:19","16/3/2026 19:00:06"
"103","P2026-00043","调度中心技改项目-示范段","生产设备大修","3707.36","2","18/5/2026","18/5/2027","18/5/2028","生产设备大修项目，投资金额3707.36万元","待审核","MANUAL","1","26/4/2026 20:41:53","21/5/2026 04:30:07"
"104","P2026-00044","充电桩大修工程-一期","设备更新","2961.59","6","29/5/2026","29/5/2027","29/5/2028","设备更新项目，投资金额2961.59万元","论证通过","MANUAL","1","4/5/2026 22:39:19","6/5/2026 07:44:37"
"105","P2026-00045","输电线路大修工程-一期","科技创新","3488.47","6","30/5/2026","30/5/2027","30/5/2028","科技创新项目，投资金额3488.47万元","已入库","IMPORT","1","1/2/2026 06:33:39","8/3/2026 15:23:15"
"106","P2026-00046","充电桩改造工程-一期","设备更新","4666.38","7","10/2/2026","10/2/2027","10/2/2028","设备更新项目，投资金额4666.38万元","待审核","IMPORT","1","9/2/2026 14:27:27","7/4/2026 02:50:54"
"107","P2026-00047","输电线路技改项目-一期","生产设备技改","3298.4","4","4/4/2026","4/4/2027","4/4/2028","生产设备技改项目，投资金额3298.40万元","论证通过","MANUAL","1","31/3/2026 16:39:49","9/4/2026 10:23:09"
"108","P2026-00048","调度中心大修工程-示范段","生产设备大修","3433.62","11","31/3/2026","31/3/2027","31/3/2028","生产设备大修项目，投资金额3433.62万元","草稿","MANUAL","1","15/3/2026 11:47:55","17/5/2026 01:53:43"
"109","P2026-00049","变电站新建工程-主体段","生产设备大修","4448.89","10","21/5/2026","21/5/2027","21/5/2028","生产设备大修项目，投资金额4448.89万元","已入库","IMPORT","1","26/4/2026 12:18:32","26/4/2026 14:01:07"
"110","P2026-00050","储能电站维护项目-示范段","设备更新","4759.82","11","30/4/2026","30/4/2027","30/4/2028","设备更新项目，投资金额4759.82万元","草稿","MANUAL","1","1/1/2026 11:16:15","17/4/2026 23:28:28"
"111","P2026-00051","变电站升级工程-示范段","科技创新","4656.33","11","11/5/2026","11/5/2027","11/5/2028","科技创新项目，投资金额4656.33万元","已入库","IMPORT","1","19/2/2026 05:30:13","11/4/2026 00:38:42"
"112","P2026-00052","配电网改造工程-主体段","科技创新","882.34","9","11/5/2026","11/5/2027","11/5/2028","科技创新项目，投资金额882.34万元","待论证","MANUAL","1","22/4/2026 01:54:17","7/5/2026 22:55:40"
"113","P2026-00053","储能电站优化项目-一期","生产设备大修","1847.78","4","30/5/2026","30/5/2027","30/5/2028","生产设备大修项目，投资金额1847.78万元","已入库","IMPORT","1","9/5/2026 12:05:35","20/5/2026 09:44:54"
"114","P2026-00054","储能电站技改项目-一期","电网基建","805.98","2","6/4/2026","6/4/2027","6/4/2028","电网基建项目，投资金额805.98万元","待审核","IMPORT","1","14/2/2026 01:17:38","9/5/2026 05:27:37"
"115","P2026-00055","通信系统优化项目-示范段","设备购置","1405.18","8","31/1/2026","31/1/2027","31/1/2028","设备购置项目，投资金额1405.18万元","草稿","IMPORT","1","23/1/2026 13:52:07","16/4/2026 12:50:29"
"116","P2026-00056","输电线路大修工程-一期","电网基建","1240.45","6","30/5/2026","30/5/2027","30/5/2028","电网基建项目，投资金额1240.45万元","待审核","MANUAL","1","10/5/2026 11:36:36","16/5/2026 01:40:20"
"117","P2026-00057","储能电站大修工程-一期","设备更新","211.82","3","27/5/2026","27/5/2027","27/5/2028","设备更新项目，投资金额211.82万元","待审核","MANUAL","1","6/5/2026 20:54:35","10/5/2026 19:38:13"
"118","P2026-00058","智能电网改造工程-示范段","生产设备大修","3797.77","7","18/5/2026","18/5/2027","18/5/2028","生产设备大修项目，投资金额3797.77万元","草稿","IMPORT","1","6/4/2026 14:16:02","9/5/2026 15:07:28"
"119","P2026-00059","配电网技改项目-先行段","科技创新","1186.14","6","12/3/2026","12/3/2027","12/3/2028","科技创新项目，投资金额1186.14万元","已入库","IMPORT","1","22/2/2026 09:30:35","20/4/2026 07:39:54"
"120","P2026-00060","输电线路维护项目-先行段","维修维护","910.88","1","30/5/2026","30/5/2027","30/5/2028","维修维护项目，投资金额910.88万元","待论证","IMPORT","1","26/4/2026 05:06:36","17/5/2026 19:34:17"
"121","P2026-00061","配电网优化项目-一期","设备购置","1422.62","7","24/4/2026","24/4/2027","24/4/2028","设备购置项目，投资金额1422.62万元","草稿","MANUAL","1","4/3/2026 23:32:59","17/4/2026 21:12:48"
"122","P2026-00062","通信系统大修工程-一期","维修维护","3989.7","3","26/2/2026","26/2/2027","26/2/2028","维修维护项目，投资金额3989.70万元","待论证","IMPORT","1","6/2/2026 03:27:22","24/2/2026 21:00:05"
"123","P2026-00063","通信系统升级工程-三期","生产设备大修","3654.25","11","11/4/2026","11/4/2027","11/4/2028","生产设备大修项目，投资金额3654.25万元","草稿","IMPORT","1","9/4/2026 01:24:59","26/4/2026 01:22:01"
"124","P2026-00064","智能电网维护项目-主体段","生产设备技改","4095.24","2","12/4/2026","12/4/2027","12/4/2028","生产设备技改项目，投资金额4095.24万元","待论证","MANUAL","1","3/4/2026 00:16:43","21/5/2026 10:05:42"
"125","P2026-00065","调度中心改造工程-先行段","电网基建","4344.16","4","20/3/2026","20/3/2027","20/3/2028","电网基建项目，投资金额4344.16万元","审核通过","MANUAL","1","10/2/2026 02:26:28","4/5/2026 10:35:05"
"126","P2026-00066","输电线路扩建工程-一期","电网基建","3886.53","6","23/4/2026","23/4/2027","23/4/2028","电网基建项目，投资金额3886.53万元","待论证","MANUAL","1","16/4/2026 08:08:19","18/4/2026 04:53:22"
"127","P2026-00067","通信系统优化项目-一期","设备购置","2639.18","10","13/4/2026","13/4/2027","13/4/2028","设备购置项目，投资金额2639.18万元","已过期","MANUAL","1","13/2/2026 04:53:26","1/4/2026 03:39:42"
"128","P2026-00068","输电线路维护项目-先行段","设备购置","871.54","3","3/5/2026","3/5/2027","3/5/2028","设备购置项目，投资金额871.54万元","待论证","MANUAL","1","27/4/2026 10:38:03","14/5/2026 05:41:03"
"129","P2026-00069","智能电网新建工程-三期","设备购置","4337.23","10","18/4/2026","18/4/2027","18/4/2028","设备购置项目，投资金额4337.23万元","论证通过","IMPORT","1","17/4/2026 19:47:57","18/4/2026 22:53:55"
"130","P2026-00070","储能电站优化项目-主体段","设备购置","935.12","4","26/5/2026","26/5/2027","26/5/2028","设备购置项目，投资金额935.12万元","待审核","IMPORT","1","23/3/2026 12:53:20","22/4/2026 16:25:42"
"131","P2026-00071","配电网升级工程-一期","科技创新","2337.78","1","24/4/2026","24/4/2027","24/4/2028","科技创新项目，投资金额2337.78万元","已入库","IMPORT","1","20/1/2026 03:58:21","12/3/2026 05:55:21"
"132","P2026-00072","输电线路新建工程-一期","科技创新","4109.31","9","22/4/2026","22/4/2027","22/4/2028","科技创新项目，投资金额4109.31万元","待论证","MANUAL","1","3/1/2026 10:22:48","25/1/2026 04:03:13"
"133","P2026-00073","充电桩新建工程-先行段","生产设备技改","2759.82","5","16/5/2026","16/5/2027","16/5/2028","生产设备技改项目，投资金额2759.82万元","待论证","IMPORT","1","20/3/2026 14:39:24","13/5/2026 14:50:59"
"134","P2026-00074","调度中心大修工程-示范段","科技创新","4224.5","3","6/5/2026","6/5/2027","6/5/2028","科技创新项目，投资金额4224.50万元","论证通过","MANUAL","1","27/2/2026 13:38:08","30/3/2026 18:03:11"
"135","P2026-00075","通信系统大修工程-一期","科技创新","2173.79","1","20/5/2026","20/5/2027","20/5/2028","科技创新项目，投资金额2173.79万元","审核通过","MANUAL","1","7/3/2026 04:50:16","9/3/2026 17:59:16"
"136","P2026-00076","配电网大修工程-主体段","设备购置","1431.55","5","25/5/2026","25/5/2027","25/5/2028","设备购置项目，投资金额1431.55万元","论证通过","IMPORT","1","8/5/2026 03:10:39","8/5/2026 21:47:54"
"137","P2026-00077","通信系统大修工程-示范段","科技创新","3358.4","7","4/3/2026","4/3/2027","4/3/2028","科技创新项目，投资金额3358.40万元","待审核","IMPORT","1","6/2/2026 23:07:10","20/5/2026 21:04:13"
"138","P2026-00078","储能电站扩建工程-主体段","生产设备大修","707.03","4","16/5/2026","16/5/2027","16/5/2028","生产设备大修项目，投资金额707.03万元","待论证","MANUAL","1","11/5/2026 05:27:19","19/5/2026 04:49:47"
"139","P2026-00079","调度中心大修工程-示范段","电网基建","742.75","4","5/4/2026","5/4/2027","5/4/2028","电网基建项目，投资金额742.75万元","论证通过","MANUAL","1","21/1/2026 17:56:15","3/4/2026 05:58:59"
"140","P2026-00080","智能电网大修工程-一期","科技创新","1074.08","9","28/5/2026","28/5/2027","28/5/2028","科技创新项目，投资金额1074.08万元","草稿","MANUAL","1","4/1/2026 21:48:49","2/2/2026 23:14:20"
"141","P2026-00081","通信系统新建工程-主体段","设备购置","4582.12","6","28/4/2026","28/4/2027","28/4/2028","设备购置项目，投资金额4582.12万元","已入库","MANUAL","1","11/2/2026 18:49:10","2/4/2026 19:18:51"
"142","P2026-00082","变电站技改项目-二期","生产设备技改","2349.29","11","12/5/2026","12/5/2027","12/5/2028","生产设备技改项目，投资金额2349.29万元","已入库","IMPORT","1","14/2/2026 20:31:31","27/4/2026 00:25:13"
"143","P2026-00083","调度中心改造工程-主体段","生产设备大修","113.34","7","24/4/2026","24/4/2027","24/4/2028","生产设备大修项目，投资金额113.34万元","论证通过","IMPORT","1","18/3/2026 07:03:55","13/4/2026 08:19:54"
"144","P2026-00084","充电桩技改项目-主体段","电网基建","3335.18","2","14/4/2026","14/4/2027","14/4/2028","电网基建项目，投资金额3335.18万元","草稿","MANUAL","1","11/1/2026 08:48:55","3/2/2026 03:59:48"
"145","P2026-00085","充电桩扩建工程-示范段","维修维护","380.97","6","23/5/2026","23/5/2027","23/5/2028","维修维护项目，投资金额380.97万元","草稿","IMPORT","1","23/5/2026 19:47:41","22/5/2026 11:20:58"
"146","P2026-00086","输电线路大修工程-三期","设备购置","1515.38","9","26/2/2026","26/2/2027","26/2/2028","设备购置项目，投资金额1515.38万元","草稿","MANUAL","1","21/1/2026 07:27:04","19/4/2026 19:17:05"
"147","P2026-00087","充电桩升级工程-先行段","维修维护","2086.69","4","27/4/2026","27/4/2027","27/4/2028","维修维护项目，投资金额2086.69万元","待论证","IMPORT","1","17/3/2026 05:20:03","17/3/2026 18:58:19"
"148","P2026-00088","输电线路优化项目-一期","生产设备大修","3288.89","9","13/5/2026","13/5/2027","13/5/2028","生产设备大修项目，投资金额3288.89万元","论证通过","IMPORT","1","3/5/2026 21:36:20","20/5/2026 19:43:12"
"149","P2026-00089","调度中心优化项目-一期","科技创新","4452.84","6","30/4/2026","30/4/2027","30/4/2028","科技创新项目，投资金额4452.84万元","待审核","MANUAL","1","28/4/2026 04:42:11","30/4/2026 00:43:00"
"150","P2026-00090","变电站技改项目-二期","科技创新","2641.43","10","31/3/2026","31/3/2027","31/3/2028","科技创新项目，投资金额2641.43万元","论证通过","MANUAL","1","15/3/2026 22:58:25","17/5/2026 07:26:34"
"151","P2026-00091","调度中心新建工程-二期","生产设备大修","2915.46","8","24/2/2026","24/2/2027","24/2/2028","生产设备大修项目，投资金额2915.46万元","待审核","MANUAL","1","23/2/2026 06:22:42","5/5/2026 06:44:46"
"152","P2026-00092","通信系统大修工程-先行段","生产设备大修","372.01","4","28/5/2026","28/5/2027","28/5/2028","生产设备大修项目，投资金额372.01万元","论证通过","IMPORT","1","18/5/2026 10:10:56","20/5/2026 14:29:19"
"153","P2026-00093","配电网新建工程-三期","设备更新","3377.83","1","2/4/2026","2/4/2027","2/4/2028","设备更新项目，投资金额3377.83万元","草稿","IMPORT","1","28/2/2026 19:33:26","13/5/2026 18:41:18"
"154","P2026-00094","充电桩扩建工程-先行段","科技创新","2041","10","25/4/2026","25/4/2027","25/4/2028","科技创新项目，投资金额2041.00万元","审核通过","IMPORT","1","30/3/2026 17:33:11","1/4/2026 17:34:35"
"155","P2026-00095","储能电站改造工程-三期","电网基建","278.96","9","3/5/2026","3/5/2027","3/5/2028","电网基建项目，投资金额278.96万元","草稿","IMPORT","1","19/4/2026 03:23:10","11/5/2026 17:46:46"
"156","P2026-00096","充电桩升级工程-三期","科技创新","1140.31","5","20/5/2026","20/5/2027","20/5/2028","科技创新项目，投资金额1140.31万元","待论证","IMPORT","1","8/4/2026 21:24:54","19/5/2026 06:42:18"
"157","P2026-00097","储能电站升级工程-示范段","设备更新","3747.82","6","11/3/2026","11/3/2027","11/3/2028","设备更新项目，投资金额3747.82万元","已过期","IMPORT","1","3/2/2026 09:25:16","17/3/2026 15:50:06"
"158","P2026-00098","配电网升级工程-三期","设备更新","3206.26","11","27/4/2026","27/4/2027","27/4/2028","设备更新项目，投资金额3206.26万元","论证通过","IMPORT","1","17/2/2026 06:06:06","14/5/2026 05:28:06"
"159","P2026-00099","调度中心改造工程-主体段","生产设备技改","4793.76","2","4/3/2026","4/3/2027","4/3/2028","生产设备技改项目，投资金额4793.76万元","论证通过","MANUAL","1","15/1/2026 04:18:01","31/1/2026 08:21:24"
"160","P2026-00100","变电站优化项目-示范段","科技创新","1940.12","10","2/2/2026","2/2/2027","2/2/2028","科技创新项目，投资金额1940.12万元","待审核","MANUAL","1","7/1/2026 10:52:29","6/4/2026 06:40:15"
"161","P2026-00101","充电桩大修工程-二期","生产设备大修","4434.3","5","28/5/2026","28/5/2027","28/5/2028","生产设备大修项目，投资金额4434.30万元","论证通过","MANUAL","1","26/3/2026 09:53:01","2/4/2026 12:13:02"
"162","P2026-00102","变电站维护项目-示范段","科技创新","4377.85","3","25/2/2026","25/2/2027","25/2/2028","科技创新项目，投资金额4377.85万元","待审核","IMPORT","1","4/2/2026 06:14:47","6/4/2026 01:48:12"
"163","P2026-00103","调度中心优化项目-三期","维修维护","635.64","6","5/5/2026","5/5/2027","5/5/2028","维修维护项目，投资金额635.64万元","待论证","IMPORT","1","3/1/2026 21:07:45","20/4/2026 18:57:58"
"164","P2026-00104","储能电站升级工程-示范段","维修维护","168.97","2","28/4/2026","28/4/2027","28/4/2028","维修维护项目，投资金额168.97万元","待论证","MANUAL","1","25/4/2026 02:38:54","12/5/2026 21:38:59"
"165","P2026-00105","调度中心技改项目-二期","设备更新","4926.4","8","16/2/2026","16/2/2027","16/2/2028","设备更新项目，投资金额4926.40万元","待审核","MANUAL","1","30/1/2026 21:05:05","16/2/2026 06:25:39"
"166","P2026-00106","输电线路新建工程-主体段","生产设备大修","2151.85","3","11/4/2026","11/4/2027","11/4/2028","生产设备大修项目，投资金额2151.85万元","论证通过","IMPORT","1","11/2/2026 13:52:19","9/5/2026 01:20:38"
"167","P2026-00107","智能电网技改项目-三期","维修维护","3724.49","6","9/5/2026","9/5/2027","9/5/2028","维修维护项目，投资金额3724.49万元","待审核","IMPORT","1","7/5/2026 16:45:25","17/5/2026 15:18:34"
"168","P2026-00108","配电网技改项目-三期","生产设备技改","3518.28","2","11/3/2026","11/3/2027","11/3/2028","生产设备技改项目，投资金额3518.28万元","待论证","IMPORT","1","20/1/2026 01:08:40","7/2/2026 12:36:24"
"169","P2026-00109","通信系统技改项目-示范段","生产设备大修","4800.81","6","12/5/2026","12/5/2027","12/5/2028","生产设备大修项目，投资金额4800.81万元","草稿","IMPORT","1","23/1/2026 20:57:50","23/2/2026 17:33:31"
"170","P2026-00110","调度中心维护项目-主体段","生产设备大修","4570.8","3","3/4/2026","3/4/2027","3/4/2028","生产设备大修项目，投资金额4570.80万元","待论证","IMPORT","1","25/3/2026 16:25:40","26/4/2026 14:10:17"
"171","P2026-00111","通信系统改造工程-一期","维修维护","4402","10","20/5/2026","20/5/2027","20/5/2028","维修维护项目，投资金额4402.00万元","论证通过","IMPORT","1","15/1/2026 02:13:43","20/1/2026 06:46:44"
"172","P2026-00112","变电站优化项目-二期","维修维护","852.62","8","16/4/2026","16/4/2027","16/4/2028","维修维护项目，投资金额852.62万元","论证通过","MANUAL","1","14/3/2026 01:28:32","22/4/2026 05:27:41"
"173","P2026-00113","储能电站大修工程-二期","生产设备技改","3156.97","4","23/5/2026","23/5/2027","23/5/2028","生产设备技改项目，投资金额3156.97万元","草稿","IMPORT","1","9/5/2026 20:03:32","19/5/2026 16:22:52"
"174","P2026-00114","通信系统升级工程-先行段","科技创新","1161.65","11","16/5/2026","16/5/2027","16/5/2028","科技创新项目，投资金额1161.65万元","已入库","MANUAL","1","29/4/2026 16:56:31","3/5/2026 14:36:38"
"175","P2026-00115","智能电网维护项目-主体段","生产设备技改","4152.21","3","24/2/2026","24/2/2027","24/2/2028","生产设备技改项目，投资金额4152.21万元","论证通过","IMPORT","1","27/1/2026 02:37:54","13/2/2026 05:02:42"
"176","P2026-00116","通信系统大修工程-示范段","电网基建","3798.7","4","7/5/2026","7/5/2027","7/5/2028","电网基建项目，投资金额3798.70万元","草稿","IMPORT","1","4/5/2026 04:42:07","13/5/2026 03:21:35"
"177","P2026-00117","储能电站升级工程-主体段","生产设备大修","2238.23","10","20/5/2026","20/5/2027","20/5/2028","生产设备大修项目，投资金额2238.23万元","论证通过","IMPORT","1","9/3/2026 08:58:56","12/3/2026 10:40:07"
"178","P2026-00118","通信系统扩建工程-先行段","科技创新","1102.42","6","30/1/2026","30/1/2027","30/1/2028","科技创新项目，投资金额1102.42万元","已入库","MANUAL","1","16/1/2026 15:34:25","12/4/2026 00:39:20"
"179","P2026-00119","储能电站大修工程-先行段","设备购置","921.03","1","18/4/2026","18/4/2027","18/4/2028","设备购置项目，投资金额921.03万元","待审核","MANUAL","1","5/2/2026 12:11:07","16/4/2026 11:33:21"
"180","P2026-00120","充电桩新建工程-先行段","维修维护","4529.72","7","29/5/2026","29/5/2027","29/5/2028","维修维护项目，投资金额4529.72万元","待审核","MANUAL","1","16/5/2026 23:49:28","18/5/2026 09:59:02"
"181","P2026-00121","智能电网大修工程-二期","电网基建","455.32","3","17/5/2026","17/5/2027","17/5/2028","电网基建项目，投资金额455.32万元","论证通过","MANUAL","1","16/5/2026 05:51:12","19/5/2026 04:35:58"
"182","P2026-00122","输电线路新建工程-示范段","生产设备大修","3868.56","4","22/5/2026","22/5/2027","22/5/2028","生产设备大修项目，投资金额3868.56万元","已入库","IMPORT","1","21/5/2026 11:03:53","21/5/2026 11:33:14"
"183","P2026-00123","智能电网技改项目-一期","生产设备技改","1842.75","9","10/4/2026","10/4/2027","10/4/2028","生产设备技改项目，投资金额1842.75万元","已入库","MANUAL","1","12/2/2026 16:07:52","19/4/2026 18:34:35"
"184","P2026-00124","储能电站新建工程-二期","科技创新","3115.16","6","17/3/2026","17/3/2027","17/3/2028","科技创新项目，投资金额3115.16万元","草稿","IMPORT","1","18/1/2026 20:53:49","3/3/2026 21:22:43"
"185","P2026-00125","储能电站升级工程-先行段","维修维护","1056.6","10","18/5/2026","18/5/2027","18/5/2028","维修维护项目，投资金额1056.60万元","待审核","IMPORT","1","11/5/2026 13:43:08","21/5/2026 10:50:52"
"186","P2026-00126","智能电网改造工程-主体段","设备购置","4398.27","4","26/1/2026","26/1/2027","26/1/2028","设备购置项目，投资金额4398.27万元","审核通过","MANUAL","1","12/1/2026 20:39:03","21/1/2026 15:41:50"
"187","P2026-00127","储能电站新建工程-主体段","电网基建","1349.15","7","27/5/2026","27/5/2027","27/5/2028","电网基建项目，投资金额1349.15万元","审核通过","MANUAL","1","18/5/2026 08:49:49","18/5/2026 15:49:57"
"188","P2026-00128","输电线路技改项目-一期","设备更新","4559.21","5","30/4/2026","30/4/2027","30/4/2028","设备更新项目，投资金额4559.21万元","已入库","MANUAL","1","25/3/2026 15:53:16","19/4/2026 17:42:49"
"189","P2026-00129","配电网改造工程-主体段","生产设备大修","4579.04","8","27/2/2026","27/2/2027","27/2/2028","生产设备大修项目，投资金额4579.04万元","草稿","MANUAL","1","21/2/2026 22:05:50","23/2/2026 15:59:53"
"190","P2026-00130","通信系统新建工程-主体段","电网基建","3935.76","5","18/3/2026","18/3/2027","18/3/2028","电网基建项目，投资金额3935.76万元","论证通过","IMPORT","1","24/1/2026 05:42:32","1/4/2026 19:59:21"
"191","P2026-00131","输电线路大修工程-先行段","电网基建","1337.57","8","5/5/2026","5/5/2027","5/5/2028","电网基建项目，投资金额1337.57万元","论证通过","IMPORT","1","3/2/2026 12:35:17","27/3/2026 19:37:56"
"192","P2026-00132","通信系统改造工程-先行段","科技创新","1854.66","6","30/5/2026","30/5/2027","30/5/2028","科技创新项目，投资金额1854.66万元","待论证","IMPORT","1","19/5/2026 13:50:46","21/5/2026 09:21:52"
"193","P2026-00133","变电站技改项目-二期","维修维护","114.53","7","23/3/2026","23/3/2027","23/3/2028","维修维护项目，投资金额114.53万元","审核通过","IMPORT","1","5/3/2026 08:02:01","27/4/2026 23:29:13"
"194","P2026-00134","配电网新建工程-二期","电网基建","155.13","3","30/5/2026","30/5/2027","30/5/2028","电网基建项目，投资金额155.13万元","论证通过","MANUAL","1","14/3/2026 17:38:53","20/3/2026 15:11:04"
"195","P2026-00135","充电桩优化项目-一期","设备购置","319.51","1","23/5/2026","23/5/2027","23/5/2028","设备购置项目，投资金额319.51万元","已入库","IMPORT","1","8/4/2026 16:59:42","11/5/2026 06:08:11"
"196","P2026-00136","调度中心优化项目-先行段","维修维护","1338.14","1","30/3/2026","30/3/2027","30/3/2028","维修维护项目，投资金额1338.14万元","草稿","IMPORT","1","3/2/2026 21:15:03","21/3/2026 16:21:29"
"197","P2026-00137","储能电站扩建工程-示范段","生产设备大修","442.13","10","15/5/2026","15/5/2027","15/5/2028","生产设备大修项目，投资金额442.13万元","草稿","MANUAL","1","27/4/2026 16:34:05","11/5/2026 06:42:12"
"198","P2026-00138","通信系统升级工程-先行段","生产设备大修","4835.9","2","15/5/2026","15/5/2027","15/5/2028","生产设备大修项目，投资金额4835.90万元","已入库","IMPORT","1","8/5/2026 09:00:08","15/5/2026 21:22:43"
"199","P2026-00139","充电桩改造工程-示范段","电网基建","2213.94","4","30/5/2026","30/5/2027","30/5/2028","电网基建项目，投资金额2213.94万元","已入库","IMPORT","1","30/5/2026 22:45:26","29/5/2026 00:11:53"
"200","P2026-00140","智能电网升级工程-先行段","生产设备大修","4159.94","10","29/5/2026","29/5/2027","29/5/2028","生产设备大修项目，投资金额4159.94万元","论证通过","IMPORT","1","22/3/2026 22:01:38","22/4/2026 19:24:50"
"201","P2026-00141","通信系统优化项目-示范段","设备购置","305.47","4","18/4/2026","18/4/2027","18/4/2028","设备购置项目，投资金额305.47万元","已入库","MANUAL","1","23/2/2026 21:45:49","24/3/2026 05:29:46"
"202","P2026-00142","输电线路优化项目-三期","设备购置","289.57","10","9/4/2026","9/4/2027","9/4/2028","设备购置项目，投资金额289.57万元","草稿","IMPORT","1","6/3/2026 10:14:35","1/5/2026 08:17:48"
"203","P2026-00143","储能电站维护项目-主体段","维修维护","4368.6","5","7/1/2026","7/1/2027","7/1/2028","维修维护项目，投资金额4368.60万元","待论证","MANUAL","1","2/1/2026 17:44:24","28/3/2026 23:03:11"
"204","P2026-00144","充电桩新建工程-三期","生产设备技改","4853.33","11","30/3/2026","30/3/2027","30/3/2028","生产设备技改项目，投资金额4853.33万元","待审核","MANUAL","1","19/3/2026 05:02:31","4/5/2026 21:44:18"
"205","P2026-00145","智能电网新建工程-示范段","设备购置","1714.73","5","8/4/2026","8/4/2027","8/4/2028","设备购置项目，投资金额1714.73万元","待审核","IMPORT","1","13/3/2026 10:07:24","4/5/2026 07:53:55"
"206","P2026-00146","调度中心维护项目-一期","生产设备大修","3956.77","2","22/1/2026","22/1/2027","22/1/2028","生产设备大修项目，投资金额3956.77万元","已过期","MANUAL","1","11/1/2026 02:15:51","2/5/2026 17:29:13"
"207","P2026-00147","调度中心升级工程-二期","生产设备技改","641.06","11","2/4/2026","2/4/2027","2/4/2028","生产设备技改项目，投资金额641.06万元","论证通过","IMPORT","1","11/2/2026 06:40:52","16/2/2026 22:59:19"
"208","P2026-00148","智能电网扩建工程-三期","电网基建","2254.25","10","14/5/2026","14/5/2027","14/5/2028","电网基建项目，投资金额2254.25万元","待论证","MANUAL","1","12/4/2026 10:19:01","3/5/2026 08:09:33"
"209","P2026-00149","变电站技改项目-三期","维修维护","841.6","10","10/5/2026","10/5/2027","10/5/2028","维修维护项目，投资金额841.60万元","草稿","MANUAL","1","2/5/2026 01:45:22","16/5/2026 11:32:06"
"210","P2026-00150","通信系统优化项目-示范段","电网基建","319.8","11","15/4/2026","15/4/2027","15/4/2028","电网基建项目，投资金额319.80万元","草稿","IMPORT","1","9/4/2026 03:47:55","26/4/2026 19:20:14"
"211","P2026-00151","通信系统优化项目-主体段","生产设备大修","4774.32","6","29/5/2026","29/5/2027","29/5/2028","生产设备大修项目，投资金额4774.32万元","已入库","IMPORT","1","20/5/2026 12:30:21","21/5/2026 10:07:07"
"212","P2026-00152","输电线路维护项目-先行段","生产设备大修","3690.5","4","9/5/2026","9/5/2027","9/5/2028","生产设备大修项目，投资金额3690.50万元","草稿","MANUAL","1","16/3/2026 07:16:05","14/4/2026 08:11:07"
"213","P2026-00153","充电桩维护项目-三期","设备更新","3240.06","11","20/2/2026","20/2/2027","20/2/2028","设备更新项目，投资金额3240.06万元","论证通过","IMPORT","1","29/1/2026 11:33:22","23/4/2026 12:28:12"
"214","P2026-00154","变电站技改项目-一期","生产设备大修","1619.44","10","21/5/2026","21/5/2027","21/5/2028","生产设备大修项目，投资金额1619.44万元","待审核","IMPORT","1","19/5/2026 14:24:00","21/5/2026 02:38:32"
"215","P2026-00155","充电桩改造工程-二期","设备购置","470.67","10","17/5/2026","17/5/2027","17/5/2028","设备购置项目，投资金额470.67万元","待审核","MANUAL","1","17/5/2026 04:01:00","20/5/2026 10:13:25"
"216","P2026-00156","输电线路维护项目-示范段","生产设备大修","1562.72","11","23/3/2026","23/3/2027","23/3/2028","生产设备大修项目，投资金额1562.72万元","审核通过","MANUAL","1","4/3/2026 01:14:34","12/5/2026 20:58:19"
"217","P2026-00157","配电网技改项目-三期","生产设备大修","4566.02","11","18/5/2026","18/5/2027","18/5/2028","生产设备大修项目，投资金额4566.02万元","论证通过","MANUAL","1","12/5/2026 06:23:37","21/5/2026 09:15:03"
"218","P2026-00158","储能电站优化项目-一期","设备更新","4583.08","11","27/4/2026","27/4/2027","27/4/2028","设备更新项目，投资金额4583.08万元","待审核","IMPORT","1","25/2/2026 06:09:06","13/4/2026 03:26:29"
"219","P2026-00159","智能电网维护项目-二期","生产设备技改","2913.05","1","15/5/2026","15/5/2027","15/5/2028","生产设备技改项目，投资金额2913.05万元","已入库","MANUAL","1","7/3/2026 12:15:11","23/4/2026 05:37:50"
"220","P2026-00160","充电桩改造工程-主体段","电网基建","1734.65","6","7/3/2026","7/3/2027","7/3/2028","电网基建项目，投资金额1734.65万元","待审核","MANUAL","1","5/2/2026 00:42:35","29/4/2026 13:17:06"
"221","P2026-00161","智能电网技改项目-一期","维修维护","529.9","6","4/5/2026","4/5/2027","4/5/2028","维修维护项目，投资金额529.90万元","待论证","IMPORT","1","10/4/2026 16:24:51","8/5/2026 22:49:44"
"222","P2026-00162","变电站维护项目-主体段","电网基建","836.25","3","21/5/2026","21/5/2027","21/5/2028","电网基建项目，投资金额836.25万元","待论证","MANUAL","1","26/2/2026 21:11:01","16/3/2026 02:21:30"
"223","P2026-00163","调度中心升级工程-主体段","生产设备技改","2480.06","6","15/5/2026","15/5/2027","15/5/2028","生产设备技改项目，投资金额2480.06万元","待论证","MANUAL","1","15/5/2026 01:45:02","17/5/2026 05:49:50"
"224","P2026-00164","配电网新建工程-一期","设备更新","3418.39","6","15/4/2026","15/4/2027","15/4/2028","设备更新项目，投资金额3418.39万元","待审核","MANUAL","1","4/4/2026 17:04:55","12/5/2026 19:34:30"
"225","P2026-00165","储能电站改造工程-二期","生产设备大修","2418.72","8","5/5/2026","5/5/2027","5/5/2028","生产设备大修项目，投资金额2418.72万元","待审核","IMPORT","1","1/5/2026 18:14:21","11/5/2026 21:04:36"
"226","P2026-00166","储能电站优化项目-一期","电网基建","3611.04","1","26/5/2026","26/5/2027","26/5/2028","电网基建项目，投资金额3611.04万元","待审核","IMPORT","1","8/2/2026 06:34:18","4/4/2026 21:12:33"
"227","P2026-00167","变电站技改项目-一期","设备更新","1505.88","11","8/4/2026","8/4/2027","8/4/2028","设备更新项目，投资金额1505.88万元","草稿","MANUAL","1","8/4/2026 01:48:14","16/4/2026 06:23:08"
"228","P2026-00168","变电站升级工程-示范段","维修维护","2108.38","11","8/3/2026","8/3/2027","8/3/2028","维修维护项目，投资金额2108.38万元","审核通过","MANUAL","1","11/1/2026 14:48:31","20/3/2026 14:39:15"
"229","P2026-00169","通信系统新建工程-示范段","设备更新","2806","1","4/4/2026","4/4/2027","4/4/2028","设备更新项目，投资金额2806.00万元","审核通过","MANUAL","1","25/2/2026 23:43:38","23/3/2026 13:36:06"
"230","P2026-00170","调度中心大修工程-先行段","科技创新","2436.2","8","23/5/2026","23/5/2027","23/5/2028","科技创新项目，投资金额2436.20万元","论证通过","MANUAL","1","26/4/2026 08:09:26","16/5/2026 21:56:57"
"231","P2026-00171","输电线路新建工程-先行段","设备更新","1982.49","4","17/3/2026","17/3/2027","17/3/2028","设备更新项目，投资金额1982.49万元","论证通过","IMPORT","1","1/1/2026 23:55:04","13/3/2026 09:04:40"
"232","P2026-00172","智能电网优化项目-先行段","科技创新","4082.98","7","19/1/2026","19/1/2027","19/1/2028","科技创新项目，投资金额4082.98万元","待审核","MANUAL","1","12/1/2026 08:42:50","7/4/2026 02:47:05"
"233","P2026-00173","调度中心技改项目-一期","电网基建","177.97","11","16/3/2026","16/3/2027","16/3/2028","电网基建项目，投资金额177.97万元","已入库","MANUAL","1","11/3/2026 12:59:21","1/4/2026 02:24:28"
"234","P2026-00174","配电网技改项目-先行段","科技创新","4873.52","11","27/5/2026","27/5/2027","27/5/2028","科技创新项目，投资金额4873.52万元","待论证","IMPORT","1","23/5/2026 16:52:59","22/5/2026 15:41:44"
"235","P2026-00175","配电网改造工程-示范段","科技创新","791.13","9","14/4/2026","14/4/2027","14/4/2028","科技创新项目，投资金额791.13万元","待审核","MANUAL","1","12/4/2026 16:02:25","13/4/2026 04:46:30"
"236","P2026-00176","智能电网大修工程-先行段","科技创新","3293.14","9","1/3/2026","1/3/2027","1/3/2028","科技创新项目，投资金额3293.14万元","待审核","MANUAL","1","26/2/2026 07:54:49","17/3/2026 20:16:01"
"237","P2026-00177","输电线路大修工程-三期","科技创新","1765.8","3","11/4/2026","11/4/2027","11/4/2028","科技创新项目，投资金额1765.80万元","草稿","IMPORT","1","27/3/2026 13:35:56","20/5/2026 20:26:03"
"238","P2026-00178","充电桩技改项目-先行段","电网基建","4466.01","6","12/5/2026","12/5/2027","12/5/2028","电网基建项目，投资金额4466.01万元","论证通过","MANUAL","1","12/2/2026 03:30:04","16/3/2026 23:33:47"
"239","P2026-00179","配电网扩建工程-三期","设备更新","1430.84","5","7/5/2026","7/5/2027","7/5/2028","设备更新项目，投资金额1430.84万元","论证通过","MANUAL","1","25/4/2026 09:08:46","28/4/2026 16:24:41"
"240","P2026-00180","通信系统改造工程-一期","设备更新","4007.18","3","16/5/2026","16/5/2027","16/5/2028","设备更新项目，投资金额4007.18万元","已过期","IMPORT","1","3/5/2026 03:42:37","6/5/2026 10:58:51"
"241","P2026-00181","智能电网维护项目-三期","科技创新","292.64","4","28/5/2026","28/5/2027","28/5/2028","科技创新项目，投资金额292.64万元","待审核","IMPORT","1","13/5/2026 09:23:15","17/5/2026 10:10:54"
"242","P2026-00182","智能电网技改项目-主体段","维修维护","2969.67","2","18/4/2026","18/4/2027","18/4/2028","维修维护项目，投资金额2969.67万元","论证通过","IMPORT","1","29/3/2026 06:38:13","29/3/2026 21:49:50"
"243","P2026-00183","充电桩技改项目-三期","设备更新","3213.13","2","18/5/2026","18/5/2027","18/5/2028","设备更新项目，投资金额3213.13万元","审核通过","MANUAL","1","9/1/2026 00:38:06","4/3/2026 20:31:43"
"244","P2026-00184","通信系统技改项目-一期","生产设备大修","1345.1","11","20/4/2026","20/4/2027","20/4/2028","生产设备大修项目，投资金额1345.10万元","论证通过","IMPORT","1","4/2/2026 19:36:36","12/2/2026 02:49:43"
"245","P2026-00185","调度中心改造工程-一期","生产设备技改","2969.9","11","18/5/2026","18/5/2027","18/5/2028","生产设备技改项目，投资金额2969.90万元","待论证","MANUAL","1","20/1/2026 12:13:56","4/5/2026 07:45:43"
"246","P2026-00186","通信系统改造工程-一期","电网基建","4120.01","6","20/5/2026","20/5/2027","20/5/2028","电网基建项目，投资金额4120.01万元","待论证","MANUAL","1","1/5/2026 15:34:20","17/5/2026 18:29:38"
"247","P2026-00187","通信系统扩建工程-一期","设备更新","3190.29","7","19/5/2026","19/5/2027","19/5/2028","设备更新项目，投资金额3190.29万元","待论证","MANUAL","1","8/4/2026 06:31:01","14/4/2026 11:37:31"
"248","P2026-00188","智能电网技改项目-一期","生产设备技改","884.15","7","12/2/2026","12/2/2027","12/2/2028","生产设备技改项目，投资金额884.15万元","待审核","MANUAL","1","20/1/2026 08:15:51","16/4/2026 15:23:34"
"249","P2026-00189","智能电网大修工程-一期","生产设备大修","3073.57","7","12/5/2026","12/5/2027","12/5/2028","生产设备大修项目，投资金额3073.57万元","待论证","MANUAL","1","8/3/2026 18:58:31","25/3/2026 03:55:48"
"250","P2026-00190","调度中心技改项目-示范段","维修维护","3574.52","7","7/5/2026","7/5/2027","7/5/2028","维修维护项目，投资金额3574.52万元","审核通过","MANUAL","1","30/4/2026 05:05:45","2/5/2026 18:43:22"
"251","P2026-00191","调度中心新建工程-二期","维修维护","4082.75","2","1/5/2026","1/5/2027","1/5/2028","维修维护项目，投资金额4082.75万元","论证通过","MANUAL","1","31/3/2026 21:46:38","14/4/2026 01:08:20"
"252","P2026-00192","配电网改造工程-二期","设备更新","1649.8","11","23/2/2026","23/2/2027","23/2/2028","设备更新项目，投资金额1649.80万元","审核通过","MANUAL","1","8/1/2026 12:41:36","10/4/2026 21:22:11"
"253","P2026-00193","配电网大修工程-一期","生产设备大修","657.56","9","29/3/2026","29/3/2027","29/3/2028","生产设备大修项目，投资金额657.56万元","已入库","MANUAL","1","22/2/2026 23:11:05","2/3/2026 03:35:56"
"254","P2026-00194","充电桩技改项目-先行段","生产设备大修","1499.73","1","27/4/2026","27/4/2027","27/4/2028","生产设备大修项目，投资金额1499.73万元","待审核","MANUAL","1","6/2/2026 13:05:09","29/3/2026 01:34:05"
"255","P2026-00195","配电网升级工程-三期","维修维护","4171.84","5","20/5/2026","20/5/2027","20/5/2028","维修维护项目，投资金额4171.84万元","论证通过","IMPORT","1","9/4/2026 19:57:07","16/4/2026 05:46:37"
"256","P2026-00196","充电桩大修工程-一期","维修维护","2809.15","4","4/3/2026","4/3/2027","4/3/2028","维修维护项目，投资金额2809.15万元","已过期","MANUAL","1","13/1/2026 14:04:59","29/1/2026 06:26:28"
"257","P2026-00197","储能电站扩建工程-主体段","设备更新","3898.03","2","22/5/2026","22/5/2027","22/5/2028","设备更新项目，投资金额3898.03万元","待审核","MANUAL","1","3/5/2026 21:58:30","14/5/2026 22:44:53"
"258","P2026-00198","输电线路扩建工程-二期","生产设备技改","1842.73","11","9/5/2026","9/5/2027","9/5/2028","生产设备技改项目，投资金额1842.73万元","审核通过","MANUAL","1","31/3/2026 14:48:24","5/5/2026 11:40:57"
"259","P2026-00199","输电线路升级工程-主体段","设备购置","1032.01","4","20/5/2026","20/5/2027","20/5/2028","设备购置项目，投资金额1032.01万元","草稿","MANUAL","1","23/2/2026 14:12:22","20/5/2026 16:15:44"
"260","P2026-00200","配电网扩建工程-三期","维修维护","4129.4","1","29/5/2026","29/5/2027","29/5/2028","维修维护项目，投资金额4129.40万元","待审核","IMPORT","1","11/4/2026 13:44:48","5/5/2026 06:49:53"
"261","P2026-00201","变电站扩建工程-三期","维修维护","2212.9","11","21/5/2026","21/5/2027","21/5/2028","维修维护项目，投资金额2212.90万元","待论证","MANUAL","1","20/1/2026 18:09:21","28/1/2026 10:31:15"
"262","P2026-00202","储能电站改造工程-示范段","电网基建","4937.88","3","22/5/2026","22/5/2027","22/5/2028","电网基建项目，投资金额4937.88万元","论证通过","MANUAL","1","3/3/2026 22:22:33","7/5/2026 20:47:33"
"263","P2026-00203","通信系统优化项目-二期","生产设备技改","1708.05","2","3/2/2026","3/2/2027","3/2/2028","生产设备技改项目，投资金额1708.05万元","已入库","IMPORT","1","22/1/2026 02:20:16","16/4/2026 02:57:42"
"264","P2026-00204","变电站优化项目-先行段","生产设备大修","2666.02","4","31/5/2026","31/5/2027","31/5/2028","生产设备大修项目，投资金额2666.02万元","待审核","IMPORT","1","31/5/2026 01:17:39","27/5/2026 11:26:11"
"265","P2026-00205","通信系统改造工程-一期","设备购置","3092.42","3","29/5/2026","29/5/2027","29/5/2028","设备购置项目，投资金额3092.42万元","已入库","MANUAL","1","14/4/2026 03:11:56","29/4/2026 03:02:17"
"266","P2026-00206","通信系统扩建工程-一期","电网基建","3566.57","5","24/3/2026","24/3/2027","24/3/2028","电网基建项目，投资金额3566.57万元","已入库","IMPORT","1","9/3/2026 04:46:06","31/3/2026 14:04:16"
"267","P2026-00207","输电线路技改项目-二期","生产设备大修","4721.46","11","26/1/2026","26/1/2027","26/1/2028","生产设备大修项目，投资金额4721.46万元","审核通过","MANUAL","1","15/1/2026 21:42:07","25/1/2026 11:36:06"
"268","P2026-00208","输电线路优化项目-主体段","生产设备技改","2595.11","10","29/5/2026","29/5/2027","29/5/2028","生产设备技改项目，投资金额2595.11万元","待论证","IMPORT","1","21/5/2026 11:02:31","21/5/2026 11:09:22"
"269","P2026-00209","通信系统大修工程-一期","维修维护","4745.7","10","28/5/2026","28/5/2027","28/5/2028","维修维护项目，投资金额4745.70万元","草稿","IMPORT","1","19/5/2026 11:01:07","20/5/2026 11:39:57"
"270","P2026-00210","智能电网扩建工程-一期","生产设备大修","4606.59","10","30/5/2026","30/5/2027","30/5/2028","生产设备大修项目，投资金额4606.59万元","待论证","MANUAL","1","18/5/2026 19:13:48","20/5/2026 18:36:46"
"271","P2026-00211","充电桩维护项目-示范段","生产设备大修","296.21","11","12/4/2026","12/4/2027","12/4/2028","生产设备大修项目，投资金额296.21万元","已过期","IMPORT","1","9/4/2026 17:01:35","13/5/2026 09:43:52"
"272","P2026-00212","输电线路维护项目-示范段","生产设备大修","4406.62","3","13/3/2026","13/3/2027","13/3/2028","生产设备大修项目，投资金额4406.62万元","草稿","IMPORT","1","10/2/2026 12:32:25","24/3/2026 06:30:51"
"273","P2026-00213","调度中心改造工程-一期","设备更新","3047.96","2","28/4/2026","28/4/2027","28/4/2028","设备更新项目，投资金额3047.96万元","草稿","MANUAL","1","7/3/2026 05:24:02","4/4/2026 22:47:44"
"274","P2026-00214","输电线路大修工程-三期","设备更新","4611.67","8","10/4/2026","10/4/2027","10/4/2028","设备更新项目，投资金额4611.67万元","待论证","MANUAL","1","28/3/2026 12:22:05","18/4/2026 09:03:16"
"275","P2026-00215","输电线路维护项目-三期","生产设备大修","118.15","7","5/3/2026","5/3/2027","5/3/2028","生产设备大修项目，投资金额118.15万元","待论证","IMPORT","1","3/1/2026 14:42:22","16/1/2026 11:20:32"
"276","P2026-00216","调度中心扩建工程-三期","设备购置","1892.07","8","1/3/2026","1/3/2027","1/3/2028","设备购置项目，投资金额1892.07万元","待论证","IMPORT","1","12/2/2026 10:16:01","4/3/2026 05:15:03"
"277","P2026-00217","配电网技改项目-三期","电网基建","2564.72","5","23/4/2026","23/4/2027","23/4/2028","电网基建项目，投资金额2564.72万元","待论证","MANUAL","1","25/2/2026 07:35:45","12/4/2026 11:09:58"
"278","P2026-00218","充电桩维护项目-一期","生产设备技改","4464.31","4","29/1/2026","29/1/2027","29/1/2028","生产设备技改项目，投资金额4464.31万元","已入库","IMPORT","1","2/1/2026 18:18:00","5/3/2026 06:24:22"
"279","P2026-00219","输电线路扩建工程-主体段","电网基建","1548.15","8","11/4/2026","11/4/2027","11/4/2028","电网基建项目，投资金额1548.15万元","已入库","IMPORT","1","28/2/2026 12:54:25","10/3/2026 19:11:59"
"280","P2026-00220","充电桩改造工程-三期","生产设备技改","1098.6","10","2/5/2026","2/5/2027","2/5/2028","生产设备技改项目，投资金额1098.60万元","待审核","MANUAL","1","21/4/2026 02:15:54","23/4/2026 23:11:49"
"281","P2026-00221","配电网改造工程-二期","生产设备大修","2846.88","9","30/5/2026","30/5/2027","30/5/2028","生产设备大修项目，投资金额2846.88万元","待论证","IMPORT","1","28/5/2026 13:43:33","27/5/2026 06:16:38"
"282","P2026-00222","通信系统改造工程-先行段","科技创新","804.72","3","21/5/2026","21/5/2027","21/5/2028","科技创新项目，投资金额804.72万元","已入库","IMPORT","1","5/4/2026 16:22:26","30/4/2026 13:01:21"
"283","P2026-00223","配电网技改项目-三期","设备购置","3992.93","10","2/4/2026","2/4/2027","2/4/2028","设备购置项目，投资金额3992.93万元","论证通过","IMPORT","1","14/2/2026 23:19:22","12/3/2026 12:47:26"
"284","P2026-00224","调度中心大修工程-示范段","科技创新","3877.48","2","26/5/2026","26/5/2027","26/5/2028","科技创新项目，投资金额3877.48万元","待审核","IMPORT","1","23/5/2026 12:16:30","23/5/2026 10:03:07"
"285","P2026-00225","输电线路大修工程-先行段","生产设备大修","4726.83","11","30/3/2026","30/3/2027","30/3/2028","生产设备大修项目，投资金额4726.83万元","论证通过","MANUAL","1","14/1/2026 07:14:01","16/5/2026 21:15:17"
"286","P2026-00226","变电站扩建工程-一期","生产设备大修","3914.07","3","13/4/2026","13/4/2027","13/4/2028","生产设备大修项目，投资金额3914.07万元","待论证","MANUAL","1","12/4/2026 22:13:56","13/4/2026 07:02:09"
"287","P2026-00227","输电线路新建工程-三期","设备更新","3240.17","1","22/5/2026","22/5/2027","22/5/2028","设备更新项目，投资金额3240.17万元","论证通过","MANUAL","1","22/5/2026 21:26:54","21/5/2026 19:35:24"
"288","P2026-00228","变电站维护项目-一期","设备购置","3977.49","9","29/3/2026","29/3/2027","29/3/2028","设备购置项目，投资金额3977.49万元","待审核","MANUAL","1","20/3/2026 13:12:18","5/5/2026 07:47:22"
"289","P2026-00229","输电线路技改项目-示范段","维修维护","449.24","7","23/3/2026","23/3/2027","23/3/2028","维修维护项目，投资金额449.24万元","草稿","IMPORT","1","14/1/2026 00:23:18","2/2/2026 09:54:13"
"290","P2026-00230","充电桩技改项目-先行段","生产设备大修","3844.6","5","2/3/2026","2/3/2027","2/3/2028","生产设备大修项目，投资金额3844.60万元","待论证","MANUAL","1","27/2/2026 12:33:15","7/5/2026 19:56:26"
"291","P2026-00231","调度中心新建工程-先行段","生产设备大修","1036.87","11","19/4/2026","19/4/2027","19/4/2028","生产设备大修项目，投资金额1036.87万元","审核通过","MANUAL","1","17/1/2026 23:22:59","2/4/2026 19:39:24"
"292","P2026-00232","储能电站大修工程-先行段","设备购置","1400.4","10","29/5/2026","29/5/2027","29/5/2028","设备购置项目，投资金额1400.40万元","待审核","IMPORT","1","13/2/2026 00:51:53","1/3/2026 09:39:25"
"293","P2026-00233","充电桩技改项目-示范段","生产设备技改","1459.14","7","29/5/2026","29/5/2027","29/5/2028","生产设备技改项目，投资金额1459.14万元","论证通过","IMPORT","1","8/5/2026 16:59:37","15/5/2026 00:53:19"
"294","P2026-00234","配电网优化项目-主体段","电网基建","3358.62","4","11/5/2026","11/5/2027","11/5/2028","电网基建项目，投资金额3358.62万元","待论证","MANUAL","1","9/4/2026 16:40:17","1/5/2026 07:42:22"
"295","P2026-00235","调度中心大修工程-先行段","维修维护","2691.31","7","30/5/2026","30/5/2027","30/5/2028","维修维护项目，投资金额2691.31万元","草稿","MANUAL","1","19/5/2026 21:46:51","20/5/2026 18:27:13"
"296","P2026-00236","智能电网技改项目-一期","设备购置","2185.07","3","15/5/2026","15/5/2027","15/5/2028","设备购置项目，投资金额2185.07万元","待审核","IMPORT","1","7/5/2026 02:45:37","12/5/2026 09:55:00"
"297","P2026-00237","通信系统技改项目-示范段","设备购置","215.63","9","10/4/2026","10/4/2027","10/4/2028","设备购置项目，投资金额215.63万元","论证通过","IMPORT","1","4/3/2026 16:02:48","30/4/2026 20:49:17"
"298","P2026-00238","配电网维护项目-先行段","设备购置","1024.65","7","19/4/2026","19/4/2027","19/4/2028","设备购置项目，投资金额1024.65万元","待审核","IMPORT","1","20/1/2026 22:55:24","29/4/2026 07:16:23"
"299","P2026-00239","储能电站维护项目-主体段","电网基建","4384.11","5","29/4/2026","29/4/2027","29/4/2028","电网基建项目，投资金额4384.11万元","待审核","IMPORT","1","22/1/2026 22:00:07","20/2/2026 06:08:11"
"300","P2026-00240","调度中心扩建工程-先行段","科技创新","2884.31","5","24/4/2026","24/4/2027","24/4/2028","科技创新项目，投资金额2884.31万元","已入库","IMPORT","1","28/2/2026 07:46:08","14/4/2026 19:16:31"
"301","P2026-00241","智能电网升级工程-示范段","生产设备技改","841.8","8","26/4/2026","26/4/2027","26/4/2028","生产设备技改项目，投资金额841.80万元","已过期","IMPORT","1","20/2/2026 11:03:34","22/3/2026 06:05:57"
"302","P2026-00242","输电线路大修工程-一期","设备购置","4408.44","1","11/3/2026","11/3/2027","11/3/2028","设备购置项目，投资金额4408.44万元","已入库","IMPORT","1","18/2/2026 00:29:39","17/4/2026 11:21:12"
"303","P2026-00243","变电站维护项目-主体段","维修维护","3820.47","4","25/5/2026","25/5/2027","25/5/2028","维修维护项目，投资金额3820.47万元","审核通过","IMPORT","1","17/5/2026 18:18:57","18/5/2026 17:24:08"
"304","P2026-00244","智能电网大修工程-示范段","设备更新","262.85","9","28/4/2026","28/4/2027","28/4/2028","设备更新项目，投资金额262.85万元","待论证","IMPORT","1","3/3/2026 07:20:34","3/5/2026 06:56:22"
"305","P2026-00245","变电站扩建工程-主体段","设备更新","3856.6","1","14/5/2026","14/5/2027","14/5/2028","设备更新项目，投资金额3856.60万元","待论证","MANUAL","1","7/3/2026 05:09:54","23/3/2026 19:48:15"
"306","P2026-00246","储能电站技改项目-主体段","设备购置","3486.02","9","15/5/2026","15/5/2027","15/5/2028","设备购置项目，投资金额3486.02万元","已过期","MANUAL","1","22/3/2026 06:24:56","19/4/2026 19:37:25"
"307","P2026-00247","通信系统扩建工程-二期","电网基建","4740.3","11","13/5/2026","13/5/2027","13/5/2028","电网基建项目，投资金额4740.30万元","已入库","MANUAL","1","2/5/2026 04:19:14","20/5/2026 17:03:50"
"308","P2026-00248","储能电站升级工程-主体段","维修维护","4039.3","10","27/1/2026","27/1/2027","27/1/2028","维修维护项目，投资金额4039.30万元","草稿","MANUAL","1","16/1/2026 18:27:03","6/5/2026 12:13:06"
"309","P2026-00249","输电线路扩建工程-二期","设备更新","4752.9","6","21/5/2026","21/5/2027","21/5/2028","设备更新项目，投资金额4752.90万元","草稿","IMPORT","1","17/5/2026 15:28:22","18/5/2026 10:44:18"
"310","P2026-00250","变电站升级工程-主体段","维修维护","4062.83","4","28/1/2026","28/1/2027","28/1/2028","维修维护项目，投资金额4062.83万元","草稿","MANUAL","1","4/1/2026 03:13:26","30/4/2026 09:42:01"
"311","P2026-00251","配电网新建工程-三期","维修维护","3903.6","3","27/1/2026","27/1/2027","27/1/2028","维修维护项目，投资金额3903.60万元","审核通过","IMPORT","1","5/1/2026 17:06:04","7/3/2026 18:12:11"
"312","P2026-00252","输电线路优化项目-三期","电网基建","2101.59","4","26/5/2026","26/5/2027","26/5/2028","电网基建项目，投资金额2101.59万元","审核通过","MANUAL","1","26/4/2026 11:50:38","7/5/2026 08:08:39"
"313","P2026-00253","配电网维护项目-示范段","维修维护","2000.53","11","24/2/2026","24/2/2027","24/2/2028","维修维护项目，投资金额2000.53万元","已入库","MANUAL","1","6/2/2026 15:28:02","17/3/2026 21:41:25"
"314","P2026-00254","调度中心改造工程-二期","生产设备技改","501.74","7","15/2/2026","15/2/2027","15/2/2028","生产设备技改项目，投资金额501.74万元","审核通过","IMPORT","1","16/1/2026 04:03:33","29/1/2026 07:55:43"
"315","P2026-00255","智能电网改造工程-示范段","维修维护","771.61","7","10/5/2026","10/5/2027","10/5/2028","维修维护项目，投资金额771.61万元","已入库","MANUAL","1","27/3/2026 10:31:18","22/4/2026 16:02:23"
"316","P2026-00256","输电线路维护项目-二期","设备更新","3285.04","1","13/5/2026","13/5/2027","13/5/2028","设备更新项目，投资金额3285.04万元","审核通过","IMPORT","1","13/5/2026 13:57:20","14/5/2026 15:57:43"
"317","P2026-00257","调度中心技改项目-先行段","生产设备技改","1667.83","5","13/5/2026","13/5/2027","13/5/2028","生产设备技改项目，投资金额1667.83万元","草稿","IMPORT","1","30/4/2026 14:00:15","16/5/2026 12:54:06"
"318","P2026-00258","充电桩扩建工程-先行段","维修维护","2467.66","6","30/4/2026","30/4/2027","30/4/2028","维修维护项目，投资金额2467.66万元","待审核","MANUAL","1","14/2/2026 23:57:38","24/4/2026 19:45:09"
"319","P2026-00259","通信系统升级工程-三期","科技创新","1112.6","9","28/4/2026","28/4/2027","28/4/2028","科技创新项目，投资金额1112.60万元","草稿","IMPORT","1","31/3/2026 16:28:38","13/4/2026 09:13:32"
"320","P2026-00260","输电线路维护项目-先行段","设备更新","2029.09","10","30/4/2026","30/4/2027","30/4/2028","设备更新项目，投资金额2029.09万元","草稿","MANUAL","1","22/3/2026 20:36:34","17/4/2026 17:54:57"
"321","P2026-00261","储能电站大修工程-二期","设备更新","3206.31","2","17/5/2026","17/5/2027","17/5/2028","设备更新项目，投资金额3206.31万元","审核通过","IMPORT","1","24/4/2026 16:54:01","15/5/2026 13:15:44"
"322","P2026-00262","通信系统改造工程-二期","科技创新","3414.95","4","23/5/2026","23/5/2027","23/5/2028","科技创新项目，投资金额3414.95万元","待审核","IMPORT","1","22/5/2026 20:19:23","21/5/2026 12:15:26"
"323","P2026-00263","储能电站改造工程-先行段","生产设备技改","2790.39","6","13/4/2026","13/4/2027","13/4/2028","生产设备技改项目，投资金额2790.39万元","论证通过","IMPORT","1","8/1/2026 16:46:00","16/5/2026 19:39:46"
"324","P2026-00264","配电网维护项目-主体段","生产设备大修","3930.59","10","31/5/2026","31/5/2027","31/5/2028","生产设备大修项目，投资金额3930.59万元","待审核","IMPORT","1","31/5/2026 21:20:43","30/5/2026 04:18:39"
"325","P2026-00265","变电站技改项目-一期","维修维护","3214.35","3","23/4/2026","23/4/2027","23/4/2028","维修维护项目，投资金额3214.35万元","论证通过","IMPORT","1","28/1/2026 19:17:50","3/2/2026 08:06:26"
"326","P2026-00266","输电线路改造工程-三期","设备更新","1215.27","5","30/4/2026","30/4/2027","30/4/2028","设备更新项目，投资金额1215.27万元","已入库","MANUAL","1","19/4/2026 21:17:52","28/4/2026 22:06:40"
"327","P2026-00267","充电桩大修工程-先行段","科技创新","1204.37","8","26/5/2026","26/5/2027","26/5/2028","科技创新项目，投资金额1204.37万元","论证通过","MANUAL","1","5/2/2026 20:40:26","2/4/2026 17:29:48"
"328","P2026-00268","充电桩技改项目-先行段","设备更新","3681.83","3","25/5/2026","25/5/2027","25/5/2028","设备更新项目，投资金额3681.83万元","待论证","IMPORT","1","24/5/2026 02:09:43","23/5/2026 12:59:05"
"329","P2026-00269","变电站大修工程-三期","科技创新","3361.31","11","7/2/2026","7/2/2027","7/2/2028","科技创新项目，投资金额3361.31万元","草稿","IMPORT","1","16/1/2026 21:04:20","19/3/2026 17:51:20"
"330","P2026-00270","智能电网改造工程-先行段","电网基建","4501.92","3","7/5/2026","7/5/2027","7/5/2028","电网基建项目，投资金额4501.92万元","待审核","MANUAL","1","29/3/2026 16:51:49","13/4/2026 04:10:14"
"331","P2026-00271","调度中心维护项目-一期","维修维护","4182.29","10","8/5/2026","8/5/2027","8/5/2028","维修维护项目，投资金额4182.29万元","待论证","IMPORT","1","1/1/2026 10:10:08","25/1/2026 11:53:19"
"332","P2026-00272","输电线路新建工程-一期","设备购置","4479.55","11","16/4/2026","16/4/2027","16/4/2028","设备购置项目，投资金额4479.55万元","待论证","IMPORT","1","25/2/2026 23:42:05","28/4/2026 12:33:50"
"333","P2026-00273","充电桩技改项目-三期","维修维护","1865.19","7","27/5/2026","27/5/2027","27/5/2028","维修维护项目，投资金额1865.19万元","已过期","MANUAL","1","20/5/2026 14:32:04","21/5/2026 09:39:31"
"334","P2026-00274","变电站升级工程-主体段","维修维护","3788.26","5","6/5/2026","6/5/2027","6/5/2028","维修维护项目，投资金额3788.26万元","论证通过","IMPORT","1","18/4/2026 14:30:06","5/5/2026 12:39:26"
"335","P2026-00275","通信系统改造工程-二期","科技创新","4082.9","7","17/2/2026","17/2/2027","17/2/2028","科技创新项目，投资金额4082.90万元","待审核","MANUAL","1","17/1/2026 18:00:22","25/2/2026 14:37:51"
"336","P2026-00276","储能电站扩建工程-主体段","设备更新","4084.39","10","29/5/2026","29/5/2027","29/5/2028","设备更新项目，投资金额4084.39万元","待审核","IMPORT","1","23/5/2026 10:05:19","21/5/2026 15:22:53"
"337","P2026-00277","配电网新建工程-二期","电网基建","153.33","5","8/5/2026","8/5/2027","8/5/2028","电网基建项目，投资金额153.33万元","论证通过","MANUAL","1","6/4/2026 01:29:36","7/5/2026 17:58:29"
"338","P2026-00278","通信系统改造工程-三期","设备更新","3403.5","9","21/5/2026","21/5/2027","21/5/2028","设备更新项目，投资金额3403.50万元","草稿","MANUAL","1","26/4/2026 01:05:35","6/5/2026 05:47:10"
"339","P2026-00279","充电桩维护项目-主体段","设备更新","3501.29","2","10/2/2026","10/2/2027","10/2/2028","设备更新项目，投资金额3501.29万元","待审核","IMPORT","1","30/1/2026 04:51:41","14/2/2026 07:11:01"
"340","P2026-00280","变电站改造工程-二期","设备购置","774.39","8","26/5/2026","26/5/2027","26/5/2028","设备购置项目，投资金额774.39万元","草稿","IMPORT","1","25/5/2026 11:50:46","23/5/2026 01:25:01"
"341","P2026-00281","配电网新建工程-主体段","设备更新","4541.35","1","18/5/2026","18/5/2027","18/5/2028","设备更新项目，投资金额4541.35万元","审核通过","IMPORT","1","2/4/2026 17:01:44","7/5/2026 22:35:36"
"342","P2026-00282","变电站改造工程-示范段","设备更新","2353.43","6","20/5/2026","20/5/2027","20/5/2028","设备更新项目，投资金额2353.43万元","已入库","IMPORT","1","6/1/2026 13:39:35","7/1/2026 12:37:03"
"343","P2026-00283","变电站维护项目-一期","生产设备技改","2139.03","9","11/5/2026","11/5/2027","11/5/2028","生产设备技改项目，投资金额2139.03万元","草稿","IMPORT","1","13/4/2026 22:38:21","3/5/2026 18:07:16"
"344","P2026-00284","充电桩大修工程-主体段","电网基建","1460.11","5","19/3/2026","19/3/2027","19/3/2028","电网基建项目，投资金额1460.11万元","审核通过","IMPORT","1","25/1/2026 19:58:04","3/4/2026 07:00:09"
"345","P2026-00285","配电网改造工程-三期","设备购置","725.64","5","18/4/2026","18/4/2027","18/4/2028","设备购置项目，投资金额725.64万元","待论证","MANUAL","1","6/1/2026 15:50:25","28/1/2026 17:45:22"
"346","P2026-00286","充电桩改造工程-二期","生产设备技改","2780.58","1","5/3/2026","5/3/2027","5/3/2028","生产设备技改项目，投资金额2780.58万元","待审核","MANUAL","1","5/3/2026 23:29:57","25/4/2026 01:49:37"
"347","P2026-00287","调度中心扩建工程-二期","设备更新","2975","11","3/5/2026","3/5/2027","3/5/2028","设备更新项目，投资金额2975.00万元","已过期","IMPORT","1","2/2/2026 18:00:06","17/4/2026 08:10:39"
"348","P2026-00288","储能电站大修工程-三期","设备更新","1992.62","7","11/4/2026","11/4/2027","11/4/2028","设备更新项目，投资金额1992.62万元","论证通过","IMPORT","1","20/3/2026 04:04:14","30/3/2026 22:39:24"
"349","P2026-00289","变电站新建工程-二期","生产设备大修","1854.12","9","12/4/2026","12/4/2027","12/4/2028","生产设备大修项目，投资金额1854.12万元","待论证","IMPORT","1","15/1/2026 21:56:38","5/3/2026 13:26:05"
"350","P2026-00290","储能电站新建工程-主体段","生产设备大修","4599.7","9","16/5/2026","16/5/2027","16/5/2028","生产设备大修项目，投资金额4599.70万元","待论证","MANUAL","1","29/4/2026 06:21:37","7/5/2026 16:21:03"
"351","P2026-00291","通信系统技改项目-一期","生产设备大修","4834.77","9","5/5/2026","5/5/2027","5/5/2028","生产设备大修项目，投资金额4834.77万元","已入库","MANUAL","1","14/1/2026 15:24:58","16/1/2026 19:01:31"
"352","P2026-00292","调度中心优化项目-三期","维修维护","3436.54","6","13/4/2026","13/4/2027","13/4/2028","维修维护项目，投资金额3436.54万元","草稿","MANUAL","1","11/1/2026 13:02:03","27/3/2026 03:22:35"
"353","P2026-00293","配电网维护项目-二期","维修维护","2749.85","10","28/5/2026","28/5/2027","28/5/2028","维修维护项目，投资金额2749.85万元","草稿","IMPORT","1","7/5/2026 14:14:40","8/5/2026 18:32:12"
"354","P2026-00294","通信系统大修工程-三期","设备购置","4010.13","9","7/3/2026","7/3/2027","7/3/2028","设备购置项目，投资金额4010.13万元","待审核","MANUAL","1","29/1/2026 19:58:08","4/4/2026 03:47:04"
"355","P2026-00295","输电线路维护项目-二期","维修维护","158.32","10","10/5/2026","10/5/2027","10/5/2028","维修维护项目，投资金额158.32万元","待论证","MANUAL","1","23/1/2026 06:39:59","10/4/2026 19:34:41"
"356","P2026-00296","储能电站升级工程-示范段","电网基建","2564.47","2","28/2/2026","28/2/2027","28/2/2028","电网基建项目，投资金额2564.47万元","论证通过","IMPORT","1","25/1/2026 08:37:35","30/3/2026 12:05:12"
"357","P2026-00297","智能电网大修工程-二期","维修维护","3984.51","9","21/3/2026","21/3/2027","21/3/2028","维修维护项目，投资金额3984.51万元","已入库","MANUAL","1","6/3/2026 01:31:19","28/3/2026 08:18:21"
"358","P2026-00298","配电网改造工程-二期","电网基建","4805.25","4","23/5/2026","23/5/2027","23/5/2028","电网基建项目，投资金额4805.25万元","草稿","IMPORT","1","19/5/2026 20:25:53","19/5/2026 21:32:19"
"359","P2026-00299","变电站优化项目-二期","生产设备大修","3749.16","1","10/3/2026","10/3/2027","10/3/2028","生产设备大修项目，投资金额3749.16万元","已入库","MANUAL","1","26/1/2026 05:46:18","25/4/2026 01:18:18"
"360","P2026-00300","配电网新建工程-示范段","电网基建","3844.34","8","8/4/2026","8/4/2027","8/4/2028","电网基建项目，投资金额3844.34万元","待审核","MANUAL","1","11/1/2026 20:29:29","2/2/2026 14:41:32"
"361","P2026-00301","储能电站大修工程-二期","设备更新","867.19","4","26/5/2026","26/5/2027","26/5/2028","设备更新项目，投资金额867.19万元","已过期","IMPORT","1","24/5/2026 06:25:14","22/5/2026 11:36:08"
"362","P2026-00302","输电线路优化项目-一期","电网基建","4157.94","4","28/2/2026","28/2/2027","28/2/2028","电网基建项目，投资金额4157.94万元","论证通过","IMPORT","1","3/2/2026 18:08:47","19/5/2026 03:30:15"
"363","P2026-00303","储能电站扩建工程-一期","电网基建","2688.49","10","30/3/2026","30/3/2027","30/3/2028","电网基建项目，投资金额2688.49万元","已入库","IMPORT","1","18/3/2026 02:56:33","21/4/2026 14:58:01"
"364","P2026-00304","通信系统维护项目-三期","设备购置","3544.94","2","20/1/2026","20/1/2027","20/1/2028","设备购置项目，投资金额3544.94万元","待论证","MANUAL","1","7/1/2026 17:32:39","13/1/2026 21:24:52"
"365","P2026-00305","智能电网维护项目-一期","设备更新","2892.82","8","28/5/2026","28/5/2027","28/5/2028","设备更新项目，投资金额2892.82万元","待审核","MANUAL","1","1/5/2026 07:08:54","18/5/2026 18:11:47"
"366","P2026-00306","调度中心技改项目-二期","设备更新","467.67","3","29/5/2026","29/5/2027","29/5/2028","设备更新项目，投资金额467.67万元","草稿","MANUAL","1","29/4/2026 23:48:52","18/5/2026 14:31:30"
"367","P2026-00307","充电桩维护项目-主体段","电网基建","3882.25","10","30/5/2026","30/5/2027","30/5/2028","电网基建项目，投资金额3882.25万元","待审核","MANUAL","1","20/5/2026 01:23:17","21/5/2026 03:07:00"
"368","P2026-00308","充电桩新建工程-先行段","生产设备大修","4931.99","1","23/5/2026","23/5/2027","23/5/2028","生产设备大修项目，投资金额4931.99万元","草稿","IMPORT","1","15/4/2026 00:59:19","21/4/2026 16:03:16"
"369","P2026-00309","输电线路优化项目-一期","科技创新","3675.71","7","26/5/2026","26/5/2027","26/5/2028","科技创新项目，投资金额3675.71万元","草稿","MANUAL","1","23/5/2026 09:48:39","22/5/2026 21:45:18"
"370","P2026-00310","储能电站扩建工程-主体段","设备更新","1152.54","6","23/4/2026","23/4/2027","23/4/2028","设备更新项目，投资金额1152.54万元","审核通过","IMPORT","1","11/1/2026 10:31:45","19/5/2026 20:30:21"
"371","P2026-00311","智能电网改造工程-先行段","设备购置","4899.12","8","25/3/2026","25/3/2027","25/3/2028","设备购置项目，投资金额4899.12万元","已入库","MANUAL","1","18/3/2026 09:33:08","8/4/2026 03:04:29"
"372","P2026-00312","智能电网升级工程-示范段","生产设备技改","1247.99","3","18/4/2026","18/4/2027","18/4/2028","生产设备技改项目，投资金额1247.99万元","审核通过","MANUAL","1","13/4/2026 14:34:55","29/4/2026 23:28:45"
"373","P2026-00313","智能电网改造工程-三期","电网基建","1522.44","8","7/4/2026","7/4/2027","7/4/2028","电网基建项目，投资金额1522.44万元","待审核","IMPORT","1","6/2/2026 01:53:36","24/3/2026 22:23:28"
"374","P2026-00314","配电网改造工程-主体段","科技创新","4191.54","2","30/5/2026","30/5/2027","30/5/2028","科技创新项目，投资金额4191.54万元","待审核","MANUAL","1","30/5/2026 23:59:40","22/5/2026 09:34:22"
"375","P2026-00315","智能电网改造工程-示范段","设备购置","3185.1","4","30/5/2026","30/5/2027","30/5/2028","设备购置项目，投资金额3185.10万元","已过期","MANUAL","1","13/5/2026 20:11:06","17/5/2026 19:48:08"
"376","P2026-00316","变电站改造工程-先行段","科技创新","3875.48","6","5/5/2026","5/5/2027","5/5/2028","科技创新项目，投资金额3875.48万元","草稿","MANUAL","1","7/4/2026 10:08:17","11/4/2026 08:13:41"
"377","P2026-00317","充电桩维护项目-主体段","维修维护","2686.6","1","22/5/2026","22/5/2027","22/5/2028","维修维护项目，投资金额2686.60万元","草稿","IMPORT","1","1/5/2026 14:24:11","2/5/2026 01:07:27"
"378","P2026-00318","变电站新建工程-一期","科技创新","2385.94","9","13/5/2026","13/5/2027","13/5/2028","科技创新项目，投资金额2385.94万元","草稿","MANUAL","1","13/4/2026 06:54:57","19/5/2026 00:25:05"
"379","P2026-00319","储能电站改造工程-先行段","设备购置","535.25","5","8/5/2026","8/5/2027","8/5/2028","设备购置项目，投资金额535.25万元","草稿","MANUAL","1","3/3/2026 02:27:01","5/5/2026 01:03:25"
"380","P2026-00320","变电站扩建工程-三期","生产设备大修","4950.31","9","30/5/2026","30/5/2027","30/5/2028","生产设备大修项目，投资金额4950.31万元","已过期","MANUAL","1","19/5/2026 08:51:05","20/5/2026 22:52:42"
"381","P2026-00321","智能电网优化项目-三期","科技创新","1076.95","7","19/5/2026","19/5/2027","19/5/2028","科技创新项目，投资金额1076.95万元","论证通过","MANUAL","1","18/5/2026 18:50:54","21/5/2026 10:14:04"
"382","P2026-00322","配电网大修工程-示范段","生产设备技改","3991.57","8","23/3/2026","23/3/2027","23/3/2028","生产设备技改项目，投资金额3991.57万元","待论证","MANUAL","1","5/3/2026 20:23:28","13/3/2026 05:20:37"
"383","P2026-00323","储能电站维护项目-三期","维修维护","4368.38","8","11/3/2026","11/3/2027","11/3/2028","维修维护项目，投资金额4368.38万元","草稿","IMPORT","1","13/2/2026 04:52:43","26/3/2026 04:47:34"
"384","P2026-00324","输电线路维护项目-先行段","维修维护","1190.93","2","28/3/2026","28/3/2027","28/3/2028","维修维护项目，投资金额1190.93万元","待论证","MANUAL","1","24/1/2026 23:39:01","12/3/2026 02:36:55"
"385","P2026-00325","调度中心新建工程-一期","设备更新","1249.18","1","23/5/2026","23/5/2027","23/5/2028","设备更新项目，投资金额1249.18万元","草稿","IMPORT","1","21/1/2026 06:26:24","11/4/2026 15:03:16"
"386","P2026-00326","调度中心改造工程-主体段","生产设备大修","525.46","9","8/5/2026","8/5/2027","8/5/2028","生产设备大修项目，投资金额525.46万元","待论证","MANUAL","1","19/2/2026 11:14:41","23/3/2026 14:20:14"
"387","P2026-00327","变电站技改项目-一期","生产设备技改","3499.96","2","24/4/2026","24/4/2027","24/4/2028","生产设备技改项目，投资金额3499.96万元","待论证","IMPORT","1","14/4/2026 20:11:37","16/5/2026 04:30:09"
"388","P2026-00328","通信系统维护项目-三期","生产设备技改","3791.53","3","28/2/2026","28/2/2027","28/2/2028","生产设备技改项目，投资金额3791.53万元","审核通过","IMPORT","1","26/1/2026 13:08:03","31/3/2026 09:29:11"
"389","P2026-00329","通信系统大修工程-一期","科技创新","4509.31","8","22/3/2026","22/3/2027","22/3/2028","科技创新项目，投资金额4509.31万元","待审核","IMPORT","1","31/1/2026 01:10:47","16/3/2026 16:23:49"
"390","P2026-00330","配电网优化项目-主体段","生产设备大修","2199.02","5","18/5/2026","18/5/2027","18/5/2028","生产设备大修项目，投资金额2199.02万元","草稿","MANUAL","1","13/5/2026 10:54:15","16/5/2026 13:34:00"
"391","P2026-00331","通信系统优化项目-一期","生产设备技改","2825.78","4","21/4/2026","21/4/2027","21/4/2028","生产设备技改项目，投资金额2825.78万元","已入库","IMPORT","1","15/4/2026 12:31:44","15/5/2026 19:07:19"
"392","P2026-00332","智能电网升级工程-一期","生产设备大修","4440.76","5","15/5/2026","15/5/2027","15/5/2028","生产设备大修项目，投资金额4440.76万元","草稿","IMPORT","1","30/4/2026 01:07:12","16/5/2026 15:01:22"
"393","P2026-00333","充电桩扩建工程-主体段","设备更新","133.25","8","14/4/2026","14/4/2027","14/4/2028","设备更新项目，投资金额133.25万元","待论证","MANUAL","1","5/4/2026 14:27:46","15/4/2026 05:05:32"
"394","P2026-00334","配电网升级工程-一期","生产设备技改","529.05","6","24/5/2026","24/5/2027","24/5/2028","生产设备技改项目，投资金额529.05万元","待审核","MANUAL","1","21/3/2026 15:47:44","20/4/2026 21:53:17"
"395","P2026-00335","智能电网大修工程-先行段","科技创新","830.06","6","19/5/2026","19/5/2027","19/5/2028","科技创新项目，投资金额830.06万元","待论证","IMPORT","1","3/5/2026 14:40:04","7/5/2026 07:08:36"
"396","P2026-00336","调度中心扩建工程-主体段","设备购置","990.74","10","27/4/2026","27/4/2027","27/4/2028","设备购置项目，投资金额990.74万元","已入库","MANUAL","1","27/2/2026 11:29:28","17/5/2026 19:15:39"
"397","P2026-00337","配电网优化项目-一期","设备更新","4818.6","6","18/5/2026","18/5/2027","18/5/2028","设备更新项目，投资金额4818.60万元","待审核","MANUAL","1","17/5/2026 22:44:27","20/5/2026 16:22:34"
"398","P2026-00338","储能电站新建工程-主体段","设备更新","129.16","6","9/3/2026","9/3/2027","9/3/2028","设备更新项目，投资金额129.16万元","待论证","MANUAL","1","4/3/2026 06:21:32","24/3/2026 12:40:27"
"399","P2026-00339","充电桩改造工程-主体段","设备更新","1124.67","11","30/4/2026","30/4/2027","30/4/2028","设备更新项目，投资金额1124.67万元","待论证","MANUAL","1","27/3/2026 05:21:10","9/4/2026 18:17:29"
"400","P2026-00340","通信系统大修工程-一期","生产设备技改","2982.06","10","13/5/2026","13/5/2027","13/5/2028","生产设备技改项目，投资金额2982.06万元","待论证","IMPORT","1","2/5/2026 08:01:11","16/5/2026 20:57:57"
"401","P2026-00341","调度中心新建工程-一期","维修维护","4815.15","7","21/5/2026","21/5/2027","21/5/2028","维修维护项目，投资金额4815.15万元","待论证","MANUAL","1","20/1/2026 21:51:09","21/2/2026 21:42:36"
"402","P2026-00342","变电站升级工程-示范段","设备更新","2948.22","9","30/4/2026","30/4/2027","30/4/2028","设备更新项目，投资金额2948.22万元","待论证","IMPORT","1","19/3/2026 07:51:29","2/4/2026 10:55:50"
"403","P2026-00343","输电线路新建工程-示范段","设备购置","2864.56","1","16/4/2026","16/4/2027","16/4/2028","设备购置项目，投资金额2864.56万元","已过期","IMPORT","1","3/1/2026 20:50:13","21/2/2026 03:42:02"
"404","P2026-00344","智能电网维护项目-主体段","设备更新","4634.93","7","16/5/2026","16/5/2027","16/5/2028","设备更新项目，投资金额4634.93万元","待论证","MANUAL","1","13/4/2026 22:05:50","19/4/2026 13:52:07"
"405","P2026-00345","充电桩新建工程-三期","设备购置","3222.75","10","6/4/2026","6/4/2027","6/4/2028","设备购置项目，投资金额3222.75万元","已入库","MANUAL","1","4/2/2026 22:31:03","2/3/2026 18:24:29"
"406","P2026-00346","配电网大修工程-示范段","维修维护","214.19","3","19/5/2026","19/5/2027","19/5/2028","维修维护项目，投资金额214.19万元","论证通过","MANUAL","1","31/3/2026 19:14:40","16/4/2026 22:25:50"
"407","P2026-00347","输电线路改造工程-先行段","生产设备技改","1306.67","8","14/5/2026","14/5/2027","14/5/2028","生产设备技改项目，投资金额1306.67万元","已入库","MANUAL","1","12/5/2026 05:25:13","19/5/2026 03:31:44"
"408","P2026-00348","充电桩技改项目-示范段","生产设备技改","4617.33","2","16/4/2026","16/4/2027","16/4/2028","生产设备技改项目，投资金额4617.33万元","论证通过","IMPORT","1","12/2/2026 01:43:47","31/3/2026 17:03:14"
"409","P2026-00349","变电站技改项目-先行段","设备购置","1748.62","9","18/5/2026","18/5/2027","18/5/2028","设备购置项目，投资金额1748.62万元","草稿","MANUAL","1","17/5/2026 20:16:10","18/5/2026 10:45:51"
"410","P2026-00350","变电站升级工程-示范段","生产设备大修","4403.6","7","30/3/2026","30/3/2027","30/3/2028","生产设备大修项目，投资金额4403.60万元","待论证","IMPORT","1","9/1/2026 12:25:09","14/5/2026 14:31:03"
"411","P2026-00351","通信系统扩建工程-二期","维修维护","450.53","7","11/5/2026","11/5/2027","11/5/2028","维修维护项目，投资金额450.53万元","论证通过","MANUAL","1","2/3/2026 00:06:09","4/5/2026 22:21:54"
"412","P2026-00352","调度中心维护项目-示范段","生产设备大修","3715.7","4","29/5/2026","29/5/2027","29/5/2028","生产设备大修项目，投资金额3715.70万元","已过期","IMPORT","1","4/3/2026 02:34:20","23/4/2026 14:44:59"
"413","P2026-00353","智能电网技改项目-二期","设备购置","3928.46","9","2/4/2026","2/4/2027","2/4/2028","设备购置项目，投资金额3928.46万元","待论证","MANUAL","1","21/3/2026 07:37:03","11/4/2026 17:57:19"
"414","P2026-00354","变电站新建工程-一期","设备购置","883.93","2","26/5/2026","26/5/2027","26/5/2028","设备购置项目，投资金额883.93万元","待论证","IMPORT","1","13/2/2026 23:17:25","18/5/2026 04:09:18"
"415","P2026-00355","充电桩扩建工程-先行段","维修维护","3331.95","7","19/4/2026","19/4/2027","19/4/2028","维修维护项目，投资金额3331.95万元","论证通过","MANUAL","1","21/2/2026 16:16:26","14/5/2026 13:18:08"
"416","P2026-00356","输电线路技改项目-主体段","生产设备大修","401.94","5","23/5/2026","23/5/2027","23/5/2028","生产设备大修项目，投资金额401.94万元","待审核","IMPORT","1","31/1/2026 19:41:29","19/4/2026 14:32:40"
"417","P2026-00357","通信系统技改项目-先行段","生产设备大修","1352.15","8","21/5/2026","21/5/2027","21/5/2028","生产设备大修项目，投资金额1352.15万元","已入库","IMPORT","1","14/5/2026 17:28:16","17/5/2026 13:56:47"
"418","P2026-00358","储能电站升级工程-先行段","维修维护","4668.35","3","25/4/2026","25/4/2027","25/4/2028","维修维护项目，投资金额4668.35万元","论证通过","MANUAL","1","7/4/2026 16:19:22","9/4/2026 22:19:21"
"419","P2026-00359","智能电网扩建工程-一期","设备购置","206.51","7","24/5/2026","24/5/2027","24/5/2028","设备购置项目，投资金额206.51万元","已入库","IMPORT","1","23/5/2026 02:06:49","21/5/2026 19:15:41"
"420","P2026-00360","配电网扩建工程-示范段","维修维护","4354.37","4","1/5/2026","1/5/2027","1/5/2028","维修维护项目，投资金额4354.37万元","已入库","IMPORT","1","11/1/2026 07:28:20","6/2/2026 04:32:13"
"421","P2026-00361","储能电站扩建工程-一期","生产设备技改","1525.17","3","5/3/2026","5/3/2027","5/3/2028","生产设备技改项目，投资金额1525.17万元","已过期","IMPORT","1","4/2/2026 21:59:06","18/3/2026 01:01:22"
"422","P2026-00362","通信系统升级工程-三期","科技创新","2270.19","4","25/4/2026","25/4/2027","25/4/2028","科技创新项目，投资金额2270.19万元","论证通过","MANUAL","1","5/4/2026 07:09:01","16/4/2026 18:37:41"
"423","P2026-00363","储能电站改造工程-示范段","生产设备大修","3369.59","8","8/5/2026","8/5/2027","8/5/2028","生产设备大修项目，投资金额3369.59万元","待审核","MANUAL","1","9/2/2026 00:48:46","2/4/2026 07:58:18"
"424","P2026-00364","变电站技改项目-二期","生产设备大修","125.83","9","24/3/2026","24/3/2027","24/3/2028","生产设备大修项目，投资金额125.83万元","草稿","MANUAL","1","12/3/2026 00:44:34","15/5/2026 04:08:15"
"425","P2026-00365","智能电网改造工程-示范段","设备更新","4487.03","11","13/5/2026","13/5/2027","13/5/2028","设备更新项目，投资金额4487.03万元","待审核","IMPORT","1","12/5/2026 10:24:42","19/5/2026 02:40:40"
"426","P2026-00366","输电线路扩建工程-主体段","生产设备技改","1228.1","2","5/4/2026","5/4/2027","5/4/2028","生产设备技改项目，投资金额1228.10万元","待审核","MANUAL","1","16/2/2026 17:46:22","2/4/2026 14:33:04"
"427","P2026-00367","储能电站优化项目-三期","电网基建","477.21","6","27/5/2026","27/5/2027","27/5/2028","电网基建项目，投资金额477.21万元","论证通过","MANUAL","1","27/5/2026 03:37:51","24/5/2026 17:22:09"
"428","P2026-00368","配电网升级工程-先行段","设备更新","3293.27","5","22/4/2026","22/4/2027","22/4/2028","设备更新项目，投资金额3293.27万元","待论证","MANUAL","1","22/1/2026 00:33:36","13/3/2026 14:23:26"
"429","P2026-00369","调度中心扩建工程-二期","设备购置","1383.85","8","18/4/2026","18/4/2027","18/4/2028","设备购置项目，投资金额1383.85万元","待审核","MANUAL","1","18/2/2026 01:22:34","24/4/2026 09:44:56"
"430","P2026-00370","配电网大修工程-示范段","科技创新","2275.42","6","6/5/2026","6/5/2027","6/5/2028","科技创新项目，投资金额2275.42万元","已入库","IMPORT","1","15/2/2026 03:51:45","15/5/2026 01:55:12"
"431","P2026-00371","配电网扩建工程-主体段","维修维护","4172.11","10","16/2/2026","16/2/2027","16/2/2028","维修维护项目，投资金额4172.11万元","待论证","IMPORT","1","4/2/2026 12:37:57","14/3/2026 12:35:17"
"432","P2026-00372","配电网升级工程-示范段","生产设备大修","3091.37","1","4/5/2026","4/5/2027","4/5/2028","生产设备大修项目，投资金额3091.37万元","待论证","IMPORT","1","6/1/2026 06:06:37","26/3/2026 06:02:17"
"433","P2026-00373","充电桩维护项目-先行段","设备购置","2802.2","8","2/4/2026","2/4/2027","2/4/2028","设备购置项目，投资金额2802.20万元","待论证","MANUAL","1","12/3/2026 22:47:17","3/5/2026 00:38:53"
"434","P2026-00374","充电桩扩建工程-三期","设备更新","503.73","1","2/5/2026","2/5/2027","2/5/2028","设备更新项目，投资金额503.73万元","待论证","MANUAL","1","18/4/2026 23:24:09","22/4/2026 01:04:02"
"435","P2026-00375","充电桩改造工程-一期","生产设备大修","1185.82","11","24/5/2026","24/5/2027","24/5/2028","生产设备大修项目，投资金额1185.82万元","待论证","IMPORT","1","7/2/2026 23:08:52","14/3/2026 18:47:02"
"436","P2026-00376","储能电站大修工程-一期","设备购置","2673.75","11","27/4/2026","27/4/2027","27/4/2028","设备购置项目，投资金额2673.75万元","待审核","MANUAL","1","8/4/2026 05:26:37","15/5/2026 09:02:27"
"437","P2026-00377","智能电网维护项目-三期","维修维护","1919.3","7","27/1/2026","27/1/2027","27/1/2028","维修维护项目，投资金额1919.30万元","已入库","IMPORT","1","26/1/2026 04:48:50","7/2/2026 00:27:20"
"438","P2026-00378","配电网维护项目-主体段","设备购置","4577.15","1","14/5/2026","14/5/2027","14/5/2028","设备购置项目，投资金额4577.15万元","审核通过","MANUAL","1","10/1/2026 10:19:52","27/4/2026 02:41:47"
"439","P2026-00379","配电网改造工程-示范段","生产设备技改","852.96","7","7/5/2026","7/5/2027","7/5/2028","生产设备技改项目，投资金额852.96万元","待论证","IMPORT","1","5/4/2026 07:33:42","9/4/2026 12:21:37"
"440","P2026-00380","储能电站改造工程-先行段","设备更新","4754.7","4","18/4/2026","18/4/2027","18/4/2028","设备更新项目，投资金额4754.70万元","待审核","MANUAL","1","10/2/2026 21:21:38","20/4/2026 01:55:05"
"441","P2026-00381","输电线路扩建工程-二期","设备更新","2022.8","10","15/4/2026","15/4/2027","15/4/2028","设备更新项目，投资金额2022.80万元","草稿","MANUAL","1","18/3/2026 19:55:18","24/4/2026 23:33:36"
"442","P2026-00382","输电线路技改项目-主体段","设备购置","3488.74","1","27/3/2026","27/3/2027","27/3/2028","设备购置项目，投资金额3488.74万元","已入库","IMPORT","1","21/3/2026 04:43:08","17/5/2026 07:24:05"
"443","P2026-00383","变电站维护项目-三期","科技创新","3461.03","1","4/5/2026","4/5/2027","4/5/2028","科技创新项目，投资金额3461.03万元","待论证","MANUAL","1","17/3/2026 11:55:59","19/3/2026 08:27:03"
"444","P2026-00384","调度中心优化项目-示范段","设备更新","2809.59","6","17/4/2026","17/4/2027","17/4/2028","设备更新项目，投资金额2809.59万元","草稿","MANUAL","1","7/3/2026 03:28:18","2/4/2026 23:20:39"
"445","P2026-00385","充电桩扩建工程-主体段","设备购置","3972.29","1","10/4/2026","10/4/2027","10/4/2028","设备购置项目，投资金额3972.29万元","审核通过","IMPORT","1","5/1/2026 13:27:26","14/5/2026 15:24:07"
"446","P2026-00386","配电网技改项目-三期","电网基建","931.46","1","1/5/2026","1/5/2027","1/5/2028","电网基建项目，投资金额931.46万元","已过期","IMPORT","1","1/1/2026 12:08:31","21/2/2026 08:52:57"
"447","P2026-00387","储能电站维护项目-一期","设备购置","1105.7","3","25/5/2026","25/5/2027","25/5/2028","设备购置项目，投资金额1105.70万元","待审核","MANUAL","1","17/4/2026 02:30:47","21/5/2026 08:51:36"
"448","P2026-00388","配电网维护项目-主体段","生产设备技改","307.21","9","30/5/2026","30/5/2027","30/5/2028","生产设备技改项目，投资金额307.21万元","已过期","MANUAL","1","26/5/2026 07:11:22","22/5/2026 15:35:00"
"449","P2026-00389","通信系统升级工程-先行段","维修维护","3290.54","8","2/3/2026","2/3/2027","2/3/2028","维修维护项目，投资金额3290.54万元","待审核","MANUAL","1","9/2/2026 05:29:03","10/4/2026 12:13:34"
"450","P2026-00390","充电桩新建工程-主体段","电网基建","2898.47","11","30/5/2026","30/5/2027","30/5/2028","电网基建项目，投资金额2898.47万元","论证通过","MANUAL","1","26/5/2026 09:24:21","21/5/2026 16:46:56"
"451","P2026-00391","智能电网升级工程-先行段","电网基建","1082.84","11","27/5/2026","27/5/2027","27/5/2028","电网基建项目，投资金额1082.84万元","已过期","IMPORT","1","10/5/2026 05:59:42","15/5/2026 14:52:02"
"452","P2026-00392","充电桩改造工程-一期","设备购置","1798.07","1","20/5/2026","20/5/2027","20/5/2028","设备购置项目，投资金额1798.07万元","审核通过","IMPORT","1","25/1/2026 14:38:30","7/5/2026 17:49:51"
"453","P2026-00393","通信系统维护项目-一期","维修维护","4330.18","3","17/4/2026","17/4/2027","17/4/2028","维修维护项目，投资金额4330.18万元","已入库","MANUAL","1","8/2/2026 11:32:20","29/3/2026 00:57:17"
"454","P2026-00394","配电网扩建工程-示范段","科技创新","4175.04","11","19/5/2026","19/5/2027","19/5/2028","科技创新项目，投资金额4175.04万元","已过期","IMPORT","1","4/3/2026 10:00:24","7/5/2026 13:03:46"
"455","P2026-00395","变电站维护项目-二期","设备更新","249.31","7","18/2/2026","18/2/2027","18/2/2028","设备更新项目，投资金额249.31万元","待论证","IMPORT","1","7/1/2026 02:09:30","18/1/2026 04:55:16"
"456","P2026-00396","配电网大修工程-先行段","科技创新","4028.18","11","18/2/2026","18/2/2027","18/2/2028","科技创新项目，投资金额4028.18万元","待论证","MANUAL","1","22/1/2026 11:38:35","2/3/2026 12:43:01"
"457","P2026-00397","储能电站大修工程-二期","生产设备技改","4442.88","6","27/5/2026","27/5/2027","27/5/2028","生产设备技改项目，投资金额4442.88万元","审核通过","MANUAL","1","7/5/2026 20:52:20","11/5/2026 14:03:42"
"458","P2026-00398","智能电网扩建工程-二期","生产设备技改","3567.85","9","19/5/2026","19/5/2027","19/5/2028","生产设备技改项目，投资金额3567.85万元","论证通过","MANUAL","1","9/5/2026 03:55:11","11/5/2026 15:12:04"
"459","P2026-00399","调度中心新建工程-主体段","维修维护","703.39","6","29/3/2026","29/3/2027","29/3/2028","维修维护项目，投资金额703.39万元","待论证","MANUAL","1","1/2/2026 14:11:08","10/4/2026 05:33:41"
"460","P2026-00400","变电站升级工程-主体段","科技创新","4920.48","8","25/5/2026","25/5/2027","25/5/2028","科技创新项目，投资金额4920.48万元","已入库","MANUAL","1","11/3/2026 21:10:23","11/5/2026 22:22:36"
"461","P2026-00401","充电桩改造工程-主体段","生产设备大修","3039.8","6","14/3/2026","14/3/2027","14/3/2028","生产设备大修项目，投资金额3039.80万元","已入库","MANUAL","1","22/1/2026 21:23:39","7/3/2026 10:16:44"
"462","P2026-00402","变电站改造工程-先行段","设备购置","2699.68","7","26/5/2026","26/5/2027","26/5/2028","设备购置项目，投资金额2699.68万元","已过期","MANUAL","1","5/5/2026 14:38:32","16/5/2026 02:15:58"
"463","P2026-00403","输电线路新建工程-三期","维修维护","1837.96","4","25/5/2026","25/5/2027","25/5/2028","维修维护项目，投资金额1837.96万元","待论证","MANUAL","1","1/5/2026 23:34:20","14/5/2026 11:49:29"
"464","P2026-00404","配电网优化项目-三期","电网基建","3602.38","7","16/5/2026","16/5/2027","16/5/2028","电网基建项目，投资金额3602.38万元","已入库","IMPORT","1","1/3/2026 06:37:16","17/3/2026 17:33:24"
"465","P2026-00405","通信系统优化项目-主体段","电网基建","620.46","10","31/5/2026","31/5/2027","31/5/2028","电网基建项目，投资金额620.46万元","待论证","MANUAL","1","31/5/2026 13:32:37","22/5/2026 03:38:36"
"466","P2026-00406","充电桩优化项目-主体段","电网基建","3361.73","5","29/4/2026","29/4/2027","29/4/2028","电网基建项目，投资金额3361.73万元","论证通过","IMPORT","1","15/4/2026 02:13:10","2/5/2026 10:31:29"
"467","P2026-00407","配电网扩建工程-先行段","科技创新","946.75","4","18/2/2026","18/2/2027","18/2/2028","科技创新项目，投资金额946.75万元","论证通过","MANUAL","1","23/1/2026 10:24:56","7/2/2026 22:26:33"
"468","P2026-00408","储能电站扩建工程-二期","设备更新","4395.09","8","7/4/2026","7/4/2027","7/4/2028","设备更新项目，投资金额4395.09万元","草稿","IMPORT","1","21/2/2026 21:08:05","20/3/2026 08:16:45"
"469","P2026-00409","通信系统技改项目-示范段","科技创新","4127.54","9","3/5/2026","3/5/2027","3/5/2028","科技创新项目，投资金额4127.54万元","已入库","MANUAL","1","25/4/2026 12:05:24","28/4/2026 04:03:30"
"470","P2026-00410","充电桩新建工程-先行段","电网基建","3752.85","8","27/5/2026","27/5/2027","27/5/2028","电网基建项目，投资金额3752.85万元","待论证","IMPORT","1","26/5/2026 23:25:56","25/5/2026 17:41:27"
"471","P2026-00411","配电网优化项目-示范段","生产设备技改","3188.04","4","8/4/2026","8/4/2027","8/4/2028","生产设备技改项目，投资金额3188.04万元","待论证","IMPORT","1","20/2/2026 22:14:40","12/5/2026 08:41:04"
"472","P2026-00412","智能电网技改项目-三期","生产设备技改","3776.43","6","23/2/2026","23/2/2027","23/2/2028","生产设备技改项目，投资金额3776.43万元","审核通过","IMPORT","1","19/2/2026 08:58:11","15/4/2026 12:09:01"
"473","P2026-00413","智能电网改造工程-三期","维修维护","3461.97","9","10/4/2026","10/4/2027","10/4/2028","维修维护项目，投资金额3461.97万元","待论证","MANUAL","1","10/3/2026 17:41:51","17/5/2026 21:13:53"
"474","P2026-00414","储能电站技改项目-二期","设备更新","2230.62","9","7/3/2026","7/3/2027","7/3/2028","设备更新项目，投资金额2230.62万元","草稿","IMPORT","1","6/3/2026 12:48:18","11/3/2026 00:08:50"
"475","P2026-00415","配电网维护项目-一期","维修维护","2576.09","2","7/5/2026","7/5/2027","7/5/2028","维修维护项目，投资金额2576.09万元","待审核","MANUAL","1","21/2/2026 17:49:58","17/5/2026 20:02:07"
"476","P2026-00416","充电桩扩建工程-主体段","维修维护","1575.43","4","13/4/2026","13/4/2027","13/4/2028","维修维护项目，投资金额1575.43万元","待审核","IMPORT","1","13/3/2026 00:33:44","18/5/2026 18:24:51"
"477","P2026-00417","变电站技改项目-先行段","维修维护","3803.43","6","7/5/2026","7/5/2027","7/5/2028","维修维护项目，投资金额3803.43万元","待论证","IMPORT","1","8/4/2026 10:19:44","21/4/2026 06:19:21"
"478","P2026-00418","充电桩新建工程-先行段","设备购置","1083.05","11","25/4/2026","25/4/2027","25/4/2028","设备购置项目，投资金额1083.05万元","论证通过","IMPORT","1","11/1/2026 17:47:12","5/2/2026 15:41:02"
"479","P2026-00419","充电桩新建工程-示范段","生产设备技改","2548.24","4","26/2/2026","26/2/2027","26/2/2028","生产设备技改项目，投资金额2548.24万元","待论证","MANUAL","1","2/2/2026 12:43:50","20/2/2026 22:17:41"
"480","P2026-00420","通信系统大修工程-二期","设备更新","3868.18","10","19/4/2026","19/4/2027","19/4/2028","设备更新项目，投资金额3868.18万元","已入库","IMPORT","1","16/3/2026 16:15:01","24/4/2026 06:16:39"
"481","P2026-00421","充电桩改造工程-三期","设备购置","1005.92","4","19/5/2026","19/5/2027","19/5/2028","设备购置项目，投资金额1005.92万元","待审核","MANUAL","1","26/4/2026 01:06:26","30/4/2026 21:29:49"
"482","P2026-00422","储能电站技改项目-二期","设备更新","1625.14","7","19/4/2026","19/4/2027","19/4/2028","设备更新项目，投资金额1625.14万元","草稿","MANUAL","1","21/1/2026 20:16:32","12/3/2026 23:46:13"
"483","P2026-00423","通信系统技改项目-一期","设备购置","3860.39","10","6/5/2026","6/5/2027","6/5/2028","设备购置项目，投资金额3860.39万元","待论证","MANUAL","1","25/4/2026 10:58:25","14/5/2026 04:34:59"
"484","P2026-00424","智能电网大修工程-三期","生产设备大修","4574.12","1","10/3/2026","10/3/2027","10/3/2028","生产设备大修项目，投资金额4574.12万元","已入库","MANUAL","1","8/1/2026 04:52:43","17/3/2026 18:30:38"
"485","P2026-00425","配电网技改项目-先行段","设备购置","2002.57","2","30/3/2026","30/3/2027","30/3/2028","设备购置项目，投资金额2002.57万元","待论证","IMPORT","1","27/3/2026 00:18:44","15/4/2026 09:06:31"
"486","P2026-00426","配电网技改项目-先行段","生产设备大修","4470.48","4","19/5/2026","19/5/2027","19/5/2028","生产设备大修项目，投资金额4470.48万元","审核通过","IMPORT","1","14/3/2026 08:06:40","11/5/2026 19:51:04"
"487","P2026-00427","智能电网优化项目-二期","维修维护","3984.54","11","14/5/2026","14/5/2027","14/5/2028","维修维护项目，投资金额3984.54万元","草稿","IMPORT","1","12/4/2026 09:40:40","11/5/2026 02:09:23"
"488","P2026-00428","调度中心新建工程-一期","维修维护","233.67","11","26/4/2026","26/4/2027","26/4/2028","维修维护项目，投资金额233.67万元","草稿","IMPORT","1","22/4/2026 20:20:05","30/4/2026 13:45:32"
"489","P2026-00429","智能电网大修工程-二期","生产设备技改","2199.12","11","22/5/2026","22/5/2027","22/5/2028","生产设备技改项目，投资金额2199.12万元","论证通过","MANUAL","1","8/4/2026 04:49:06","19/5/2026 13:09:48"
"490","P2026-00430","充电桩扩建工程-先行段","科技创新","4068.46","6","26/4/2026","26/4/2027","26/4/2028","科技创新项目，投资金额4068.46万元","待论证","IMPORT","1","2/3/2026 12:59:42","18/5/2026 14:46:33"
"491","P2026-00431","配电网优化项目-先行段","设备购置","976.42","4","6/5/2026","6/5/2027","6/5/2028","设备购置项目，投资金额976.42万元","已过期","MANUAL","1","10/2/2026 09:23:43","23/4/2026 01:43:32"
"492","P2026-00432","通信系统技改项目-示范段","维修维护","3720.6","8","8/4/2026","8/4/2027","8/4/2028","维修维护项目，投资金额3720.60万元","待论证","MANUAL","1","7/4/2026 20:28:29","12/5/2026 07:48:53"
"493","P2026-00433","配电网技改项目-二期","设备更新","1692.24","1","30/4/2026","30/4/2027","30/4/2028","设备更新项目，投资金额1692.24万元","草稿","IMPORT","1","16/3/2026 22:09:29","26/4/2026 09:00:11"
"494","P2026-00434","智能电网新建工程-示范段","电网基建","836.32","3","26/4/2026","26/4/2027","26/4/2028","电网基建项目，投资金额836.32万元","已入库","IMPORT","1","24/3/2026 18:50:03","26/3/2026 08:54:13"
"495","P2026-00435","调度中心新建工程-一期","生产设备技改","455.24","8","5/2/2026","5/2/2027","5/2/2028","生产设备技改项目，投资金额455.24万元","待论证","IMPORT","1","4/2/2026 20:56:21","2/4/2026 23:15:50"
"496","P2026-00436","配电网大修工程-主体段","生产设备大修","2867.04","3","26/5/2026","26/5/2027","26/5/2028","生产设备大修项目，投资金额2867.04万元","论证通过","IMPORT","1","4/4/2026 13:04:46","19/5/2026 10:46:03"
"497","P2026-00437","输电线路大修工程-主体段","维修维护","4245.05","6","24/5/2026","24/5/2027","24/5/2028","维修维护项目，投资金额4245.05万元","待论证","IMPORT","1","26/2/2026 12:56:29","16/3/2026 05:12:10"
"498","P2026-00438","配电网改造工程-示范段","设备购置","1511.7","9","19/5/2026","19/5/2027","19/5/2028","设备购置项目，投资金额1511.70万元","已入库","MANUAL","1","25/4/2026 00:04:15","10/5/2026 14:39:19"
"499","P2026-00439","智能电网维护项目-先行段","科技创新","1032.29","11","26/4/2026","26/4/2027","26/4/2028","科技创新项目，投资金额1032.29万元","待审核","IMPORT","1","29/3/2026 05:27:38","10/4/2026 18:35:00"
"500","P2026-00440","储能电站大修工程-先行段","设备购置","2233.04","5","15/4/2026","15/4/2027","15/4/2028","设备购置项目，投资金额2233.04万元","待论证","MANUAL","1","11/3/2026 19:50:43","18/5/2026 22:44:32"
"501","P2026-00441","通信系统升级工程-三期","生产设备大修","292.09","1","13/5/2026","13/5/2027","13/5/2028","生产设备大修项目，投资金额292.09万元","待论证","IMPORT","1","22/4/2026 09:21:32","8/5/2026 12:55:58"
"502","P2026-00442","通信系统大修工程-一期","科技创新","4611.3","9","10/4/2026","10/4/2027","10/4/2028","科技创新项目，投资金额4611.30万元","待审核","IMPORT","1","12/1/2026 16:05:13","1/3/2026 20:09:06"
"503","P2026-00443","配电网新建工程-一期","设备购置","2209.04","5","28/3/2026","28/3/2027","28/3/2028","设备购置项目，投资金额2209.04万元","论证通过","MANUAL","1","3/2/2026 23:51:32","11/4/2026 19:15:37"
"504","P2026-00444","智能电网新建工程-二期","生产设备技改","4768.98","4","22/5/2026","22/5/2027","22/5/2028","生产设备技改项目，投资金额4768.98万元","已入库","IMPORT","1","14/5/2026 18:33:11","17/5/2026 16:52:27"
"505","P2026-00445","储能电站改造工程-三期","设备更新","2651.64","10","11/4/2026","11/4/2027","11/4/2028","设备更新项目，投资金额2651.64万元","论证通过","IMPORT","1","13/2/2026 01:05:05","20/4/2026 04:38:16"
"506","P2026-00446","储能电站扩建工程-一期","设备购置","1744.58","1","23/4/2026","23/4/2027","23/4/2028","设备购置项目，投资金额1744.58万元","论证通过","MANUAL","1","25/3/2026 11:30:16","26/3/2026 12:38:20"
"507","P2026-00447","储能电站优化项目-主体段","设备更新","1740","7","19/5/2026","19/5/2027","19/5/2028","设备更新项目，投资金额1740.00万元","待审核","MANUAL","1","7/4/2026 01:25:32","13/4/2026 05:16:52"
"508","P2026-00448","储能电站大修工程-主体段","维修维护","4419.48","1","28/4/2026","28/4/2027","28/4/2028","维修维护项目，投资金额4419.48万元","待论证","MANUAL","1","24/2/2026 14:22:38","26/3/2026 16:05:49"
"509","P2026-00449","调度中心升级工程-示范段","生产设备大修","1051.97","7","24/5/2026","24/5/2027","24/5/2028","生产设备大修项目，投资金额1051.97万元","已入库","MANUAL","1","15/4/2026 00:40:12","29/4/2026 03:17:13"
"510","P2026-00450","输电线路升级工程-三期","设备购置","3587.54","9","27/5/2026","27/5/2027","27/5/2028","设备购置项目，投资金额3587.54万元","草稿","MANUAL","1","27/5/2026 12:31:50","26/5/2026 06:58:05"
"511","P2026-00451","调度中心技改项目-先行段","科技创新","712.16","3","9/3/2026","9/3/2027","9/3/2028","科技创新项目，投资金额712.16万元","已过期","MANUAL","1","23/2/2026 14:08:52","16/3/2026 15:56:20"
"512","P2026-00452","配电网升级工程-一期","生产设备技改","1069.96","6","7/3/2026","7/3/2027","7/3/2028","生产设备技改项目，投资金额1069.96万元","待审核","MANUAL","1","25/1/2026 22:47:40","1/4/2026 03:39:22"
"513","P2026-00453","变电站扩建工程-二期","生产设备技改","4275.9","8","25/5/2026","25/5/2027","25/5/2028","生产设备技改项目，投资金额4275.90万元","审核通过","IMPORT","1","14/5/2026 12:25:59","17/5/2026 18:20:01"
"514","P2026-00454","充电桩新建工程-二期","生产设备技改","2304.49","7","26/5/2026","26/5/2027","26/5/2028","生产设备技改项目，投资金额2304.49万元","论证通过","MANUAL","1","16/5/2026 17:38:26","18/5/2026 01:33:46"
"515","P2026-00455","变电站新建工程-先行段","科技创新","1647.51","2","23/5/2026","23/5/2027","23/5/2028","科技创新项目，投资金额1647.51万元","草稿","MANUAL","1","20/5/2026 08:22:53","20/5/2026 14:36:32"
"516","P2026-00456","配电网技改项目-二期","科技创新","591.28","4","22/5/2026","22/5/2027","22/5/2028","科技创新项目，投资金额591.28万元","待论证","MANUAL","1","13/5/2026 23:30:49","18/5/2026 17:15:50"
"517","P2026-00457","充电桩升级工程-示范段","维修维护","2300.57","6","23/5/2026","23/5/2027","23/5/2028","维修维护项目，投资金额2300.57万元","草稿","MANUAL","1","22/5/2026 23:03:08","22/5/2026 08:44:15"
"518","P2026-00458","调度中心技改项目-二期","维修维护","2868.64","6","19/1/2026","19/1/2027","19/1/2028","维修维护项目，投资金额2868.64万元","已入库","IMPORT","1","4/1/2026 22:21:08","29/4/2026 05:30:59"
"519","P2026-00459","智能电网大修工程-二期","生产设备技改","206.84","2","17/4/2026","17/4/2027","17/4/2028","生产设备技改项目，投资金额206.84万元","论证通过","MANUAL","1","24/2/2026 20:04:33","11/4/2026 00:01:41"
"520","P2026-00460","输电线路升级工程-示范段","设备购置","4774.75","1","27/3/2026","27/3/2027","27/3/2028","设备购置项目，投资金额4774.75万元","待论证","IMPORT","1","23/1/2026 04:57:56","20/5/2026 01:09:09"
"521","P2026-00461","智能电网大修工程-三期","维修维护","2203.12","8","26/5/2026","26/5/2027","26/5/2028","维修维护项目，投资金额2203.12万元","待论证","MANUAL","1","23/5/2026 13:08:24","23/5/2026 00:15:10"
"522","P2026-00462","智能电网新建工程-一期","设备购置","3810.16","10","27/2/2026","27/2/2027","27/2/2028","设备购置项目，投资金额3810.16万元","已入库","MANUAL","1","16/2/2026 19:47:09","17/2/2026 15:05:06"
"523","P2026-00463","智能电网大修工程-三期","生产设备大修","4568.37","6","21/4/2026","21/4/2027","21/4/2028","生产设备大修项目，投资金额4568.37万元","草稿","MANUAL","1","17/1/2026 14:40:52","18/1/2026 12:01:47"
"524","P2026-00464","充电桩扩建工程-示范段","生产设备技改","4455.47","1","19/5/2026","19/5/2027","19/5/2028","生产设备技改项目，投资金额4455.47万元","待论证","IMPORT","1","2/4/2026 14:41:41","8/5/2026 01:58:20"
"525","P2026-00465","变电站优化项目-一期","生产设备大修","1258.35","11","16/5/2026","16/5/2027","16/5/2028","生产设备大修项目，投资金额1258.35万元","待审核","IMPORT","1","23/4/2026 23:55:40","20/5/2026 16:49:17"
"526","P2026-00466","智能电网维护项目-一期","维修维护","292.28","1","16/3/2026","16/3/2027","16/3/2028","维修维护项目，投资金额292.28万元","待论证","IMPORT","1","11/1/2026 14:06:05","22/3/2026 01:03:32"
"527","P2026-00467","输电线路新建工程-主体段","科技创新","163.8","5","1/3/2026","1/3/2027","1/3/2028","科技创新项目，投资金额163.80万元","待论证","MANUAL","1","25/1/2026 12:50:31","12/2/2026 10:57:54"
"528","P2026-00468","通信系统大修工程-主体段","设备购置","1069.77","6","26/5/2026","26/5/2027","26/5/2028","设备购置项目，投资金额1069.77万元","已入库","MANUAL","1","15/5/2026 16:33:33","16/5/2026 04:20:38"
"529","P2026-00469","变电站新建工程-一期","设备购置","3075.35","4","4/5/2026","4/5/2027","4/5/2028","设备购置项目，投资金额3075.35万元","论证通过","MANUAL","1","29/4/2026 04:32:20","14/5/2026 23:05:43"
"530","P2026-00470","储能电站升级工程-主体段","电网基建","3350.65","11","21/5/2026","21/5/2027","21/5/2028","电网基建项目，投资金额3350.65万元","待论证","MANUAL","1","10/4/2026 21:30:57","17/4/2026 10:41:26"
"531","P2026-00471","充电桩大修工程-三期","生产设备大修","4012.95","2","1/5/2026","1/5/2027","1/5/2028","生产设备大修项目，投资金额4012.95万元","待审核","IMPORT","1","25/3/2026 02:15:23","12/5/2026 10:10:50"
"532","P2026-00472","调度中心技改项目-示范段","科技创新","482.92","9","6/5/2026","6/5/2027","6/5/2028","科技创新项目，投资金额482.92万元","已过期","MANUAL","1","6/4/2026 04:29:12","19/4/2026 08:38:24"
"533","P2026-00473","调度中心改造工程-主体段","设备更新","1654.18","10","15/2/2026","15/2/2027","15/2/2028","设备更新项目，投资金额1654.18万元","待论证","IMPORT","1","1/1/2026 19:57:57","10/1/2026 20:01:58"
"534","P2026-00474","通信系统优化项目-示范段","设备更新","2353.1","3","2/4/2026","2/4/2027","2/4/2028","设备更新项目，投资金额2353.10万元","审核通过","MANUAL","1","18/2/2026 22:15:00","16/3/2026 11:36:37"
"535","P2026-00475","智能电网优化项目-一期","电网基建","2523.79","2","14/3/2026","14/3/2027","14/3/2028","电网基建项目，投资金额2523.79万元","待审核","IMPORT","1","10/1/2026 13:31:04","22/2/2026 13:53:30"
"536","P2026-00476","储能电站扩建工程-示范段","设备更新","4788.83","8","7/5/2026","7/5/2027","7/5/2028","设备更新项目，投资金额4788.83万元","论证通过","MANUAL","1","10/1/2026 01:17:41","10/1/2026 08:35:25"
"537","P2026-00477","变电站技改项目-一期","生产设备技改","653.62","6","11/5/2026","11/5/2027","11/5/2028","生产设备技改项目，投资金额653.62万元","论证通过","IMPORT","1","22/1/2026 10:22:44","4/5/2026 04:01:38"
"538","P2026-00478","配电网扩建工程-示范段","科技创新","3114.77","8","15/5/2026","15/5/2027","15/5/2028","科技创新项目，投资金额3114.77万元","待审核","MANUAL","1","7/5/2026 07:37:19","21/5/2026 03:25:05"
"539","P2026-00479","配电网扩建工程-三期","生产设备大修","1626.23","8","25/5/2026","25/5/2027","25/5/2028","生产设备大修项目，投资金额1626.23万元","论证通过","MANUAL","1","19/2/2026 12:32:11","13/4/2026 19:03:08"
"540","P2026-00480","配电网扩建工程-先行段","维修维护","391.14","1","11/1/2026","11/1/2027","11/1/2028","维修维护项目，投资金额391.14万元","待论证","MANUAL","1","3/1/2026 13:22:08","30/3/2026 05:38:53"
"541","P2026-00481","通信系统技改项目-三期","维修维护","3931.01","1","27/4/2026","27/4/2027","27/4/2028","维修维护项目，投资金额3931.01万元","已过期","MANUAL","1","11/1/2026 20:02:44","6/2/2026 02:45:39"
"542","P2026-00482","智能电网新建工程-主体段","设备购置","3493.78","3","24/4/2026","24/4/2027","24/4/2028","设备购置项目，投资金额3493.78万元","待审核","MANUAL","1","6/3/2026 04:39:44","3/5/2026 21:28:28"
"543","P2026-00483","调度中心优化项目-三期","设备购置","1414.71","1","28/4/2026","28/4/2027","28/4/2028","设备购置项目，投资金额1414.71万元","审核通过","IMPORT","1","27/3/2026 12:24:17","29/3/2026 17:56:31"
"544","P2026-00484","充电桩大修工程-一期","生产设备大修","4609.95","2","10/4/2026","10/4/2027","10/4/2028","生产设备大修项目，投资金额4609.95万元","待论证","IMPORT","1","28/3/2026 13:40:46","7/4/2026 13:04:53"
"545","P2026-00485","配电网维护项目-一期","维修维护","93.95","5","27/4/2026","27/4/2027","27/4/2028","维修维护项目，投资金额93.95万元","待论证","IMPORT","1","8/4/2026 04:07:09","19/4/2026 10:37:45"
"546","P2026-00486","变电站新建工程-示范段","设备更新","2881.76","2","26/3/2026","26/3/2027","26/3/2028","设备更新项目，投资金额2881.76万元","已入库","IMPORT","1","15/3/2026 03:37:24","19/4/2026 06:46:22"
"547","P2026-00487","通信系统维护项目-先行段","电网基建","1398.11","3","5/5/2026","5/5/2027","5/5/2028","电网基建项目，投资金额1398.11万元","待论证","MANUAL","1","9/2/2026 14:51:43","20/2/2026 21:53:31"
"548","P2026-00488","配电网维护项目-主体段","科技创新","1948.87","3","15/4/2026","15/4/2027","15/4/2028","科技创新项目，投资金额1948.87万元","待论证","MANUAL","1","7/3/2026 01:32:35","17/5/2026 21:21:01"
"549","P2026-00489","配电网扩建工程-示范段","生产设备大修","3497.39","11","6/4/2026","6/4/2027","6/4/2028","生产设备大修项目，投资金额3497.39万元","草稿","IMPORT","1","4/2/2026 14:31:03","13/4/2026 18:14:09"
"550","P2026-00490","变电站维护项目-主体段","维修维护","3292.55","1","6/4/2026","6/4/2027","6/4/2028","维修维护项目，投资金额3292.55万元","待论证","IMPORT","1","8/3/2026 05:02:46","1/5/2026 16:20:58"
"551","P2026-00491","储能电站新建工程-先行段","电网基建","4555.22","9","24/4/2026","24/4/2027","24/4/2028","电网基建项目，投资金额4555.22万元","论证通过","MANUAL","1","24/4/2026 23:04:11","26/4/2026 11:16:39"
"552","P2026-00492","充电桩升级工程-先行段","设备更新","1543.53","7","6/5/2026","6/5/2027","6/5/2028","设备更新项目，投资金额1543.53万元","论证通过","MANUAL","1","3/1/2026 00:20:00","20/4/2026 07:02:19"
"553","P2026-00493","充电桩大修工程-主体段","维修维护","3523.2","6","27/5/2026","27/5/2027","27/5/2028","维修维护项目，投资金额3523.20万元","审核通过","IMPORT","1","30/3/2026 07:16:30","6/4/2026 15:56:25"
"554","P2026-00494","储能电站大修工程-示范段","生产设备大修","1323.21","7","18/3/2026","18/3/2027","18/3/2028","生产设备大修项目，投资金额1323.21万元","审核通过","IMPORT","1","1/1/2026 15:10:42","10/4/2026 02:29:28"
"555","P2026-00495","通信系统优化项目-示范段","设备购置","1308.7","8","23/3/2026","23/3/2027","23/3/2028","设备购置项目，投资金额1308.70万元","已入库","IMPORT","1","15/2/2026 15:13:52","11/3/2026 11:32:17"
"556","P2026-00496","配电网扩建工程-三期","科技创新","1225.65","3","8/5/2026","8/5/2027","8/5/2028","科技创新项目，投资金额1225.65万元","待论证","MANUAL","1","15/4/2026 23:46:51","4/5/2026 11:30:21"
"557","P2026-00497","充电桩改造工程-先行段","生产设备技改","3286.3","1","1/5/2026","1/5/2027","1/5/2028","生产设备技改项目，投资金额3286.30万元","草稿","MANUAL","1","13/3/2026 02:44:16","8/5/2026 05:28:59"
"558","P2026-00498","储能电站扩建工程-一期","设备购置","4205.32","2","4/3/2026","4/3/2027","4/3/2028","设备购置项目，投资金额4205.32万元","论证通过","MANUAL","1","4/3/2026 01:16:34","9/5/2026 13:45:37"
"559","P2026-00499","通信系统优化项目-二期","设备更新","4379.67","9","30/5/2026","30/5/2027","30/5/2028","设备更新项目，投资金额4379.67万元","待审核","MANUAL","1","30/5/2026 06:01:06","25/5/2026 21:18:53"
"560","P2026-00500","输电线路扩建工程-一期","设备更新","1422.29","3","20/4/2026","20/4/2027","20/4/2028","设备更新项目，投资金额1422.29万元","草稿","MANUAL","1","2/4/2026 04:46:12","23/4/2026 02:24:20"
"561","P2026-00501","储能电站维护项目-示范段","生产设备大修","3979.51","6","15/5/2026","15/5/2027","15/5/2028","生产设备大修项目，投资金额3979.51万元","论证通过","IMPORT","1","28/2/2026 04:25:54","4/5/2026 21:13:31"
"562","P2026-00502","智能电网技改项目-二期","设备购置","4254.48","8","2/3/2026","2/3/2027","2/3/2028","设备购置项目，投资金额4254.48万元","待论证","MANUAL","1","7/1/2026 01:56:41","16/2/2026 07:30:35"
"563","P2026-00503","输电线路升级工程-先行段","设备购置","1643.79","9","21/3/2026","21/3/2027","21/3/2028","设备购置项目，投资金额1643.79万元","草稿","MANUAL","1","17/2/2026 00:55:46","18/4/2026 20:30:42"
"564","P2026-00504","输电线路改造工程-二期","生产设备大修","2302.08","8","31/5/2026","31/5/2027","31/5/2028","生产设备大修项目，投资金额2302.08万元","论证通过","IMPORT","1","31/5/2026 22:59:58","22/5/2026 22:25:37"
"565","P2026-00505","储能电站技改项目-主体段","设备更新","3222.85","11","23/5/2026","23/5/2027","23/5/2028","设备更新项目，投资金额3222.85万元","已过期","IMPORT","1","9/5/2026 16:38:57","10/5/2026 04:29:33"
"566","P2026-00506","调度中心扩建工程-二期","生产设备技改","3646.29","2","6/5/2026","6/5/2027","6/5/2028","生产设备技改项目，投资金额3646.29万元","已入库","IMPORT","1","6/4/2026 18:14:56","7/5/2026 17:00:11"
"567","P2026-00507","智能电网维护项目-三期","科技创新","562.49","11","15/4/2026","15/4/2027","15/4/2028","科技创新项目，投资金额562.49万元","审核通过","MANUAL","1","12/4/2026 12:56:10","20/4/2026 23:14:10"
"568","P2026-00508","配电网新建工程-三期","生产设备大修","3408.94","2","6/4/2026","6/4/2027","6/4/2028","生产设备大修项目，投资金额3408.94万元","待审核","MANUAL","1","16/2/2026 10:12:45","23/2/2026 21:50:30"
"569","P2026-00509","充电桩改造工程-一期","科技创新","4975.07","8","9/4/2026","9/4/2027","9/4/2028","科技创新项目，投资金额4975.07万元","草稿","IMPORT","1","3/3/2026 15:25:58","15/5/2026 23:42:10"
"570","P2026-00510","通信系统技改项目-先行段","电网基建","4406.09","4","29/5/2026","29/5/2027","29/5/2028","电网基建项目，投资金额4406.09万元","草稿","MANUAL","1","25/5/2026 07:29:51","24/5/2026 19:45:54"
"571","P2026-00511","充电桩技改项目-先行段","电网基建","4170.88","8","14/2/2026","14/2/2027","14/2/2028","电网基建项目，投资金额4170.88万元","待审核","IMPORT","1","17/1/2026 14:12:16","10/5/2026 01:43:08"
"572","P2026-00512","智能电网升级工程-主体段","设备购置","4629.69","8","13/3/2026","13/3/2027","13/3/2028","设备购置项目，投资金额4629.69万元","已入库","MANUAL","1","28/2/2026 15:56:05","10/5/2026 05:24:21"
"573","P2026-00513","充电桩优化项目-三期","电网基建","2959.1","4","23/4/2026","23/4/2027","23/4/2028","电网基建项目，投资金额2959.10万元","待论证","MANUAL","1","17/4/2026 00:09:58","9/5/2026 12:30:18"
"574","P2026-00514","智能电网新建工程-示范段","设备购置","2316.05","9","3/3/2026","3/3/2027","3/3/2028","设备购置项目，投资金额2316.05万元","审核通过","MANUAL","1","29/1/2026 20:50:09","17/2/2026 17:39:03"
"575","P2026-00515","储能电站新建工程-主体段","电网基建","4344.74","10","3/5/2026","3/5/2027","3/5/2028","电网基建项目，投资金额4344.74万元","论证通过","MANUAL","1","1/1/2026 05:02:35","24/1/2026 05:15:57"
"576","P2026-00516","配电网技改项目-三期","生产设备技改","4728.94","5","5/2/2026","5/2/2027","5/2/2028","生产设备技改项目，投资金额4728.94万元","待审核","MANUAL","1","18/1/2026 07:26:09","20/3/2026 10:30:30"
"577","P2026-00517","输电线路扩建工程-一期","设备更新","1345.74","5","2/5/2026","2/5/2027","2/5/2028","设备更新项目，投资金额1345.74万元","待审核","IMPORT","1","2/3/2026 15:35:15","1/4/2026 19:25:01"
"578","P2026-00518","通信系统新建工程-一期","生产设备技改","2784.34","3","24/4/2026","24/4/2027","24/4/2028","生产设备技改项目，投资金额2784.34万元","审核通过","IMPORT","1","2/4/2026 00:20:34","13/4/2026 20:32:11"
"579","P2026-00519","配电网改造工程-先行段","设备更新","3011.46","3","4/3/2026","4/3/2027","4/3/2028","设备更新项目，投资金额3011.46万元","已过期","MANUAL","1","13/2/2026 21:58:52","6/3/2026 05:49:08"
"580","P2026-00520","储能电站新建工程-一期","电网基建","2710.83","7","8/2/2026","8/2/2027","8/2/2028","电网基建项目，投资金额2710.83万元","审核通过","MANUAL","1","19/1/2026 19:09:48","15/4/2026 15:45:06"
"581","P2026-00521","储能电站优化项目-先行段","科技创新","2620.75","6","27/5/2026","27/5/2027","27/5/2028","科技创新项目，投资金额2620.75万元","已入库","IMPORT","1","7/2/2026 03:22:43","15/5/2026 11:40:09"
"582","P2026-00522","充电桩新建工程-先行段","生产设备技改","746.83","7","17/4/2026","17/4/2027","17/4/2028","生产设备技改项目，投资金额746.83万元","待审核","IMPORT","1","8/3/2026 15:29:58","19/4/2026 01:57:39"
"583","P2026-00523","智能电网优化项目-三期","电网基建","4350.92","6","19/5/2026","19/5/2027","19/5/2028","电网基建项目，投资金额4350.92万元","待审核","MANUAL","1","13/2/2026 00:15:07","7/4/2026 13:34:25"
"584","P2026-00524","智能电网优化项目-三期","生产设备技改","1090.68","7","14/4/2026","14/4/2027","14/4/2028","生产设备技改项目，投资金额1090.68万元","论证通过","IMPORT","1","13/1/2026 03:58:28","19/5/2026 03:24:54"
"585","P2026-00525","智能电网大修工程-三期","维修维护","862.69","9","11/5/2026","11/5/2027","11/5/2028","维修维护项目，投资金额862.69万元","待论证","IMPORT","1","19/4/2026 20:54:09","7/5/2026 00:18:20"
"586","P2026-00526","通信系统大修工程-三期","设备更新","108.75","3","13/5/2026","13/5/2027","13/5/2028","设备更新项目，投资金额108.75万元","待论证","MANUAL","1","18/4/2026 06:47:55","6/5/2026 08:58:15"
"587","P2026-00527","储能电站新建工程-一期","生产设备大修","4384.9","3","24/2/2026","24/2/2027","24/2/2028","生产设备大修项目，投资金额4384.90万元","待论证","MANUAL","1","5/2/2026 13:57:22","18/5/2026 21:05:49"
"588","P2026-00528","储能电站升级工程-先行段","科技创新","4655.31","1","29/5/2026","29/5/2027","29/5/2028","科技创新项目，投资金额4655.31万元","已入库","IMPORT","1","23/5/2026 06:51:33","21/5/2026 23:10:14"
"589","P2026-00529","输电线路大修工程-主体段","维修维护","1309.97","8","23/5/2026","23/5/2027","23/5/2028","维修维护项目，投资金额1309.97万元","草稿","IMPORT","1","4/2/2026 05:06:18","10/3/2026 14:16:00"
"590","P2026-00530","调度中心技改项目-三期","生产设备技改","794","11","28/1/2026","28/1/2027","28/1/2028","生产设备技改项目，投资金额794.00万元","草稿","IMPORT","1","17/1/2026 04:30:42","6/5/2026 19:12:52"
"591","P2026-00531","智能电网扩建工程-一期","生产设备技改","3071.91","11","8/3/2026","8/3/2027","8/3/2028","生产设备技改项目，投资金额3071.91万元","待审核","IMPORT","1","2/2/2026 03:50:50","28/4/2026 07:56:31"
"592","P2026-00532","变电站维护项目-一期","设备更新","2538.8","6","21/4/2026","21/4/2027","21/4/2028","设备更新项目，投资金额2538.80万元","待论证","IMPORT","1","10/2/2026 15:28:16","19/2/2026 13:45:35"
"593","P2026-00533","配电网优化项目-主体段","生产设备大修","620.75","3","30/5/2026","30/5/2027","30/5/2028","生产设备大修项目，投资金额620.75万元","待论证","IMPORT","1","1/2/2026 03:44:24","8/3/2026 13:13:02"
"594","P2026-00534","储能电站维护项目-二期","科技创新","4263.82","3","23/1/2026","23/1/2027","23/1/2028","科技创新项目，投资金额4263.82万元","审核通过","IMPORT","1","2/1/2026 15:44:40","4/2/2026 07:21:35"
"595","P2026-00535","配电网大修工程-一期","科技创新","4714.1","1","25/5/2026","25/5/2027","25/5/2028","科技创新项目，投资金额4714.10万元","已入库","IMPORT","1","17/3/2026 17:14:49","23/3/2026 09:16:05"
"596","P2026-00536","充电桩新建工程-三期","维修维护","1350.68","3","1/2/2026","1/2/2027","1/2/2028","维修维护项目，投资金额1350.68万元","待论证","MANUAL","1","20/1/2026 07:06:16","25/2/2026 01:18:33"
"597","P2026-00537","充电桩维护项目-二期","生产设备技改","2932.53","1","28/4/2026","28/4/2027","28/4/2028","生产设备技改项目，投资金额2932.53万元","已过期","IMPORT","1","8/4/2026 17:54:51","11/4/2026 13:21:34"
"598","P2026-00538","储能电站改造工程-三期","维修维护","871.39","11","19/4/2026","19/4/2027","19/4/2028","维修维护项目，投资金额871.39万元","已入库","MANUAL","1","12/4/2026 12:08:37","15/5/2026 00:55:37"
"599","P2026-00539","变电站改造工程-主体段","维修维护","2015.66","4","22/5/2026","22/5/2027","22/5/2028","维修维护项目，投资金额2015.66万元","草稿","IMPORT","1","5/5/2026 12:57:24","9/5/2026 04:21:54"
"600","P2026-00540","智能电网升级工程-先行段","生产设备技改","4428.71","4","15/4/2026","15/4/2027","15/4/2028","生产设备技改项目，投资金额4428.71万元","待审核","IMPORT","1","27/2/2026 03:36:44","15/5/2026 15:49:00"
"601","P2026-00541","调度中心大修工程-主体段","电网基建","3551.72","9","17/4/2026","17/4/2027","17/4/2028","电网基建项目，投资金额3551.72万元","待审核","IMPORT","1","30/1/2026 19:45:25","21/3/2026 06:48:04"
"602","P2026-00542","变电站优化项目-主体段","设备购置","4681.01","6","28/3/2026","28/3/2027","28/3/2028","设备购置项目，投资金额4681.01万元","草稿","MANUAL","1","16/3/2026 01:41:23","24/3/2026 12:45:56"
"603","P2026-00543","输电线路维护项目-二期","设备购置","2780.16","2","1/5/2026","1/5/2027","1/5/2028","设备购置项目，投资金额2780.16万元","论证通过","MANUAL","1","10/4/2026 18:44:25","8/5/2026 12:54:03"
"604","P2026-00544","储能电站大修工程-一期","生产设备技改","4748.94","10","25/5/2026","25/5/2027","25/5/2028","生产设备技改项目，投资金额4748.94万元","待论证","IMPORT","1","25/5/2026 06:10:11","24/5/2026 13:49:07"
"605","P2026-00545","充电桩维护项目-二期","生产设备技改","461.92","6","1/5/2026","1/5/2027","1/5/2028","生产设备技改项目，投资金额461.92万元","待论证","IMPORT","1","12/4/2026 01:27:56","1/5/2026 00:12:47"
"606","P2026-00546","智能电网扩建工程-一期","维修维护","3413.9","8","15/5/2026","15/5/2027","15/5/2028","维修维护项目，投资金额3413.90万元","论证通过","MANUAL","1","25/4/2026 08:11:53","15/5/2026 11:01:04"
"607","P2026-00547","储能电站升级工程-一期","维修维护","1181.82","2","1/4/2026","1/4/2027","1/4/2028","维修维护项目，投资金额1181.82万元","已过期","MANUAL","1","10/2/2026 19:44:35","16/2/2026 05:57:13"
"608","P2026-00548","通信系统大修工程-二期","电网基建","2940.41","11","13/5/2026","13/5/2027","13/5/2028","电网基建项目，投资金额2940.41万元","待论证","IMPORT","1","28/2/2026 06:43:18","4/5/2026 12:55:58"
"609","P2026-00549","通信系统大修工程-一期","设备更新","4693.85","8","28/4/2026","28/4/2027","28/4/2028","设备更新项目，投资金额4693.85万元","待论证","IMPORT","1","15/4/2026 12:38:10","18/4/2026 05:24:54"
"610","P2026-00550","通信系统扩建工程-一期","电网基建","4294.59","9","24/5/2026","24/5/2027","24/5/2028","电网基建项目，投资金额4294.59万元","已过期","MANUAL","1","21/5/2026 12:07:41","21/5/2026 11:58:51"
"611","P2026-00551","输电线路改造工程-主体段","电网基建","2588.94","6","24/5/2026","24/5/2027","24/5/2028","电网基建项目，投资金额2588.94万元","待审核","IMPORT","1","20/4/2026 16:15:22","27/4/2026 00:55:40"
"612","P2026-00552","储能电站大修工程-示范段","设备更新","1297.2","11","2/5/2026","2/5/2027","2/5/2028","设备更新项目，投资金额1297.20万元","草稿","MANUAL","1","19/2/2026 15:23:21","22/3/2026 14:10:26"
"613","P2026-00553","输电线路技改项目-一期","设备购置","4272.59","9","27/3/2026","27/3/2027","27/3/2028","设备购置项目，投资金额4272.59万元","待论证","IMPORT","1","1/1/2026 19:04:03","15/2/2026 02:20:51"
"614","P2026-00554","配电网大修工程-示范段","生产设备技改","4981.36","5","1/2/2026","1/2/2027","1/2/2028","生产设备技改项目，投资金额4981.36万元","已入库","IMPORT","1","1/2/2026 04:11:30","21/4/2026 08:46:30"
"615","P2026-00555","储能电站新建工程-示范段","生产设备技改","1895.69","8","30/4/2026","30/4/2027","30/4/2028","生产设备技改项目，投资金额1895.69万元","审核通过","MANUAL","1","16/1/2026 14:06:00","12/2/2026 13:41:47"
"616","P2026-00556","变电站改造工程-主体段","科技创新","2694.71","10","28/5/2026","28/5/2027","28/5/2028","科技创新项目，投资金额2694.71万元","论证通过","MANUAL","1","18/2/2026 20:00:25","20/5/2026 11:32:01"
"617","P2026-00557","通信系统技改项目-示范段","科技创新","1259.49","9","18/4/2026","18/4/2027","18/4/2028","科技创新项目，投资金额1259.49万元","论证通过","MANUAL","1","17/4/2026 07:08:13","25/4/2026 04:45:40"
"618","P2026-00558","储能电站优化项目-一期","生产设备技改","998.26","6","9/5/2026","9/5/2027","9/5/2028","生产设备技改项目，投资金额998.26万元","已入库","IMPORT","1","26/4/2026 17:14:24","5/5/2026 03:11:33"
"619","P2026-00559","储能电站大修工程-一期","科技创新","1182.23","9","30/4/2026","30/4/2027","30/4/2028","科技创新项目，投资金额1182.23万元","已入库","MANUAL","1","27/4/2026 16:01:43","4/5/2026 09:19:25"
"620","P2026-00560","储能电站优化项目-三期","设备更新","3909.75","9","25/2/2026","25/2/2027","25/2/2028","设备更新项目，投资金额3909.75万元","审核通过","IMPORT","1","21/2/2026 23:05:14","23/2/2026 10:12:18"
"621","P2026-00561","通信系统改造工程-二期","生产设备技改","3987.1","1","12/3/2026","12/3/2027","12/3/2028","生产设备技改项目，投资金额3987.10万元","审核通过","MANUAL","1","2/2/2026 09:09:23","16/3/2026 23:34:02"
"622","P2026-00562","储能电站新建工程-三期","电网基建","2947.98","10","23/5/2026","23/5/2027","23/5/2028","电网基建项目，投资金额2947.98万元","已过期","MANUAL","1","20/5/2026 09:14:01","20/5/2026 09:47:00"
"623","P2026-00563","智能电网技改项目-二期","设备更新","3169.3","2","3/5/2026","3/5/2027","3/5/2028","设备更新项目，投资金额3169.30万元","待论证","MANUAL","1","15/3/2026 05:30:13","16/3/2026 13:36:06"
"624","P2026-00564","变电站扩建工程-二期","维修维护","4094.26","10","3/2/2026","3/2/2027","3/2/2028","维修维护项目，投资金额4094.26万元","待论证","IMPORT","1","21/1/2026 13:29:00","2/2/2026 19:44:16"
"625","P2026-00565","配电网优化项目-先行段","生产设备大修","4576.02","7","19/5/2026","19/5/2027","19/5/2028","生产设备大修项目，投资金额4576.02万元","待审核","MANUAL","1","1/4/2026 20:22:13","7/5/2026 15:48:39"
"626","P2026-00566","输电线路升级工程-三期","维修维护","1565.05","3","9/5/2026","9/5/2027","9/5/2028","维修维护项目，投资金额1565.05万元","审核通过","IMPORT","1","29/3/2026 04:35:36","14/5/2026 23:11:14"
"627","P2026-00567","变电站大修工程-三期","设备购置","1615.43","11","28/5/2026","28/5/2027","28/5/2028","设备购置项目，投资金额1615.43万元","待审核","IMPORT","1","25/5/2026 04:31:43","24/5/2026 02:41:51"
"628","P2026-00568","充电桩维护项目-一期","电网基建","1141.55","6","24/3/2026","24/3/2027","24/3/2028","电网基建项目，投资金额1141.55万元","已入库","MANUAL","1","13/1/2026 16:46:36","27/2/2026 19:13:14"
"629","P2026-00569","调度中心大修工程-一期","设备购置","953.82","2","15/2/2026","15/2/2027","15/2/2028","设备购置项目，投资金额953.82万元","论证通过","IMPORT","1","15/2/2026 01:23:12","30/4/2026 11:52:17"
"630","P2026-00570","智能电网维护项目-先行段","设备更新","2013.79","5","15/4/2026","15/4/2027","15/4/2028","设备更新项目，投资金额2013.79万元","论证通过","MANUAL","1","11/2/2026 23:15:19","31/3/2026 12:51:46"
"631","P2026-00571","储能电站大修工程-示范段","设备购置","573.15","1","15/5/2026","15/5/2027","15/5/2028","设备购置项目，投资金额573.15万元","待论证","IMPORT","1","12/5/2026 06:53:56","21/5/2026 02:58:14"
"632","P2026-00572","配电网大修工程-先行段","电网基建","1698.39","4","11/5/2026","11/5/2027","11/5/2028","电网基建项目，投资金额1698.39万元","待审核","MANUAL","1","8/3/2026 02:16:33","24/3/2026 05:12:54"
"633","P2026-00573","储能电站技改项目-先行段","设备购置","1014.03","8","7/4/2026","7/4/2027","7/4/2028","设备购置项目，投资金额1014.03万元","待论证","IMPORT","1","22/3/2026 21:06:58","19/5/2026 16:34:17"
"634","P2026-00574","输电线路优化项目-一期","生产设备大修","2225.48","11","22/5/2026","22/5/2027","22/5/2028","生产设备大修项目，投资金额2225.48万元","待审核","IMPORT","1","11/5/2026 15:45:59","17/5/2026 21:48:34"
"635","P2026-00575","输电线路升级工程-先行段","维修维护","2686.14","10","18/3/2026","18/3/2027","18/3/2028","维修维护项目，投资金额2686.14万元","论证通过","IMPORT","1","2/3/2026 00:49:47","9/4/2026 08:37:50"
"636","P2026-00576","调度中心技改项目-先行段","生产设备技改","979.95","1","7/4/2026","7/4/2027","7/4/2028","生产设备技改项目，投资金额979.95万元","待论证","IMPORT","1","14/1/2026 16:18:53","6/2/2026 01:23:04"
"637","P2026-00577","变电站维护项目-先行段","维修维护","3308.96","7","1/3/2026","1/3/2027","1/3/2028","维修维护项目，投资金额3308.96万元","草稿","IMPORT","1","21/2/2026 21:53:09","31/3/2026 10:44:14"
"638","P2026-00578","变电站维护项目-一期","生产设备大修","788.25","10","21/3/2026","21/3/2027","21/3/2028","生产设备大修项目，投资金额788.25万元","待审核","MANUAL","1","21/3/2026 14:28:20","9/4/2026 23:16:45"
"639","P2026-00579","智能电网优化项目-先行段","设备更新","4836.9","8","30/5/2026","30/5/2027","30/5/2028","设备更新项目，投资金额4836.90万元","已入库","MANUAL","1","17/5/2026 13:06:59","18/5/2026 20:47:26"
"640","P2026-00580","充电桩优化项目-主体段","设备更新","3417.03","7","6/3/2026","6/3/2027","6/3/2028","设备更新项目，投资金额3417.03万元","已过期","MANUAL","1","13/1/2026 04:01:23","29/1/2026 03:04:50"
"641","P2026-00581","输电线路改造工程-三期","生产设备技改","1326.23","1","6/2/2026","6/2/2027","6/2/2028","生产设备技改项目，投资金额1326.23万元","待论证","MANUAL","1","3/2/2026 15:24:22","23/4/2026 14:39:44"
"642","P2026-00582","智能电网技改项目-三期","维修维护","3966.38","10","10/4/2026","10/4/2027","10/4/2028","维修维护项目，投资金额3966.38万元","已过期","MANUAL","1","9/1/2026 19:59:08","26/2/2026 18:45:23"
"643","P2026-00583","通信系统新建工程-先行段","设备购置","3543.35","6","16/5/2026","16/5/2027","16/5/2028","设备购置项目，投资金额3543.35万元","待审核","MANUAL","1","25/2/2026 19:19:53","3/5/2026 21:37:16"
"644","P2026-00584","充电桩大修工程-一期","生产设备大修","2955.91","5","28/3/2026","28/3/2027","28/3/2028","生产设备大修项目，投资金额2955.91万元","草稿","IMPORT","1","21/3/2026 20:51:45","5/5/2026 15:08:29"
"645","P2026-00585","充电桩优化项目-示范段","设备购置","974.03","6","28/5/2026","28/5/2027","28/5/2028","设备购置项目，投资金额974.03万元","待审核","IMPORT","1","16/5/2026 12:51:57","17/5/2026 01:03:30"
"646","P2026-00586","充电桩技改项目-先行段","设备更新","2465.38","11","25/5/2026","25/5/2027","25/5/2028","设备更新项目，投资金额2465.38万元","论证通过","IMPORT","1","23/5/2026 11:25:36","22/5/2026 15:02:54"
"647","P2026-00587","输电线路优化项目-一期","设备购置","844.45","10","30/1/2026","30/1/2027","30/1/2028","设备购置项目，投资金额844.45万元","已入库","IMPORT","1","3/1/2026 16:17:18","2/4/2026 22:05:57"
"648","P2026-00588","智能电网新建工程-主体段","科技创新","4566.64","5","14/3/2026","14/3/2027","14/3/2028","科技创新项目，投资金额4566.64万元","审核通过","IMPORT","1","28/2/2026 12:49:21","7/4/2026 13:15:05"
"649","P2026-00589","通信系统大修工程-二期","设备购置","1064.88","4","31/5/2026","31/5/2027","31/5/2028","设备购置项目，投资金额1064.88万元","待审核","MANUAL","1","31/5/2026 18:32:04","24/5/2026 13:36:39"
"650","P2026-00590","变电站维护项目-主体段","科技创新","598.88","11","15/2/2026","15/2/2027","15/2/2028","科技创新项目，投资金额598.88万元","草稿","IMPORT","1","23/1/2026 04:34:57","6/2/2026 22:35:50"
"651","P2026-00591","配电网优化项目-示范段","电网基建","3413.16","5","17/3/2026","17/3/2027","17/3/2028","电网基建项目，投资金额3413.16万元","已入库","IMPORT","1","23/2/2026 09:09:33","9/5/2026 05:20:43"
"652","P2026-00592","智能电网维护项目-三期","生产设备大修","2141.67","10","26/2/2026","26/2/2027","26/2/2028","生产设备大修项目，投资金额2141.67万元","草稿","IMPORT","1","2/1/2026 11:34:37","10/3/2026 05:34:44"
"653","P2026-00593","智能电网维护项目-先行段","电网基建","2053.75","6","12/2/2026","12/2/2027","12/2/2028","电网基建项目，投资金额2053.75万元","草稿","IMPORT","1","27/1/2026 01:53:10","28/3/2026 18:06:05"
"654","P2026-00594","智能电网新建工程-主体段","生产设备大修","3143.47","4","7/5/2026","7/5/2027","7/5/2028","生产设备大修项目，投资金额3143.47万元","已入库","IMPORT","1","16/4/2026 16:03:57","4/5/2026 15:03:35"
"655","P2026-00595","配电网技改项目-二期","维修维护","2200.07","7","29/5/2026","29/5/2027","29/5/2028","维修维护项目，投资金额2200.07万元","待论证","IMPORT","1","5/3/2026 19:56:51","24/4/2026 17:15:11"
"656","P2026-00596","智能电网技改项目-主体段","设备购置","2249.53","9","19/3/2026","19/3/2027","19/3/2028","设备购置项目，投资金额2249.53万元","已入库","IMPORT","1","28/1/2026 02:47:11","18/2/2026 14:38:15"
"657","P2026-00597","输电线路大修工程-示范段","维修维护","4562.78","6","23/5/2026","23/5/2027","23/5/2028","维修维护项目，投资金额4562.78万元","待论证","IMPORT","1","29/1/2026 09:00:22","9/2/2026 14:52:40"
"658","P2026-00598","充电桩改造工程-主体段","维修维护","2117.47","10","20/5/2026","20/5/2027","20/5/2028","维修维护项目，投资金额2117.47万元","草稿","MANUAL","1","12/5/2026 19:23:04","14/5/2026 16:32:26"
"659","P2026-00599","充电桩优化项目-先行段","科技创新","4423.71","9","8/5/2026","8/5/2027","8/5/2028","科技创新项目，投资金额4423.71万元","草稿","MANUAL","1","8/3/2026 00:15:42","7/4/2026 11:21:23"
"660","P2026-00600","调度中心新建工程-二期","电网基建","823.44","7","28/5/2026","28/5/2027","28/5/2028","电网基建项目，投资金额823.44万元","待审核","MANUAL","1","22/5/2026 14:20:28","21/5/2026 19:44:18"
"661","P2026-00601","调度中心升级工程-二期","生产设备技改","2699.41","1","6/5/2026","6/5/2027","6/5/2028","生产设备技改项目，投资金额2699.41万元","已入库","IMPORT","1","17/4/2026 00:34:37","11/5/2026 11:37:22"
"662","P2026-00602","充电桩扩建工程-示范段","科技创新","2792.51","1","18/3/2026","18/3/2027","18/3/2028","科技创新项目，投资金额2792.51万元","待审核","MANUAL","1","19/2/2026 00:12:59","1/4/2026 04:30:30"
"663","P2026-00603","充电桩改造工程-二期","维修维护","2342.2","4","14/2/2026","14/2/2027","14/2/2028","维修维护项目，投资金额2342.20万元","已入库","MANUAL","1","2/2/2026 04:38:11","11/3/2026 21:56:59"
"664","P2026-00604","调度中心技改项目-先行段","设备更新","4524.75","3","3/2/2026","3/2/2027","3/2/2028","设备更新项目，投资金额4524.75万元","已入库","IMPORT","1","7/1/2026 02:25:20","15/1/2026 13:03:37"
"665","P2026-00605","输电线路优化项目-主体段","设备购置","1677.55","6","7/5/2026","7/5/2027","7/5/2028","设备购置项目，投资金额1677.55万元","论证通过","IMPORT","1","27/3/2026 10:17:34","14/5/2026 02:50:43"
"666","P2026-00606","调度中心升级工程-一期","设备购置","1863.86","11","7/5/2026","7/5/2027","7/5/2028","设备购置项目，投资金额1863.86万元","待审核","IMPORT","1","7/5/2026 12:44:00","14/5/2026 15:39:03"
"667","P2026-00607","充电桩优化项目-示范段","生产设备大修","3474.49","9","11/5/2026","11/5/2027","11/5/2028","生产设备大修项目，投资金额3474.49万元","待论证","MANUAL","1","19/2/2026 17:03:51","24/3/2026 08:34:27"
"668","P2026-00608","调度中心改造工程-一期","维修维护","1790.58","8","17/4/2026","17/4/2027","17/4/2028","维修维护项目，投资金额1790.58万元","审核通过","IMPORT","1","5/1/2026 08:36:50","22/3/2026 07:04:06"
"669","P2026-00609","储能电站新建工程-三期","电网基建","1133.25","6","9/3/2026","9/3/2027","9/3/2028","电网基建项目，投资金额1133.25万元","已入库","MANUAL","1","19/1/2026 09:01:32","15/5/2026 05:07:22"
"670","P2026-00610","储能电站改造工程-二期","维修维护","2472.44","2","17/5/2026","17/5/2027","17/5/2028","维修维护项目，投资金额2472.44万元","待审核","IMPORT","1","13/5/2026 13:34:19","21/5/2026 06:33:26"
"671","P2026-00611","变电站升级工程-一期","维修维护","95.73","1","9/4/2026","9/4/2027","9/4/2028","维修维护项目，投资金额95.73万元","待论证","MANUAL","1","4/3/2026 05:07:43","14/3/2026 08:36:38"
"672","P2026-00612","变电站维护项目-示范段","生产设备大修","4182.26","3","12/4/2026","12/4/2027","12/4/2028","生产设备大修项目，投资金额4182.26万元","待论证","MANUAL","1","3/4/2026 17:44:47","13/4/2026 07:14:58"
"673","P2026-00613","输电线路优化项目-主体段","科技创新","1161.57","2","23/5/2026","23/5/2027","23/5/2028","科技创新项目，投资金额1161.57万元","待论证","MANUAL","1","23/5/2026 00:25:10","22/5/2026 10:46:24"
"674","P2026-00614","智能电网新建工程-一期","维修维护","4365.73","5","30/5/2026","30/5/2027","30/5/2028","维修维护项目，投资金额4365.73万元","待审核","MANUAL","1","28/5/2026 11:20:40","27/5/2026 09:58:20"
"675","P2026-00615","配电网改造工程-主体段","科技创新","4511","1","29/3/2026","29/3/2027","29/3/2028","科技创新项目，投资金额4511.00万元","已入库","IMPORT","1","6/3/2026 16:37:35","15/3/2026 04:29:24"
"676","P2026-00616","智能电网改造工程-先行段","电网基建","650.39","3","7/5/2026","7/5/2027","7/5/2028","电网基建项目，投资金额650.39万元","待审核","MANUAL","1","5/2/2026 05:18:31","19/4/2026 21:41:45"
"677","P2026-00617","变电站维护项目-示范段","生产设备技改","2839.31","11","1/3/2026","1/3/2027","1/3/2028","生产设备技改项目，投资金额2839.31万元","已过期","MANUAL","1","12/1/2026 22:15:16","22/2/2026 18:16:25"
"678","P2026-00618","储能电站改造工程-三期","设备更新","3441.04","3","19/5/2026","19/5/2027","19/5/2028","设备更新项目，投资金额3441.04万元","已入库","MANUAL","1","7/5/2026 00:04:15","18/5/2026 14:47:35"
"679","P2026-00619","配电网优化项目-主体段","设备购置","902.7","11","26/4/2026","26/4/2027","26/4/2028","设备购置项目，投资金额902.70万元","待审核","IMPORT","1","17/4/2026 18:38:25","16/5/2026 23:33:05"
"680","P2026-00620","通信系统技改项目-示范段","科技创新","2427.22","5","6/2/2026","6/2/2027","6/2/2028","科技创新项目，投资金额2427.22万元","待论证","IMPORT","1","30/1/2026 19:31:10","21/4/2026 18:30:08"
"681","P2026-00621","充电桩升级工程-一期","科技创新","4888.76","10","19/5/2026","19/5/2027","19/5/2028","科技创新项目，投资金额4888.76万元","论证通过","MANUAL","1","2/5/2026 15:23:16","6/5/2026 12:40:23"
"682","P2026-00622","充电桩大修工程-主体段","维修维护","1025.35","11","23/5/2026","23/5/2027","23/5/2028","维修维护项目，投资金额1025.35万元","待审核","IMPORT","1","5/4/2026 14:14:01","19/5/2026 03:21:06"
"683","P2026-00623","变电站升级工程-先行段","维修维护","4752.65","6","13/4/2026","13/4/2027","13/4/2028","维修维护项目，投资金额4752.65万元","待审核","MANUAL","1","25/2/2026 00:10:19","10/4/2026 06:18:48"
"684","P2026-00624","输电线路新建工程-三期","科技创新","3495.48","2","17/5/2026","17/5/2027","17/5/2028","科技创新项目，投资金额3495.48万元","待论证","MANUAL","1","23/2/2026 16:15:44","29/3/2026 04:35:11"
"685","P2026-00625","充电桩新建工程-三期","维修维护","3002.77","6","29/5/2026","29/5/2027","29/5/2028","维修维护项目，投资金额3002.77万元","审核通过","IMPORT","1","22/2/2026 06:49:13","16/4/2026 15:17:03"
"686","P2026-00626","智能电网新建工程-主体段","科技创新","4579.91","4","7/5/2026","7/5/2027","7/5/2028","科技创新项目，投资金额4579.91万元","待论证","IMPORT","1","21/4/2026 20:54:28","1/5/2026 12:10:36"
"687","P2026-00627","储能电站新建工程-示范段","科技创新","1523.91","6","27/4/2026","27/4/2027","27/4/2028","科技创新项目，投资金额1523.91万元","待论证","IMPORT","1","2/4/2026 13:56:04","14/5/2026 05:20:07"
"688","P2026-00628","配电网优化项目-主体段","设备购置","4879.1","9","9/3/2026","9/3/2027","9/3/2028","设备购置项目，投资金额4879.10万元","待论证","MANUAL","1","22/1/2026 19:17:50","30/3/2026 03:00:37"
"689","P2026-00629","调度中心改造工程-主体段","电网基建","1662.14","9","11/4/2026","11/4/2027","11/4/2028","电网基建项目，投资金额1662.14万元","已入库","MANUAL","1","2/2/2026 09:22:30","22/3/2026 10:58:41"
"690","P2026-00630","调度中心新建工程-主体段","电网基建","691.33","4","18/4/2026","18/4/2027","18/4/2028","电网基建项目，投资金额691.33万元","待论证","MANUAL","1","6/1/2026 08:52:09","19/4/2026 09:59:51"
"691","P2026-00631","输电线路扩建工程-示范段","生产设备技改","880.17","11","21/5/2026","21/5/2027","21/5/2028","生产设备技改项目，投资金额880.17万元","待审核","MANUAL","1","24/4/2026 08:14:29","10/5/2026 15:24:05"
"692","P2026-00632","储能电站改造工程-三期","电网基建","577.55","11","9/5/2026","9/5/2027","9/5/2028","电网基建项目，投资金额577.55万元","待论证","MANUAL","1","23/4/2026 02:59:32","26/4/2026 22:24:05"
"693","P2026-00633","变电站技改项目-三期","设备购置","2885.18","8","16/5/2026","16/5/2027","16/5/2028","设备购置项目，投资金额2885.18万元","待审核","IMPORT","1","12/3/2026 11:22:49","12/4/2026 11:50:44"
"694","P2026-00634","通信系统扩建工程-示范段","设备购置","2125.36","6","27/5/2026","27/5/2027","27/5/2028","设备购置项目，投资金额2125.36万元","论证通过","IMPORT","1","24/5/2026 20:00:08","23/5/2026 06:43:05"
"695","P2026-00635","输电线路新建工程-示范段","设备更新","77.99","6","1/5/2026","1/5/2027","1/5/2028","设备更新项目，投资金额77.99万元","已入库","IMPORT","1","6/4/2026 21:09:17","19/4/2026 03:16:37"
"696","P2026-00636","通信系统改造工程-一期","生产设备大修","1616.5","6","23/5/2026","23/5/2027","23/5/2028","生产设备大修项目，投资金额1616.50万元","待审核","MANUAL","1","4/5/2026 16:12:45","18/5/2026 16:59:27"
"697","P2026-00637","智能电网技改项目-三期","生产设备技改","1465.38","8","12/4/2026","12/4/2027","12/4/2028","生产设备技改项目，投资金额1465.38万元","已过期","IMPORT","1","7/4/2026 06:58:31","3/5/2026 23:41:33"
"698","P2026-00638","充电桩优化项目-示范段","设备购置","2250.27","7","16/4/2026","16/4/2027","16/4/2028","设备购置项目，投资金额2250.27万元","已过期","MANUAL","1","2/3/2026 04:56:12","14/4/2026 14:07:18"
"699","P2026-00639","输电线路维护项目-三期","设备更新","565.96","6","22/3/2026","22/3/2027","22/3/2028","设备更新项目，投资金额565.96万元","已过期","MANUAL","1","24/2/2026 10:36:48","5/4/2026 22:41:34"
"700","P2026-00640","输电线路扩建工程-一期","电网基建","3906.34","3","29/5/2026","29/5/2027","29/5/2028","电网基建项目，投资金额3906.34万元","已入库","IMPORT","1","10/5/2026 17:56:33","16/5/2026 03:43:42"
"701","P2026-00641","通信系统升级工程-二期","生产设备大修","299.78","3","21/5/2026","21/5/2027","21/5/2028","生产设备大修项目，投资金额299.78万元","已入库","MANUAL","1","12/4/2026 07:41:31","20/5/2026 00:41:48"
"702","P2026-00642","输电线路技改项目-主体段","维修维护","1257.51","6","18/5/2026","18/5/2027","18/5/2028","维修维护项目，投资金额1257.51万元","已入库","IMPORT","1","23/3/2026 05:23:17","14/5/2026 18:42:23"
"703","P2026-00643","储能电站大修工程-一期","设备更新","4525.61","8","26/5/2026","26/5/2027","26/5/2028","设备更新项目，投资金额4525.61万元","草稿","MANUAL","1","26/5/2026 20:57:33","22/5/2026 15:17:08"
"704","P2026-00644","调度中心优化项目-主体段","电网基建","4779.67","8","30/4/2026","30/4/2027","30/4/2028","电网基建项目，投资金额4779.67万元","草稿","MANUAL","1","13/3/2026 05:41:01","24/4/2026 04:00:51"
"705","P2026-00645","配电网维护项目-一期","生产设备技改","69.75","6","26/5/2026","26/5/2027","26/5/2028","生产设备技改项目，投资金额69.75万元","论证通过","IMPORT","1","25/5/2026 06:21:32","25/5/2026 04:20:33"
"706","P2026-00646","充电桩升级工程-先行段","设备购置","65.37","8","27/3/2026","27/3/2027","27/3/2028","设备购置项目，投资金额65.37万元","论证通过","IMPORT","1","29/1/2026 18:57:49","16/3/2026 10:07:27"
"707","P2026-00647","变电站改造工程-三期","生产设备大修","3184.44","7","19/5/2026","19/5/2027","19/5/2028","生产设备大修项目，投资金额3184.44万元","已入库","IMPORT","1","28/4/2026 19:37:30","7/5/2026 19:20:58"
"708","P2026-00648","储能电站扩建工程-主体段","维修维护","2019.6","6","23/5/2026","23/5/2027","23/5/2028","维修维护项目，投资金额2019.60万元","待论证","IMPORT","1","29/3/2026 19:21:32","17/5/2026 13:28:41"
"709","P2026-00649","储能电站新建工程-先行段","设备购置","4806.32","5","29/5/2026","29/5/2027","29/5/2028","设备购置项目，投资金额4806.32万元","待审核","MANUAL","1","7/5/2026 01:58:25","14/5/2026 01:46:44"
"710","P2026-00650","输电线路大修工程-一期","生产设备大修","3816.68","3","2/3/2026","2/3/2027","2/3/2028","生产设备大修项目，投资金额3816.68万元","待审核","IMPORT","1","3/2/2026 14:35:54","6/4/2026 14:13:20"
"711","P2026-00651","配电网维护项目-二期","科技创新","4383.14","2","17/5/2026","17/5/2027","17/5/2028","科技创新项目，投资金额4383.14万元","已入库","IMPORT","1","10/5/2026 13:59:08","12/5/2026 15:26:12"
"712","P2026-00652","智能电网大修工程-三期","生产设备大修","501.2","7","21/4/2026","21/4/2027","21/4/2028","生产设备大修项目，投资金额501.20万元","待论证","IMPORT","1","1/3/2026 00:13:42","14/4/2026 17:05:12"
"713","P2026-00653","通信系统大修工程-一期","维修维护","3237.02","11","29/5/2026","29/5/2027","29/5/2028","维修维护项目，投资金额3237.02万元","草稿","MANUAL","1","13/5/2026 02:23:35","17/5/2026 09:24:14"
"714","P2026-00654","储能电站升级工程-主体段","设备更新","2830.48","6","30/5/2026","30/5/2027","30/5/2028","设备更新项目，投资金额2830.48万元","待审核","IMPORT","1","13/5/2026 11:20:58","19/5/2026 06:42:12"
"715","P2026-00655","通信系统改造工程-二期","设备更新","3303.77","10","8/4/2026","8/4/2027","8/4/2028","设备更新项目，投资金额3303.77万元","已入库","IMPORT","1","7/3/2026 12:14:11","16/5/2026 18:51:19"
"716","P2026-00656","储能电站优化项目-二期","维修维护","3909.47","2","24/5/2026","24/5/2027","24/5/2028","维修维护项目，投资金额3909.47万元","待论证","IMPORT","1","24/4/2026 02:57:47","29/4/2026 23:38:59"
"717","P2026-00657","配电网扩建工程-示范段","生产设备大修","2215.87","3","17/4/2026","17/4/2027","17/4/2028","生产设备大修项目，投资金额2215.87万元","待论证","MANUAL","1","16/4/2026 20:58:58","8/5/2026 13:12:12"
"718","P2026-00658","配电网改造工程-一期","科技创新","1237.28","5","17/4/2026","17/4/2027","17/4/2028","科技创新项目，投资金额1237.28万元","待审核","MANUAL","1","14/4/2026 11:04:49","22/4/2026 21:48:18"
"719","P2026-00659","变电站优化项目-示范段","生产设备大修","4036.53","10","10/5/2026","10/5/2027","10/5/2028","生产设备大修项目，投资金额4036.53万元","审核通过","IMPORT","1","6/3/2026 09:14:32","21/4/2026 17:20:56"
"720","P2026-00660","配电网技改项目-三期","设备购置","2965.49","8","19/4/2026","19/4/2027","19/4/2028","设备购置项目，投资金额2965.49万元","草稿","IMPORT","1","5/4/2026 03:41:21","4/5/2026 02:35:34"
"721","P2026-00661","智能电网新建工程-主体段","生产设备大修","1963.87","5","21/4/2026","21/4/2027","21/4/2028","生产设备大修项目，投资金额1963.87万元","待审核","MANUAL","1","31/3/2026 08:55:29","12/5/2026 14:29:41"
"722","P2026-00662","充电桩新建工程-三期","电网基建","71.54","7","8/4/2026","8/4/2027","8/4/2028","电网基建项目，投资金额71.54万元","待论证","IMPORT","1","15/1/2026 13:38:30","19/5/2026 02:06:20"
"723","P2026-00663","通信系统新建工程-先行段","电网基建","2455.92","7","19/4/2026","19/4/2027","19/4/2028","电网基建项目，投资金额2455.92万元","论证通过","IMPORT","1","20/2/2026 02:08:18","2/3/2026 12:26:25"
"724","P2026-00664","储能电站优化项目-一期","电网基建","1512.38","9","28/5/2026","28/5/2027","28/5/2028","电网基建项目，投资金额1512.38万元","审核通过","MANUAL","1","20/4/2026 01:58:31","20/4/2026 17:03:52"
"725","P2026-00665","充电桩新建工程-三期","设备更新","694.37","3","5/5/2026","5/5/2027","5/5/2028","设备更新项目，投资金额694.37万元","待审核","MANUAL","1","4/5/2026 17:30:15","16/5/2026 11:18:30"
"726","P2026-00666","输电线路升级工程-示范段","电网基建","2346.35","10","22/5/2026","22/5/2027","22/5/2028","电网基建项目，投资金额2346.35万元","待论证","MANUAL","1","21/1/2026 13:38:22","22/2/2026 19:05:39"
"727","P2026-00667","配电网升级工程-三期","电网基建","2894.63","1","28/3/2026","28/3/2027","28/3/2028","电网基建项目，投资金额2894.63万元","审核通过","IMPORT","1","27/1/2026 11:48:55","6/4/2026 07:15:25"
"728","P2026-00668","输电线路改造工程-三期","生产设备技改","292.72","10","9/3/2026","9/3/2027","9/3/2028","生产设备技改项目，投资金额292.72万元","待论证","IMPORT","1","6/1/2026 22:18:49","12/4/2026 10:35:35"
"729","P2026-00669","调度中心扩建工程-三期","电网基建","1872.39","11","29/5/2026","29/5/2027","29/5/2028","电网基建项目，投资金额1872.39万元","待审核","MANUAL","1","4/5/2026 13:31:50","19/5/2026 09:59:48"
"730","P2026-00670","调度中心优化项目-先行段","生产设备大修","2910.98","11","29/3/2026","29/3/2027","29/3/2028","生产设备大修项目，投资金额2910.98万元","待论证","IMPORT","1","26/1/2026 14:50:33","5/4/2026 16:57:19"
"731","P2026-00671","调度中心优化项目-先行段","科技创新","4309.18","4","28/5/2026","28/5/2027","28/5/2028","科技创新项目，投资金额4309.18万元","待审核","MANUAL","1","16/4/2026 12:03:03","23/4/2026 19:00:15"
"732","P2026-00672","储能电站技改项目-先行段","维修维护","4694.34","2","23/5/2026","23/5/2027","23/5/2028","维修维护项目，投资金额4694.34万元","审核通过","MANUAL","1","3/4/2026 02:27:47","18/5/2026 12:35:16"
"733","P2026-00673","变电站改造工程-一期","生产设备技改","997.34","4","24/3/2026","24/3/2027","24/3/2028","生产设备技改项目，投资金额997.34万元","待论证","IMPORT","1","17/1/2026 08:58:15","16/5/2026 23:29:56"
"734","P2026-00674","变电站优化项目-三期","电网基建","1242.08","4","30/3/2026","30/3/2027","30/3/2028","电网基建项目，投资金额1242.08万元","已过期","MANUAL","1","14/1/2026 17:38:05","4/2/2026 16:55:59"
"735","P2026-00675","储能电站大修工程-二期","生产设备大修","2030.06","8","23/5/2026","23/5/2027","23/5/2028","生产设备大修项目，投资金额2030.06万元","草稿","MANUAL","1","16/4/2026 20:02:24","7/5/2026 05:38:21"
"736","P2026-00676","调度中心技改项目-三期","维修维护","2209.51","8","18/5/2026","18/5/2027","18/5/2028","维修维护项目，投资金额2209.51万元","已过期","MANUAL","1","28/1/2026 05:25:16","7/2/2026 03:46:38"
"737","P2026-00677","配电网改造工程-二期","科技创新","1879.52","5","27/4/2026","27/4/2027","27/4/2028","科技创新项目，投资金额1879.52万元","待审核","MANUAL","1","6/4/2026 06:20:34","8/4/2026 20:37:50"
"738","P2026-00678","充电桩技改项目-先行段","生产设备大修","4490.69","2","16/5/2026","16/5/2027","16/5/2028","生产设备大修项目，投资金额4490.69万元","待论证","IMPORT","1","12/3/2026 09:31:55","29/3/2026 11:35:51"
"739","P2026-00679","通信系统升级工程-三期","维修维护","2099.4","8","15/4/2026","15/4/2027","15/4/2028","维修维护项目，投资金额2099.40万元","待论证","IMPORT","1","6/3/2026 13:27:01","2/5/2026 13:47:33"
"740","P2026-00680","调度中心技改项目-三期","设备购置","2429.54","8","2/5/2026","2/5/2027","2/5/2028","设备购置项目，投资金额2429.54万元","已入库","IMPORT","1","28/1/2026 11:58:39","13/4/2026 10:37:01"
"741","P2026-00681","充电桩维护项目-先行段","电网基建","1321.48","11","5/3/2026","5/3/2027","5/3/2028","电网基建项目，投资金额1321.48万元","待论证","MANUAL","1","7/1/2026 08:30:11","17/2/2026 05:24:26"
"742","P2026-00682","智能电网改造工程-三期","生产设备技改","2813.26","3","2/5/2026","2/5/2027","2/5/2028","生产设备技改项目，投资金额2813.26万元","审核通过","IMPORT","1","10/1/2026 07:42:26","5/2/2026 03:17:10"
"743","P2026-00683","通信系统技改项目-先行段","生产设备大修","4245.35","7","27/2/2026","27/2/2027","27/2/2028","生产设备大修项目，投资金额4245.35万元","审核通过","IMPORT","1","13/2/2026 21:25:47","14/2/2026 00:43:06"
"744","P2026-00684","配电网扩建工程-示范段","生产设备技改","2435.2","11","26/5/2026","26/5/2027","26/5/2028","生产设备技改项目，投资金额2435.20万元","待审核","IMPORT","1","21/2/2026 12:34:08","21/5/2026 04:36:10"
"745","P2026-00685","配电网维护项目-一期","生产设备技改","517.79","7","19/3/2026","19/3/2027","19/3/2028","生产设备技改项目，投资金额517.79万元","已入库","MANUAL","1","13/3/2026 21:59:16","14/5/2026 20:55:10"
"746","P2026-00686","变电站扩建工程-三期","设备更新","652.69","6","28/5/2026","28/5/2027","28/5/2028","设备更新项目，投资金额652.69万元","论证通过","MANUAL","1","23/2/2026 10:51:17","4/5/2026 16:47:23"
"747","P2026-00687","输电线路新建工程-主体段","生产设备大修","2342.77","4","6/2/2026","6/2/2027","6/2/2028","生产设备大修项目，投资金额2342.77万元","待审核","MANUAL","1","6/2/2026 04:06:26","21/2/2026 04:24:02"
"748","P2026-00688","通信系统扩建工程-先行段","生产设备大修","2706.43","11","23/5/2026","23/5/2027","23/5/2028","生产设备大修项目，投资金额2706.43万元","待审核","IMPORT","1","30/4/2026 19:39:21","13/5/2026 19:47:24"
"749","P2026-00689","输电线路维护项目-二期","生产设备技改","4001.32","11","22/5/2026","22/5/2027","22/5/2028","生产设备技改项目，投资金额4001.32万元","待论证","MANUAL","1","22/5/2026 05:59:26","21/5/2026 19:35:43"
"750","P2026-00690","充电桩扩建工程-一期","科技创新","3563.85","10","18/4/2026","18/4/2027","18/4/2028","科技创新项目，投资金额3563.85万元","已入库","MANUAL","1","8/4/2026 18:50:35","14/5/2026 03:47:07"
"751","P2026-00691","充电桩技改项目-三期","设备购置","2649.15","4","22/5/2026","22/5/2027","22/5/2028","设备购置项目，投资金额2649.15万元","待论证","MANUAL","1","17/5/2026 04:18:20","17/5/2026 06:53:17"
"752","P2026-00692","通信系统升级工程-示范段","电网基建","1389.07","7","17/5/2026","17/5/2027","17/5/2028","电网基建项目，投资金额1389.07万元","论证通过","MANUAL","1","11/1/2026 01:59:09","6/3/2026 22:55:30"
"753","P2026-00693","输电线路大修工程-三期","设备更新","350.96","7","25/5/2026","25/5/2027","25/5/2028","设备更新项目，投资金额350.96万元","待论证","IMPORT","1","23/5/2026 16:35:11","23/5/2026 14:54:58"
"754","P2026-00694","变电站优化项目-先行段","电网基建","1271.4","1","7/3/2026","7/3/2027","7/3/2028","电网基建项目，投资金额1271.40万元","待论证","MANUAL","1","22/2/2026 01:08:56","1/4/2026 09:49:17"
"755","P2026-00695","调度中心改造工程-先行段","电网基建","434.92","10","8/5/2026","8/5/2027","8/5/2028","电网基建项目，投资金额434.92万元","待论证","IMPORT","1","25/4/2026 04:11:38","28/4/2026 14:11:12"
"756","P2026-00696","调度中心优化项目-三期","设备更新","2742.61","9","21/3/2026","21/3/2027","21/3/2028","设备更新项目，投资金额2742.61万元","论证通过","IMPORT","1","9/3/2026 14:14:15","14/4/2026 22:50:07"
"757","P2026-00697","充电桩大修工程-一期","设备购置","3439.27","5","19/5/2026","19/5/2027","19/5/2028","设备购置项目，投资金额3439.27万元","审核通过","MANUAL","1","16/5/2026 14:05:29","20/5/2026 09:58:57"
"758","P2026-00698","充电桩维护项目-一期","科技创新","1639.06","7","14/4/2026","14/4/2027","14/4/2028","科技创新项目，投资金额1639.06万元","已过期","MANUAL","1","28/3/2026 09:58:04","21/5/2026 07:32:36"
"759","P2026-00699","通信系统维护项目-二期","科技创新","4229.12","8","11/5/2026","11/5/2027","11/5/2028","科技创新项目，投资金额4229.12万元","待论证","MANUAL","1","23/3/2026 02:46:21","13/5/2026 13:11:14"
"760","P2026-00700","储能电站新建工程-先行段","生产设备大修","1700.93","11","20/4/2026","20/4/2027","20/4/2028","生产设备大修项目，投资金额1700.93万元","待论证","IMPORT","1","22/1/2026 07:48:56","25/1/2026 00:44:16"
"761","P2026-00701","配电网技改项目-示范段","维修维护","372.9","5","2/3/2026","2/3/2027","2/3/2028","维修维护项目，投资金额372.90万元","待审核","IMPORT","1","10/2/2026 19:01:08","2/3/2026 15:13:17"
"762","P2026-00702","调度中心新建工程-一期","设备购置","648.08","9","20/3/2026","20/3/2027","20/3/2028","设备购置项目，投资金额648.08万元","审核通过","IMPORT","1","12/1/2026 03:10:51","25/2/2026 06:15:13"
"763","P2026-00703","充电桩改造工程-主体段","生产设备大修","3686.58","4","13/3/2026","13/3/2027","13/3/2028","生产设备大修项目，投资金额3686.58万元","已过期","MANUAL","1","10/3/2026 06:05:11","30/3/2026 10:50:17"
"764","P2026-00704","变电站扩建工程-一期","设备更新","4335.84","7","10/4/2026","10/4/2027","10/4/2028","设备更新项目，投资金额4335.84万元","已过期","IMPORT","1","2/4/2026 19:49:43","21/5/2026 06:14:35"
"765","P2026-00705","通信系统改造工程-一期","设备购置","731.65","11","20/3/2026","20/3/2027","20/3/2028","设备购置项目，投资金额731.65万元","论证通过","MANUAL","1","19/2/2026 05:22:18","8/5/2026 03:49:52"
"766","P2026-00706","储能电站改造工程-二期","生产设备技改","4964.74","4","6/2/2026","6/2/2027","6/2/2028","生产设备技改项目，投资金额4964.74万元","审核通过","IMPORT","1","25/1/2026 05:08:46","26/3/2026 05:07:14"
"767","P2026-00707","输电线路技改项目-一期","生产设备技改","2194.83","10","26/5/2026","26/5/2027","26/5/2028","生产设备技改项目，投资金额2194.83万元","待论证","MANUAL","1","19/1/2026 03:00:28","20/2/2026 14:43:27"
"768","P2026-00708","变电站大修工程-示范段","生产设备大修","4691","5","14/2/2026","14/2/2027","14/2/2028","生产设备大修项目，投资金额4691.00万元","已入库","IMPORT","1","14/1/2026 08:17:02","26/1/2026 20:23:59"
"769","P2026-00709","输电线路技改项目-主体段","设备购置","2329.1","2","29/5/2026","29/5/2027","29/5/2028","设备购置项目，投资金额2329.10万元","审核通过","MANUAL","1","28/5/2026 16:37:28","26/5/2026 17:08:05"
"770","P2026-00710","调度中心改造工程-先行段","生产设备技改","1880.78","11","31/5/2026","31/5/2027","31/5/2028","生产设备技改项目，投资金额1880.78万元","审核通过","MANUAL","1","31/5/2026 08:13:42","29/5/2026 20:46:00"
"771","P2026-00711","调度中心维护项目-主体段","生产设备技改","4068.04","6","10/5/2026","10/5/2027","10/5/2028","生产设备技改项目，投资金额4068.04万元","草稿","IMPORT","1","27/1/2026 12:22:46","6/5/2026 22:29:29"
"772","P2026-00712","配电网新建工程-三期","维修维护","2868.24","5","27/2/2026","27/2/2027","27/2/2028","维修维护项目，投资金额2868.24万元","论证通过","IMPORT","1","2/2/2026 16:53:08","5/4/2026 09:33:14"
"773","P2026-00713","调度中心升级工程-三期","生产设备大修","3540.22","8","19/5/2026","19/5/2027","19/5/2028","生产设备大修项目，投资金额3540.22万元","待论证","IMPORT","1","25/3/2026 11:16:00","11/4/2026 11:48:10"
"774","P2026-00714","充电桩新建工程-先行段","生产设备大修","3410.09","4","23/5/2026","23/5/2027","23/5/2028","生产设备大修项目，投资金额3410.09万元","论证通过","MANUAL","1","9/5/2026 11:06:30","14/5/2026 17:54:00"
"775","P2026-00715","输电线路大修工程-一期","设备更新","1645.49","2","16/5/2026","16/5/2027","16/5/2028","设备更新项目，投资金额1645.49万元","审核通过","IMPORT","1","21/2/2026 01:03:32","8/3/2026 13:40:11"
"776","P2026-00716","充电桩升级工程-二期","科技创新","2410.69","11","21/5/2026","21/5/2027","21/5/2028","科技创新项目，投资金额2410.69万元","论证通过","IMPORT","1","17/5/2026 17:03:42","19/5/2026 23:53:02"
"777","P2026-00717","充电桩维护项目-三期","生产设备技改","1471.94","9","3/3/2026","3/3/2027","3/3/2028","生产设备技改项目，投资金额1471.94万元","草稿","MANUAL","1","30/1/2026 07:07:16","18/2/2026 05:28:32"
"778","P2026-00718","调度中心新建工程-先行段","电网基建","2804.62","7","23/5/2026","23/5/2027","23/5/2028","电网基建项目，投资金额2804.62万元","已入库","IMPORT","1","12/4/2026 16:59:38","19/4/2026 11:09:47"
"779","P2026-00719","储能电站技改项目-二期","维修维护","569.9","3","19/4/2026","19/4/2027","19/4/2028","维修维护项目，投资金额569.90万元","已入库","MANUAL","1","10/4/2026 02:14:43","27/4/2026 21:12:27"
"780","P2026-00720","变电站升级工程-示范段","设备购置","280.75","1","31/5/2026","31/5/2027","31/5/2028","设备购置项目，投资金额280.75万元","草稿","MANUAL","1","31/5/2026 01:36:31","22/5/2026 07:21:23"
"781","P2026-00721","储能电站改造工程-三期","维修维护","3570.64","2","19/4/2026","19/4/2027","19/4/2028","维修维护项目，投资金额3570.64万元","论证通过","IMPORT","1","2/4/2026 06:04:59","13/4/2026 05:38:42"
"782","P2026-00722","配电网维护项目-二期","设备购置","3887.58","3","27/5/2026","27/5/2027","27/5/2028","设备购置项目，投资金额3887.58万元","审核通过","IMPORT","1","7/5/2026 20:16:44","8/5/2026 21:53:22"
"783","P2026-00723","智能电网大修工程-先行段","生产设备大修","85.63","10","19/3/2026","19/3/2027","19/3/2028","生产设备大修项目，投资金额85.63万元","待审核","MANUAL","1","17/1/2026 06:07:45","2/3/2026 12:23:30"
"784","P2026-00724","智能电网优化项目-一期","生产设备大修","4079.08","1","30/5/2026","30/5/2027","30/5/2028","生产设备大修项目，投资金额4079.08万元","已入库","MANUAL","1","14/1/2026 12:50:16","15/2/2026 14:52:49"
"785","P2026-00725","储能电站升级工程-示范段","科技创新","2920.69","8","27/3/2026","27/3/2027","27/3/2028","科技创新项目，投资金额2920.69万元","草稿","IMPORT","1","16/1/2026 07:41:31","28/3/2026 02:37:44"
"786","P2026-00726","充电桩维护项目-二期","维修维护","4155.71","3","6/5/2026","6/5/2027","6/5/2028","维修维护项目，投资金额4155.71万元","草稿","MANUAL","1","12/3/2026 03:28:23","13/3/2026 08:12:20"
"787","P2026-00727","智能电网升级工程-一期","生产设备技改","2184.48","7","13/3/2026","13/3/2027","13/3/2028","生产设备技改项目，投资金额2184.48万元","已入库","IMPORT","1","16/1/2026 06:49:16","19/4/2026 11:13:37"
"788","P2026-00728","调度中心技改项目-三期","设备更新","4309.58","7","15/2/2026","15/2/2027","15/2/2028","设备更新项目，投资金额4309.58万元","待论证","IMPORT","1","15/1/2026 10:52:22","22/2/2026 19:30:48"
"789","P2026-00729","输电线路大修工程-二期","电网基建","1053.53","10","16/4/2026","16/4/2027","16/4/2028","电网基建项目，投资金额1053.53万元","已入库","MANUAL","1","6/3/2026 10:13:37","17/4/2026 10:17:58"
"790","P2026-00730","智能电网大修工程-主体段","生产设备技改","1164.75","4","8/5/2026","8/5/2027","8/5/2028","生产设备技改项目，投资金额1164.75万元","审核通过","IMPORT","1","8/2/2026 02:28:22","12/5/2026 07:46:36"
"791","P2026-00731","智能电网扩建工程-一期","生产设备技改","347.83","9","7/5/2026","7/5/2027","7/5/2028","生产设备技改项目，投资金额347.83万元","审核通过","MANUAL","1","24/4/2026 12:22:44","14/5/2026 00:41:01"
"792","P2026-00732","输电线路技改项目-主体段","科技创新","1297.23","5","24/4/2026","24/4/2027","24/4/2028","科技创新项目，投资金额1297.23万元","论证通过","MANUAL","1","9/4/2026 04:14:24","19/4/2026 18:03:51"
"793","P2026-00733","配电网改造工程-主体段","生产设备技改","4166.28","8","14/4/2026","14/4/2027","14/4/2028","生产设备技改项目，投资金额4166.28万元","论证通过","MANUAL","1","23/1/2026 09:40:19","17/2/2026 22:10:22"
"794","P2026-00734","输电线路改造工程-二期","维修维护","4796.46","7","20/2/2026","20/2/2027","20/2/2028","维修维护项目，投资金额4796.46万元","待审核","IMPORT","1","1/1/2026 23:35:42","5/4/2026 12:52:36"
"795","P2026-00735","充电桩改造工程-主体段","生产设备技改","887.31","8","21/5/2026","21/5/2027","21/5/2028","生产设备技改项目，投资金额887.31万元","已入库","IMPORT","1","27/4/2026 12:56:02","7/5/2026 05:31:45"
"796","P2026-00736","智能电网新建工程-示范段","设备更新","104.65","10","7/5/2026","7/5/2027","7/5/2028","设备更新项目，投资金额104.65万元","待审核","IMPORT","1","5/5/2026 22:13:32","17/5/2026 01:47:59"
"797","P2026-00737","充电桩大修工程-三期","设备购置","3656.77","7","26/5/2026","26/5/2027","26/5/2028","设备购置项目，投资金额3656.77万元","审核通过","IMPORT","1","4/3/2026 10:16:05","7/4/2026 12:30:04"
"798","P2026-00738","储能电站改造工程-三期","设备购置","3156.53","7","11/5/2026","11/5/2027","11/5/2028","设备购置项目，投资金额3156.53万元","草稿","MANUAL","1","31/3/2026 23:22:22","16/5/2026 01:08:58"
"799","P2026-00739","配电网维护项目-示范段","生产设备技改","3116.4","9","28/5/2026","28/5/2027","28/5/2028","生产设备技改项目，投资金额3116.40万元","论证通过","IMPORT","1","22/5/2026 21:24:12","22/5/2026 11:02:29"
"800","P2026-00740","储能电站维护项目-主体段","电网基建","4993.03","3","28/4/2026","28/4/2027","28/4/2028","电网基建项目，投资金额4993.03万元","待论证","IMPORT","1","28/3/2026 20:35:53","21/4/2026 16:28:33"
"801","P2026-00741","变电站优化项目-先行段","生产设备大修","1983.77","7","11/5/2026","11/5/2027","11/5/2028","生产设备大修项目，投资金额1983.77万元","审核通过","MANUAL","1","19/4/2026 12:08:55","13/5/2026 03:17:38"
"802","P2026-00742","输电线路新建工程-主体段","设备购置","4527.28","4","23/2/2026","23/2/2027","23/2/2028","设备购置项目，投资金额4527.28万元","待论证","MANUAL","1","17/2/2026 06:19:51","7/3/2026 20:40:06"
"803","P2026-00743","调度中心优化项目-主体段","生产设备技改","2655.01","7","29/5/2026","29/5/2027","29/5/2028","生产设备技改项目，投资金额2655.01万元","待论证","IMPORT","1","9/5/2026 06:59:09","10/5/2026 11:12:47"
"804","P2026-00744","变电站改造工程-一期","设备更新","3144.46","9","9/5/2026","9/5/2027","9/5/2028","设备更新项目，投资金额3144.46万元","已过期","IMPORT","1","20/3/2026 01:16:33","4/4/2026 16:33:54"
"805","P2026-00745","调度中心大修工程-示范段","维修维护","1920.96","1","9/5/2026","9/5/2027","9/5/2028","维修维护项目，投资金额1920.96万元","已入库","MANUAL","1","22/2/2026 04:49:50","18/5/2026 07:34:25"
"806","P2026-00746","输电线路升级工程-先行段","设备购置","4413.22","9","19/5/2026","19/5/2027","19/5/2028","设备购置项目，投资金额4413.22万元","论证通过","IMPORT","1","2/3/2026 20:57:31","20/3/2026 02:17:59"
"807","P2026-00747","变电站升级工程-二期","科技创新","316.31","8","18/4/2026","18/4/2027","18/4/2028","科技创新项目，投资金额316.31万元","草稿","MANUAL","1","19/2/2026 20:09:47","20/3/2026 06:52:26"
"808","P2026-00748","智能电网扩建工程-二期","生产设备技改","3362.8","9","26/4/2026","26/4/2027","26/4/2028","生产设备技改项目，投资金额3362.80万元","已过期","IMPORT","1","16/4/2026 15:20:49","9/5/2026 21:18:23"
"809","P2026-00749","通信系统改造工程-主体段","设备购置","2479.48","6","11/5/2026","11/5/2027","11/5/2028","设备购置项目，投资金额2479.48万元","待论证","IMPORT","1","10/4/2026 14:30:58","18/5/2026 05:24:36"
"810","P2026-00750","充电桩新建工程-二期","电网基建","1926.47","7","10/4/2026","10/4/2027","10/4/2028","电网基建项目，投资金额1926.47万元","待审核","MANUAL","1","2/3/2026 05:05:59","12/3/2026 09:19:25"
"811","P2026-00751","充电桩大修工程-一期","设备更新","1924.15","2","25/2/2026","25/2/2027","25/2/2028","设备更新项目，投资金额1924.15万元","审核通过","MANUAL","1","9/1/2026 08:16:50","16/3/2026 10:44:48"
"812","P2026-00752","智能电网优化项目-先行段","生产设备大修","3223.01","8","4/4/2026","4/4/2027","4/4/2028","生产设备大修项目，投资金额3223.01万元","论证通过","MANUAL","1","15/2/2026 08:39:15","9/5/2026 09:07:02"
"813","P2026-00753","通信系统技改项目-示范段","设备购置","4034.3","9","12/5/2026","12/5/2027","12/5/2028","设备购置项目，投资金额4034.30万元","审核通过","MANUAL","1","18/4/2026 11:02:03","19/5/2026 13:51:14"
"814","P2026-00754","智能电网升级工程-一期","维修维护","4145.12","10","29/3/2026","29/3/2027","29/3/2028","维修维护项目，投资金额4145.12万元","论证通过","MANUAL","1","28/3/2026 12:55:14","27/4/2026 04:33:58"
"815","P2026-00755","配电网大修工程-一期","电网基建","3637.95","4","23/4/2026","23/4/2027","23/4/2028","电网基建项目，投资金额3637.95万元","待审核","IMPORT","1","13/4/2026 11:19:09","15/5/2026 20:35:48"
"816","P2026-00756","智能电网新建工程-二期","设备更新","2507.91","4","28/5/2026","28/5/2027","28/5/2028","设备更新项目，投资金额2507.91万元","审核通过","IMPORT","1","14/5/2026 00:01:16","14/5/2026 17:32:22"
"817","P2026-00757","调度中心扩建工程-先行段","科技创新","1237.33","11","12/5/2026","12/5/2027","12/5/2028","科技创新项目，投资金额1237.33万元","已入库","MANUAL","1","2/5/2026 19:16:00","5/5/2026 16:58:04"
"818","P2026-00758","智能电网升级工程-示范段","维修维护","3453.02","2","16/5/2026","16/5/2027","16/5/2028","维修维护项目，投资金额3453.02万元","草稿","MANUAL","1","22/4/2026 21:01:32","3/5/2026 11:53:37"
"819","P2026-00759","输电线路维护项目-示范段","电网基建","3289.16","11","2/5/2026","2/5/2027","2/5/2028","电网基建项目，投资金额3289.16万元","审核通过","MANUAL","1","22/1/2026 12:16:26","16/3/2026 00:30:50"
"820","P2026-00760","调度中心技改项目-一期","科技创新","3821.78","8","18/5/2026","18/5/2027","18/5/2028","科技创新项目，投资金额3821.78万元","草稿","IMPORT","1","25/2/2026 13:47:22","14/3/2026 02:44:52"
"821","P2026-00761","智能电网维护项目-主体段","设备购置","2186.4","11","24/3/2026","24/3/2027","24/3/2028","设备购置项目，投资金额2186.40万元","待审核","MANUAL","1","9/3/2026 12:21:13","29/4/2026 23:44:13"
"822","P2026-00762","输电线路扩建工程-一期","维修维护","3026.12","1","4/3/2026","4/3/2027","4/3/2028","维修维护项目，投资金额3026.12万元","待论证","MANUAL","1","19/2/2026 02:34:03","11/3/2026 11:11:16"
"823","P2026-00763","调度中心新建工程-三期","设备更新","1754.03","7","19/3/2026","19/3/2027","19/3/2028","设备更新项目，投资金额1754.03万元","已过期","MANUAL","1","11/3/2026 20:21:33","14/5/2026 07:28:03"
"824","P2026-00764","智能电网优化项目-三期","设备更新","3973.83","6","20/3/2026","20/3/2027","20/3/2028","设备更新项目，投资金额3973.83万元","待论证","IMPORT","1","27/2/2026 05:19:27","22/3/2026 00:56:39"
"825","P2026-00765","输电线路改造工程-一期","电网基建","4389.6","11","10/1/2026","10/1/2027","10/1/2028","电网基建项目，投资金额4389.60万元","论证通过","MANUAL","1","2/1/2026 09:19:12","29/3/2026 05:43:39"
"826","P2026-00766","储能电站扩建工程-二期","设备更新","1320.81","4","13/4/2026","13/4/2027","13/4/2028","设备更新项目，投资金额1320.81万元","待论证","MANUAL","1","5/3/2026 07:43:43","16/3/2026 08:21:03"
"827","P2026-00767","充电桩大修工程-一期","电网基建","4196.38","10","19/5/2026","19/5/2027","19/5/2028","电网基建项目，投资金额4196.38万元","待论证","IMPORT","1","5/5/2026 22:30:26","15/5/2026 10:17:02"
"828","P2026-00768","变电站维护项目-二期","生产设备技改","2858.08","9","4/5/2026","4/5/2027","4/5/2028","生产设备技改项目，投资金额2858.08万元","已入库","IMPORT","1","22/4/2026 08:34:48","1/5/2026 05:11:14"
"829","P2026-00769","调度中心大修工程-先行段","设备购置","4364.08","1","6/5/2026","6/5/2027","6/5/2028","设备购置项目，投资金额4364.08万元","待论证","IMPORT","1","31/1/2026 00:53:16","8/2/2026 16:18:06"
"830","P2026-00770","通信系统升级工程-三期","电网基建","1919.63","5","23/3/2026","23/3/2027","23/3/2028","电网基建项目，投资金额1919.63万元","待论证","IMPORT","1","26/2/2026 18:34:47","5/3/2026 13:05:40"
"831","P2026-00771","配电网改造工程-示范段","生产设备大修","4894.61","2","28/2/2026","28/2/2027","28/2/2028","生产设备大修项目，投资金额4894.61万元","草稿","IMPORT","1","19/1/2026 13:15:21","25/3/2026 20:41:17"
"832","P2026-00772","调度中心升级工程-三期","设备购置","896.84","6","8/5/2026","8/5/2027","8/5/2028","设备购置项目，投资金额896.84万元","审核通过","MANUAL","1","6/4/2026 03:13:21","16/5/2026 17:40:02"
"833","P2026-00773","输电线路维护项目-示范段","设备购置","4668.37","2","2/5/2026","2/5/2027","2/5/2028","设备购置项目，投资金额4668.37万元","已过期","IMPORT","1","6/3/2026 02:44:14","5/5/2026 07:46:55"
"834","P2026-00774","变电站升级工程-一期","科技创新","337.69","10","25/5/2026","25/5/2027","25/5/2028","科技创新项目，投资金额337.69万元","论证通过","MANUAL","1","19/5/2026 07:32:43","20/5/2026 18:23:10"
"835","P2026-00775","储能电站优化项目-三期","生产设备技改","1691.36","2","18/3/2026","18/3/2027","18/3/2028","生产设备技改项目，投资金额1691.36万元","草稿","IMPORT","1","15/1/2026 21:41:43","20/4/2026 03:41:37"
"836","P2026-00776","储能电站扩建工程-一期","电网基建","2979.08","8","4/3/2026","4/3/2027","4/3/2028","电网基建项目，投资金额2979.08万元","已入库","MANUAL","1","26/2/2026 04:26:34","7/5/2026 19:52:17"
"837","P2026-00777","储能电站技改项目-主体段","电网基建","2198.11","6","25/5/2026","25/5/2027","25/5/2028","电网基建项目，投资金额2198.11万元","草稿","IMPORT","1","24/5/2026 18:58:53","24/5/2026 16:59:40"
"838","P2026-00778","输电线路维护项目-先行段","设备更新","4584.34","6","16/3/2026","16/3/2027","16/3/2028","设备更新项目，投资金额4584.34万元","已入库","MANUAL","1","26/1/2026 22:58:10","26/4/2026 12:44:52"
"839","P2026-00779","输电线路改造工程-先行段","科技创新","1912.64","1","18/4/2026","18/4/2027","18/4/2028","科技创新项目，投资金额1912.64万元","待论证","IMPORT","1","21/3/2026 10:20:19","2/4/2026 10:24:19"
"840","P2026-00780","变电站扩建工程-三期","科技创新","1114.26","10","11/4/2026","11/4/2027","11/4/2028","科技创新项目，投资金额1114.26万元","待审核","MANUAL","1","14/3/2026 23:19:04","5/5/2026 10:41:39"
"841","P2026-00781","储能电站维护项目-先行段","设备购置","3472.41","2","11/3/2026","11/3/2027","11/3/2028","设备购置项目，投资金额3472.41万元","论证通过","IMPORT","1","26/2/2026 17:33:47","3/3/2026 08:12:55"
"842","P2026-00782","通信系统扩建工程-一期","设备更新","3139.41","11","12/5/2026","12/5/2027","12/5/2028","设备更新项目，投资金额3139.41万元","审核通过","MANUAL","1","9/4/2026 13:31:09","18/5/2026 05:23:21"
"843","P2026-00783","调度中心优化项目-示范段","生产设备技改","1628","2","8/5/2026","8/5/2027","8/5/2028","生产设备技改项目，投资金额1628.00万元","待审核","MANUAL","1","14/1/2026 12:31:20","9/3/2026 01:02:50"
"844","P2026-00784","充电桩改造工程-主体段","科技创新","2528.07","10","18/5/2026","18/5/2027","18/5/2028","科技创新项目，投资金额2528.07万元","待审核","MANUAL","1","14/5/2026 14:15:54","17/5/2026 06:20:08"
"845","P2026-00785","储能电站改造工程-示范段","生产设备大修","3906.89","11","31/1/2026","31/1/2027","31/1/2028","生产设备大修项目，投资金额3906.89万元","草稿","MANUAL","1","15/1/2026 15:44:40","20/2/2026 04:10:36"
"846","P2026-00786","储能电站改造工程-三期","电网基建","576.95","10","29/5/2026","29/5/2027","29/5/2028","电网基建项目，投资金额576.95万元","待审核","IMPORT","1","20/2/2026 22:06:19","3/5/2026 11:17:43"
"847","P2026-00787","变电站优化项目-三期","生产设备技改","3823.4","11","16/5/2026","16/5/2027","16/5/2028","生产设备技改项目，投资金额3823.40万元","待审核","MANUAL","1","21/1/2026 11:50:01","28/1/2026 14:52:25"
"848","P2026-00788","配电网大修工程-先行段","生产设备技改","299.37","8","18/4/2026","18/4/2027","18/4/2028","生产设备技改项目，投资金额299.37万元","待论证","IMPORT","1","15/4/2026 04:30:47","30/4/2026 19:14:08"
"849","P2026-00789","调度中心优化项目-三期","设备购置","4375.59","2","18/4/2026","18/4/2027","18/4/2028","设备购置项目，投资金额4375.59万元","待审核","MANUAL","1","24/3/2026 07:34:00","24/3/2026 08:32:20"
"850","P2026-00790","充电桩新建工程-二期","科技创新","1187.83","2","24/4/2026","24/4/2027","24/4/2028","科技创新项目，投资金额1187.83万元","待审核","MANUAL","1","19/2/2026 07:38:33","2/3/2026 16:07:03"
"851","P2026-00791","变电站大修工程-示范段","设备更新","1751.65","10","3/5/2026","3/5/2027","3/5/2028","设备更新项目，投资金额1751.65万元","待论证","MANUAL","1","4/3/2026 03:57:00","3/4/2026 08:12:36"
"852","P2026-00792","调度中心维护项目-一期","生产设备大修","4223.68","5","10/5/2026","10/5/2027","10/5/2028","生产设备大修项目，投资金额4223.68万元","审核通过","MANUAL","1","8/5/2026 04:16:00","9/5/2026 21:02:14"
"853","P2026-00793","变电站大修工程-二期","维修维护","3925.87","2","14/4/2026","14/4/2027","14/4/2028","维修维护项目，投资金额3925.87万元","待审核","IMPORT","1","24/2/2026 03:33:40","23/3/2026 13:25:40"
"854","P2026-00794","储能电站优化项目-先行段","维修维护","3892.52","8","28/4/2026","28/4/2027","28/4/2028","维修维护项目，投资金额3892.52万元","已入库","IMPORT","1","19/3/2026 14:06:33","15/4/2026 00:51:26"
"855","P2026-00795","变电站升级工程-一期","科技创新","4917.88","10","31/5/2026","31/5/2027","31/5/2028","科技创新项目，投资金额4917.88万元","待审核","MANUAL","1","31/5/2026 10:30:00","26/5/2026 09:06:54"
"856","P2026-00796","储能电站新建工程-主体段","维修维护","85.39","10","27/5/2026","27/5/2027","27/5/2028","维修维护项目，投资金额85.39万元","待论证","IMPORT","1","26/5/2026 10:00:09","23/5/2026 07:58:56"
"857","P2026-00797","智能电网扩建工程-一期","设备更新","4310.57","11","7/3/2026","7/3/2027","7/3/2028","设备更新项目，投资金额4310.57万元","论证通过","IMPORT","1","4/1/2026 10:38:29","10/4/2026 03:32:31"
"858","P2026-00798","智能电网大修工程-先行段","设备购置","1795.29","4","29/5/2026","29/5/2027","29/5/2028","设备购置项目，投资金额1795.29万元","已入库","MANUAL","1","22/1/2026 01:38:54","13/4/2026 08:55:40"
"859","P2026-00799","充电桩改造工程-二期","生产设备技改","1508.28","1","22/5/2026","22/5/2027","22/5/2028","生产设备技改项目，投资金额1508.28万元","草稿","MANUAL","1","14/5/2026 14:39:24","14/5/2026 19:55:48"
"860","P2026-00800","调度中心维护项目-二期","维修维护","3048.02","4","20/4/2026","20/4/2027","20/4/2028","维修维护项目，投资金额3048.02万元","审核通过","IMPORT","1","27/3/2026 13:36:09","19/4/2026 10:35:07"
"861","P2026-00801","储能电站改造工程-二期","生产设备大修","2425.1","2","29/5/2026","29/5/2027","29/5/2028","生产设备大修项目，投资金额2425.10万元","待审核","MANUAL","1","12/4/2026 22:45:07","21/5/2026 11:41:59"
"862","P2026-00802","通信系统优化项目-示范段","生产设备技改","3907.62","4","20/2/2026","20/2/2027","20/2/2028","生产设备技改项目，投资金额3907.62万元","草稿","IMPORT","1","13/1/2026 17:27:23","14/4/2026 01:16:43"
"863","P2026-00803","变电站新建工程-三期","设备购置","457.96","5","14/4/2026","14/4/2027","14/4/2028","设备购置项目，投资金额457.96万元","已入库","IMPORT","1","21/2/2026 15:17:11","13/5/2026 13:25:09"
"864","P2026-00804","调度中心技改项目-先行段","生产设备技改","3936.68","9","21/5/2026","21/5/2027","21/5/2028","生产设备技改项目，投资金额3936.68万元","论证通过","IMPORT","1","16/5/2026 06:11:39","19/5/2026 10:09:13"
"865","P2026-00805","充电桩优化项目-示范段","生产设备技改","3324.23","1","6/4/2026","6/4/2027","6/4/2028","生产设备技改项目，投资金额3324.23万元","论证通过","MANUAL","1","21/1/2026 11:28:10","27/4/2026 03:13:02"
"866","P2026-00806","调度中心新建工程-主体段","生产设备大修","1991.94","9","16/2/2026","16/2/2027","16/2/2028","生产设备大修项目，投资金额1991.94万元","论证通过","IMPORT","1","16/1/2026 20:18:53","30/1/2026 14:09:50"
"867","P2026-00807","通信系统扩建工程-示范段","电网基建","3796.43","4","25/4/2026","25/4/2027","25/4/2028","电网基建项目，投资金额3796.43万元","已入库","IMPORT","1","8/3/2026 13:57:41","20/4/2026 11:16:57"
"868","P2026-00808","变电站升级工程-一期","科技创新","3454.15","4","26/4/2026","26/4/2027","26/4/2028","科技创新项目，投资金额3454.15万元","待论证","MANUAL","1","19/4/2026 01:49:43","10/5/2026 16:19:34"
"869","P2026-00809","输电线路优化项目-主体段","设备购置","4627.31","8","17/4/2026","17/4/2027","17/4/2028","设备购置项目，投资金额4627.31万元","草稿","MANUAL","1","13/4/2026 17:40:51","29/4/2026 18:43:33"
"870","P2026-00810","配电网大修工程-主体段","设备更新","2893.26","9","29/3/2026","29/3/2027","29/3/2028","设备更新项目，投资金额2893.26万元","已入库","MANUAL","1","11/3/2026 05:07:59","3/4/2026 03:37:55"
"871","P2026-00811","智能电网升级工程-示范段","维修维护","3757.67","6","29/5/2026","29/5/2027","29/5/2028","维修维护项目，投资金额3757.67万元","草稿","MANUAL","1","25/5/2026 15:05:13","23/5/2026 10:56:05"
"872","P2026-00812","储能电站扩建工程-一期","维修维护","1944.02","4","29/5/2026","29/5/2027","29/5/2028","维修维护项目，投资金额1944.02万元","审核通过","IMPORT","1","16/5/2026 18:54:48","17/5/2026 08:10:18"
"873","P2026-00813","通信系统扩建工程-先行段","生产设备大修","1531.8","7","22/5/2026","22/5/2027","22/5/2028","生产设备大修项目，投资金额1531.80万元","论证通过","IMPORT","1","22/5/2026 18:58:21","21/5/2026 12:43:31"
"874","P2026-00814","通信系统维护项目-二期","电网基建","709.15","7","25/5/2026","25/5/2027","25/5/2028","电网基建项目，投资金额709.15万元","待审核","MANUAL","1","23/5/2026 20:59:52","22/5/2026 20:11:14"
"875","P2026-00815","储能电站技改项目-主体段","科技创新","590.06","2","1/5/2026","1/5/2027","1/5/2028","科技创新项目，投资金额590.06万元","论证通过","MANUAL","1","16/1/2026 05:37:35","28/4/2026 13:59:24"
"876","P2026-00816","配电网扩建工程-三期","设备购置","4216.32","11","29/4/2026","29/4/2027","29/4/2028","设备购置项目，投资金额4216.32万元","论证通过","MANUAL","1","9/1/2026 06:41:16","28/3/2026 01:59:46"
"877","P2026-00817","充电桩改造工程-一期","电网基建","930.19","9","20/4/2026","20/4/2027","20/4/2028","电网基建项目，投资金额930.19万元","论证通过","IMPORT","1","13/3/2026 11:24:47","22/4/2026 13:29:54"
"878","P2026-00818","充电桩新建工程-示范段","维修维护","2949.64","7","20/5/2026","20/5/2027","20/5/2028","维修维护项目，投资金额2949.64万元","待论证","MANUAL","1","25/4/2026 06:46:05","21/5/2026 08:20:48"
"879","P2026-00819","储能电站维护项目-主体段","科技创新","1988.83","6","10/2/2026","10/2/2027","10/2/2028","科技创新项目，投资金额1988.83万元","待论证","IMPORT","1","16/1/2026 05:10:41","28/1/2026 11:35:28"
"880","P2026-00820","充电桩技改项目-示范段","科技创新","2391.53","8","22/5/2026","22/5/2027","22/5/2028","科技创新项目，投资金额2391.53万元","审核通过","MANUAL","1","21/1/2026 22:45:17","30/1/2026 09:57:49"
"881","P2026-00821","储能电站新建工程-二期","生产设备大修","1169.99","11","4/1/2026","4/1/2027","4/1/2028","生产设备大修项目，投资金额1169.99万元","已入库","IMPORT","1","2/1/2026 06:20:50","28/2/2026 01:27:02"
"882","P2026-00822","通信系统大修工程-一期","设备更新","1527.6","11","3/4/2026","3/4/2027","3/4/2028","设备更新项目，投资金额1527.60万元","论证通过","IMPORT","1","1/1/2026 11:04:05","13/4/2026 02:13:16"
"883","P2026-00823","配电网改造工程-主体段","生产设备技改","4307.65","2","28/4/2026","28/4/2027","28/4/2028","生产设备技改项目，投资金额4307.65万元","论证通过","IMPORT","1","23/4/2026 00:55:31","25/4/2026 02:23:31"
"884","P2026-00824","输电线路大修工程-二期","科技创新","3745.28","8","15/4/2026","15/4/2027","15/4/2028","科技创新项目，投资金额3745.28万元","待论证","IMPORT","1","11/4/2026 03:36:44","19/4/2026 20:08:58"
"885","P2026-00825","充电桩技改项目-三期","科技创新","4056.18","6","1/3/2026","1/3/2027","1/3/2028","科技创新项目，投资金额4056.18万元","待论证","MANUAL","1","18/1/2026 13:34:12","18/4/2026 16:05:53"
"886","P2026-00826","配电网新建工程-二期","维修维护","579.1","4","4/5/2026","4/5/2027","4/5/2028","维修维护项目，投资金额579.10万元","待论证","IMPORT","1","22/4/2026 23:03:43","26/4/2026 00:22:43"
"887","P2026-00827","变电站新建工程-一期","维修维护","385.82","4","10/5/2026","10/5/2027","10/5/2028","维修维护项目，投资金额385.82万元","草稿","IMPORT","1","2/5/2026 13:48:14","12/5/2026 20:55:28"
"888","P2026-00828","输电线路维护项目-二期","设备购置","3831.26","2","15/4/2026","15/4/2027","15/4/2028","设备购置项目，投资金额3831.26万元","待论证","MANUAL","1","2/1/2026 10:56:07","19/2/2026 08:03:04"
"889","P2026-00829","配电网维护项目-一期","电网基建","1687.77","3","1/3/2026","1/3/2027","1/3/2028","电网基建项目，投资金额1687.77万元","已入库","MANUAL","1","21/2/2026 07:24:58","30/3/2026 20:11:29"
"890","P2026-00830","配电网维护项目-示范段","生产设备技改","923.65","9","1/3/2026","1/3/2027","1/3/2028","生产设备技改项目，投资金额923.65万元","已入库","MANUAL","1","22/2/2026 00:37:37","13/3/2026 16:49:04"
"891","P2026-00831","充电桩维护项目-一期","电网基建","2841.88","6","28/5/2026","28/5/2027","28/5/2028","电网基建项目，投资金额2841.88万元","审核通过","IMPORT","1","14/5/2026 17:07:31","18/5/2026 02:38:29"
"892","P2026-00832","智能电网改造工程-示范段","科技创新","4818.16","5","22/5/2026","22/5/2027","22/5/2028","科技创新项目，投资金额4818.16万元","待论证","IMPORT","1","24/4/2026 18:56:13","5/5/2026 16:13:45"
"893","P2026-00833","通信系统大修工程-二期","设备购置","1986.12","6","21/5/2026","21/5/2027","21/5/2028","设备购置项目，投资金额1986.12万元","审核通过","IMPORT","1","12/5/2026 02:02:25","16/5/2026 00:54:54"
"894","P2026-00834","调度中心改造工程-示范段","生产设备技改","3111","9","23/4/2026","23/4/2027","23/4/2028","生产设备技改项目，投资金额3111.00万元","已入库","IMPORT","1","19/1/2026 07:42:02","28/4/2026 22:39:17"
"895","P2026-00835","通信系统大修工程-示范段","设备更新","4919.28","4","16/4/2026","16/4/2027","16/4/2028","设备更新项目，投资金额4919.28万元","已入库","IMPORT","1","10/1/2026 18:35:42","2/2/2026 16:53:36"
"896","P2026-00836","配电网优化项目-三期","科技创新","1857.41","2","25/2/2026","25/2/2027","25/2/2028","科技创新项目，投资金额1857.41万元","论证通过","MANUAL","1","2/1/2026 12:31:03","10/2/2026 08:19:40"
"897","P2026-00837","充电桩新建工程-示范段","科技创新","2074.84","1","18/5/2026","18/5/2027","18/5/2028","科技创新项目，投资金额2074.84万元","已入库","MANUAL","1","23/2/2026 16:02:26","29/3/2026 09:30:13"
"898","P2026-00838","配电网扩建工程-示范段","生产设备大修","4973.23","6","29/4/2026","29/4/2027","29/4/2028","生产设备大修项目，投资金额4973.23万元","待审核","MANUAL","1","15/3/2026 19:55:55","16/3/2026 13:27:56"
"899","P2026-00839","配电网技改项目-三期","科技创新","3087.36","3","22/5/2026","22/5/2027","22/5/2028","科技创新项目，投资金额3087.36万元","审核通过","MANUAL","1","30/4/2026 18:09:24","17/5/2026 19:19:04"
"900","P2026-00840","配电网扩建工程-三期","电网基建","2379.28","5","29/5/2026","29/5/2027","29/5/2028","电网基建项目，投资金额2379.28万元","论证通过","MANUAL","1","26/5/2026 06:26:44","21/5/2026 22:26:05"
"901","P2026-00841","智能电网维护项目-示范段","设备购置","329.9","2","25/5/2026","25/5/2027","25/5/2028","设备购置项目，投资金额329.90万元","已入库","IMPORT","1","3/2/2026 20:06:03","10/3/2026 12:42:37"
"902","P2026-00842","输电线路升级工程-示范段","维修维护","271.01","5","1/5/2026","1/5/2027","1/5/2028","维修维护项目，投资金额271.01万元","论证通过","MANUAL","1","19/4/2026 17:24:47","28/4/2026 22:17:02"
"903","P2026-00843","变电站改造工程-主体段","维修维护","2634.58","4","21/4/2026","21/4/2027","21/4/2028","维修维护项目，投资金额2634.58万元","待论证","IMPORT","1","24/3/2026 00:29:00","16/4/2026 23:51:47"
"904","P2026-00844","输电线路升级工程-三期","生产设备技改","3093.33","10","25/5/2026","25/5/2027","25/5/2028","生产设备技改项目，投资金额3093.33万元","论证通过","MANUAL","1","25/2/2026 07:17:03","1/4/2026 01:50:00"
"905","P2026-00845","智能电网大修工程-三期","电网基建","2599.52","3","9/5/2026","9/5/2027","9/5/2028","电网基建项目，投资金额2599.52万元","已入库","IMPORT","1","10/2/2026 13:04:09","3/4/2026 18:48:14"
"906","P2026-00846","配电网升级工程-二期","设备更新","161.88","3","22/3/2026","22/3/2027","22/3/2028","设备更新项目，投资金额161.88万元","待论证","MANUAL","1","11/3/2026 19:30:18","14/5/2026 21:13:48"
"907","P2026-00847","充电桩扩建工程-主体段","科技创新","3644.95","7","7/5/2026","7/5/2027","7/5/2028","科技创新项目，投资金额3644.95万元","已入库","MANUAL","1","2/5/2026 21:08:35","16/5/2026 08:17:53"
"908","P2026-00848","变电站技改项目-主体段","生产设备技改","4311.62","8","20/5/2026","20/5/2027","20/5/2028","生产设备技改项目，投资金额4311.62万元","待审核","IMPORT","1","2/4/2026 17:03:17","8/5/2026 07:22:07"
"909","P2026-00849","调度中心新建工程-二期","生产设备大修","1643.93","8","22/5/2026","22/5/2027","22/5/2028","生产设备大修项目，投资金额1643.93万元","待论证","IMPORT","1","2/3/2026 23:16:11","21/4/2026 11:05:51"
"910","P2026-00850","智能电网新建工程-二期","生产设备技改","4999.55","2","1/3/2026","1/3/2027","1/3/2028","生产设备技改项目，投资金额4999.55万元","待审核","MANUAL","1","7/1/2026 20:37:36","8/5/2026 09:58:02"
"911","P2026-00851","调度中心优化项目-先行段","设备更新","3663.87","9","24/1/2026","24/1/2027","24/1/2028","设备更新项目，投资金额3663.87万元","待论证","IMPORT","1","12/1/2026 20:28:13","21/1/2026 05:45:25"
"912","P2026-00852","智能电网改造工程-示范段","维修维护","3210.68","4","30/5/2026","30/5/2027","30/5/2028","维修维护项目，投资金额3210.68万元","待论证","MANUAL","1","28/5/2026 18:15:11","21/5/2026 20:03:39"
"913","P2026-00853","输电线路技改项目-二期","设备购置","3864.52","9","24/5/2026","24/5/2027","24/5/2028","设备购置项目，投资金额3864.52万元","草稿","IMPORT","1","23/3/2026 18:37:29","15/5/2026 23:46:40"
"914","P2026-00854","智能电网新建工程-示范段","设备更新","1467.3","4","2/3/2026","2/3/2027","2/3/2028","设备更新项目，投资金额1467.30万元","已入库","IMPORT","1","1/3/2026 17:29:32","21/3/2026 04:43:35"
"915","P2026-00855","输电线路新建工程-先行段","设备购置","4295.27","11","17/5/2026","17/5/2027","17/5/2028","设备购置项目，投资金额4295.27万元","论证通过","IMPORT","1","10/5/2026 18:47:43","21/5/2026 08:47:30"
"916","P2026-00856","充电桩扩建工程-示范段","维修维护","1397.65","3","2/4/2026","2/4/2027","2/4/2028","维修维护项目，投资金额1397.65万元","草稿","MANUAL","1","26/2/2026 05:25:21","6/3/2026 13:34:33"
"917","P2026-00857","储能电站技改项目-示范段","科技创新","549.52","6","20/5/2026","20/5/2027","20/5/2028","科技创新项目，投资金额549.52万元","待论证","MANUAL","1","11/5/2026 17:37:42","17/5/2026 17:25:48"
"918","P2026-00858","智能电网优化项目-先行段","生产设备技改","1573.26","11","25/5/2026","25/5/2027","25/5/2028","生产设备技改项目，投资金额1573.26万元","待论证","IMPORT","1","15/5/2026 17:49:16","19/5/2026 14:40:12"
"919","P2026-00859","储能电站扩建工程-主体段","生产设备大修","945.59","8","14/4/2026","14/4/2027","14/4/2028","生产设备大修项目，投资金额945.59万元","已入库","IMPORT","1","20/2/2026 10:22:45","20/3/2026 02:41:43"
"920","P2026-00860","储能电站新建工程-示范段","设备更新","3775.97","6","13/4/2026","13/4/2027","13/4/2028","设备更新项目，投资金额3775.97万元","论证通过","IMPORT","1","13/2/2026 12:56:55","10/5/2026 04:18:33"
"921","P2026-00861","输电线路扩建工程-一期","电网基建","3891.92","6","12/3/2026","12/3/2027","12/3/2028","电网基建项目，投资金额3891.92万元","待论证","MANUAL","1","26/2/2026 17:49:41","5/4/2026 22:58:44"
"922","P2026-00862","通信系统优化项目-示范段","设备购置","1419.56","11","31/5/2026","31/5/2027","31/5/2028","设备购置项目，投资金额1419.56万元","待审核","MANUAL","1","31/5/2026 04:15:13","25/5/2026 20:35:16"
"923","P2026-00863","智能电网优化项目-二期","电网基建","1150.94","9","4/5/2026","4/5/2027","4/5/2028","电网基建项目，投资金额1150.94万元","待审核","MANUAL","1","30/1/2026 06:17:46","1/3/2026 13:47:23"
"924","P2026-00864","配电网新建工程-先行段","生产设备大修","1675.67","10","22/5/2026","22/5/2027","22/5/2028","生产设备大修项目，投资金额1675.67万元","草稿","MANUAL","1","23/4/2026 02:02:45","28/4/2026 18:42:11"
"925","P2026-00865","智能电网新建工程-主体段","生产设备大修","643.1","3","28/5/2026","28/5/2027","28/5/2028","生产设备大修项目，投资金额643.10万元","草稿","MANUAL","1","17/5/2026 01:25:07","18/5/2026 09:46:33"
"926","P2026-00866","通信系统升级工程-二期","设备购置","1309","4","26/5/2026","26/5/2027","26/5/2028","设备购置项目，投资金额1309.00万元","已过期","MANUAL","1","22/5/2026 04:43:01","21/5/2026 20:55:49"
"927","P2026-00867","输电线路升级工程-示范段","设备更新","1458.09","11","9/4/2026","9/4/2027","9/4/2028","设备更新项目，投资金额1458.09万元","待论证","MANUAL","1","15/2/2026 16:54:17","10/5/2026 12:16:11"
"928","P2026-00868","变电站新建工程-一期","维修维护","4429.72","3","28/5/2026","28/5/2027","28/5/2028","维修维护项目，投资金额4429.72万元","已入库","IMPORT","1","6/5/2026 11:48:48","16/5/2026 17:16:35"
"929","P2026-00869","调度中心维护项目-示范段","设备购置","1632.09","7","5/3/2026","5/3/2027","5/3/2028","设备购置项目，投资金额1632.09万元","待论证","IMPORT","1","23/1/2026 18:18:49","11/2/2026 00:45:59"
"930","P2026-00870","变电站大修工程-主体段","生产设备大修","365.27","4","25/4/2026","25/4/2027","25/4/2028","生产设备大修项目，投资金额365.27万元","待论证","MANUAL","1","22/4/2026 20:38:45","6/5/2026 03:22:09"
"931","P2026-00871","变电站大修工程-主体段","维修维护","1631.92","8","4/5/2026","4/5/2027","4/5/2028","维修维护项目，投资金额1631.92万元","论证通过","IMPORT","1","25/4/2026 04:50:18","13/5/2026 18:19:21"
"932","P2026-00872","配电网扩建工程-三期","设备更新","3350.72","4","25/2/2026","25/2/2027","25/2/2028","设备更新项目，投资金额3350.72万元","待审核","MANUAL","1","24/1/2026 16:41:30","29/3/2026 08:04:29"
"933","P2026-00873","通信系统大修工程-示范段","维修维护","207.58","1","2/2/2026","2/2/2027","2/2/2028","维修维护项目，投资金额207.58万元","论证通过","MANUAL","1","26/1/2026 05:20:18","8/2/2026 02:59:51"
"934","P2026-00874","充电桩改造工程-一期","生产设备技改","1189.12","8","28/5/2026","28/5/2027","28/5/2028","生产设备技改项目，投资金额1189.12万元","待论证","MANUAL","1","16/5/2026 22:35:16","20/5/2026 03:44:15"
"935","P2026-00875","储能电站维护项目-示范段","生产设备技改","1490.47","7","4/4/2026","4/4/2027","4/4/2028","生产设备技改项目，投资金额1490.47万元","已过期","MANUAL","1","27/2/2026 03:56:27","24/3/2026 15:07:14"
"936","P2026-00876","充电桩大修工程-一期","维修维护","1755.44","2","12/3/2026","12/3/2027","12/3/2028","维修维护项目，投资金额1755.44万元","待论证","IMPORT","1","7/3/2026 07:40:59","11/5/2026 23:06:35"
"937","P2026-00877","充电桩大修工程-示范段","电网基建","2242.08","2","13/4/2026","13/4/2027","13/4/2028","电网基建项目，投资金额2242.08万元","待审核","MANUAL","1","4/4/2026 06:26:07","23/4/2026 07:55:53"
"938","P2026-00878","通信系统优化项目-二期","维修维护","187.31","10","26/2/2026","26/2/2027","26/2/2028","维修维护项目，投资金额187.31万元","已过期","MANUAL","1","23/1/2026 21:23:24","28/3/2026 21:52:20"
"939","P2026-00879","充电桩技改项目-三期","科技创新","430.41","2","27/5/2026","27/5/2027","27/5/2028","科技创新项目，投资金额430.41万元","已过期","MANUAL","1","27/3/2026 08:51:15","25/4/2026 12:12:09"
"940","P2026-00880","调度中心技改项目-二期","生产设备大修","1840.82","4","28/2/2026","28/2/2027","28/2/2028","生产设备大修项目，投资金额1840.82万元","待论证","MANUAL","1","11/2/2026 21:21:10","23/3/2026 06:19:48"
"941","P2026-00881","储能电站优化项目-二期","生产设备大修","2579.54","10","8/3/2026","8/3/2027","8/3/2028","生产设备大修项目，投资金额2579.54万元","草稿","IMPORT","1","11/2/2026 21:25:00","13/4/2026 09:51:51"
"942","P2026-00882","通信系统优化项目-二期","设备更新","2623.09","5","10/5/2026","10/5/2027","10/5/2028","设备更新项目，投资金额2623.09万元","论证通过","MANUAL","1","26/4/2026 05:29:57","20/5/2026 00:29:44"
"943","P2026-00883","充电桩改造工程-主体段","设备购置","3543.89","10","25/5/2026","25/5/2027","25/5/2028","设备购置项目，投资金额3543.89万元","待论证","IMPORT","1","19/5/2026 09:24:56","20/5/2026 18:56:41"
"944","P2026-00884","储能电站改造工程-示范段","设备购置","4826.05","11","15/5/2026","15/5/2027","15/5/2028","设备购置项目，投资金额4826.05万元","已入库","IMPORT","1","30/4/2026 05:00:39","3/5/2026 20:57:47"
"945","P2026-00885","储能电站优化项目-二期","设备购置","1366.29","6","27/3/2026","27/3/2027","27/3/2028","设备购置项目，投资金额1366.29万元","待审核","MANUAL","1","27/1/2026 07:49:38","5/4/2026 20:16:51"
"946","P2026-00886","通信系统改造工程-二期","生产设备技改","4487.44","8","2/4/2026","2/4/2027","2/4/2028","生产设备技改项目，投资金额4487.44万元","待论证","IMPORT","1","17/2/2026 07:14:51","24/2/2026 04:01:51"
"947","P2026-00887","配电网大修工程-示范段","生产设备大修","1946.72","9","22/5/2026","22/5/2027","22/5/2028","生产设备大修项目，投资金额1946.72万元","审核通过","MANUAL","1","15/2/2026 07:50:28","9/4/2026 23:40:31"
"948","P2026-00888","储能电站改造工程-一期","设备更新","2170.7","3","25/5/2026","25/5/2027","25/5/2028","设备更新项目，投资金额2170.70万元","待论证","MANUAL","1","14/1/2026 14:27:53","14/2/2026 20:12:59"
"949","P2026-00889","通信系统技改项目-主体段","生产设备技改","1732.81","5","17/4/2026","17/4/2027","17/4/2028","生产设备技改项目，投资金额1732.81万元","待论证","MANUAL","1","19/2/2026 04:30:24","19/3/2026 12:21:20"
"950","P2026-00890","充电桩优化项目-先行段","设备购置","4712.43","6","20/4/2026","20/4/2027","20/4/2028","设备购置项目，投资金额4712.43万元","已入库","IMPORT","1","18/2/2026 21:07:03","19/3/2026 18:38:59"
"951","P2026-00891","变电站升级工程-二期","维修维护","692.54","4","15/4/2026","15/4/2027","15/4/2028","维修维护项目，投资金额692.54万元","待论证","IMPORT","1","10/2/2026 03:34:41","9/5/2026 03:09:33"
"952","P2026-00892","变电站升级工程-先行段","生产设备大修","789.22","3","31/3/2026","31/3/2027","31/3/2028","生产设备大修项目，投资金额789.22万元","待审核","IMPORT","1","13/3/2026 01:26:33","16/5/2026 15:00:55"
"953","P2026-00893","储能电站大修工程-先行段","维修维护","2401.34","5","3/5/2026","3/5/2027","3/5/2028","维修维护项目，投资金额2401.34万元","待审核","MANUAL","1","13/2/2026 19:00:21","24/4/2026 17:59:09"
"954","P2026-00894","通信系统升级工程-三期","设备购置","1476.03","11","18/5/2026","18/5/2027","18/5/2028","设备购置项目，投资金额1476.03万元","待审核","IMPORT","1","25/2/2026 17:15:06","17/4/2026 04:56:38"
"955","P2026-00895","配电网大修工程-一期","维修维护","4745.46","6","7/3/2026","7/3/2027","7/3/2028","维修维护项目，投资金额4745.46万元","待论证","MANUAL","1","2/1/2026 23:31:35","12/2/2026 18:21:50"
"956","P2026-00896","变电站改造工程-主体段","设备购置","3451.62","5","1/4/2026","1/4/2027","1/4/2028","设备购置项目，投资金额3451.62万元","审核通过","MANUAL","1","23/3/2026 03:38:54","12/4/2026 21:03:18"
"957","P2026-00897","变电站新建工程-三期","设备购置","1554.27","5","30/5/2026","30/5/2027","30/5/2028","设备购置项目，投资金额1554.27万元","待论证","IMPORT","1","27/2/2026 12:52:38","3/4/2026 23:12:55"
"958","P2026-00898","配电网新建工程-一期","维修维护","845.13","9","22/1/2026","22/1/2027","22/1/2028","维修维护项目，投资金额845.13万元","待论证","MANUAL","1","5/1/2026 17:43:12","7/2/2026 16:34:08"
"959","P2026-00899","智能电网优化项目-二期","科技创新","2305.3","1","13/4/2026","13/4/2027","13/4/2028","科技创新项目，投资金额2305.30万元","草稿","MANUAL","1","12/4/2026 01:10:22","13/5/2026 20:38:17"
"960","P2026-00900","智能电网大修工程-三期","电网基建","501.58","1","25/5/2026","25/5/2027","25/5/2028","电网基建项目，投资金额501.58万元","待论证","IMPORT","1","24/5/2026 18:59:02","23/5/2026 10:12:23"
"961","P2026-00901","输电线路升级工程-二期","设备购置","226.24","3","31/3/2026","31/3/2027","31/3/2028","设备购置项目，投资金额226.24万元","论证通过","IMPORT","1","17/3/2026 23:53:21","4/5/2026 18:14:22"
"962","P2026-00902","通信系统技改项目-三期","生产设备大修","3236.88","8","7/5/2026","7/5/2027","7/5/2028","生产设备大修项目，投资金额3236.88万元","待论证","MANUAL","1","7/5/2026 23:40:18","14/5/2026 21:30:44"
"963","P2026-00903","调度中心优化项目-示范段","生产设备大修","4714.92","8","4/5/2026","4/5/2027","4/5/2028","生产设备大修项目，投资金额4714.92万元","论证通过","IMPORT","1","5/1/2026 00:29:53","25/3/2026 03:41:34"
"964","P2026-00904","储能电站优化项目-示范段","设备购置","4682.18","8","24/5/2026","24/5/2027","24/5/2028","设备购置项目，投资金额4682.18万元","草稿","MANUAL","1","24/4/2026 14:33:03","25/4/2026 01:42:32"
"965","P2026-00905","储能电站新建工程-示范段","生产设备大修","3660.97","3","14/2/2026","14/2/2027","14/2/2028","生产设备大修项目，投资金额3660.97万元","待论证","MANUAL","1","1/1/2026 21:20:01","7/2/2026 12:06:03"
"966","P2026-00906","配电网改造工程-主体段","生产设备技改","3087.38","3","14/3/2026","14/3/2027","14/3/2028","生产设备技改项目，投资金额3087.38万元","待论证","IMPORT","1","14/3/2026 18:49:58","20/3/2026 21:38:31"
"967","P2026-00907","通信系统大修工程-一期","电网基建","4651.7","7","23/5/2026","23/5/2027","23/5/2028","电网基建项目，投资金额4651.70万元","草稿","IMPORT","1","9/4/2026 00:36:48","19/5/2026 18:47:44"
"968","P2026-00908","输电线路升级工程-示范段","维修维护","4104.09","2","15/5/2026","15/5/2027","15/5/2028","维修维护项目，投资金额4104.09万元","待审核","MANUAL","1","6/4/2026 01:41:37","29/4/2026 16:47:12"
"969","P2026-00909","调度中心新建工程-先行段","设备购置","2371.68","8","29/5/2026","29/5/2027","29/5/2028","设备购置项目，投资金额2371.68万元","待论证","IMPORT","1","24/5/2026 03:07:22","21/5/2026 17:26:47"
"970","P2026-00910","输电线路改造工程-三期","电网基建","821.35","10","31/5/2026","31/5/2027","31/5/2028","电网基建项目，投资金额821.35万元","待论证","IMPORT","1","31/5/2026 17:17:54","28/5/2026 03:18:24"
"971","P2026-00911","输电线路新建工程-示范段","设备购置","868.33","3","15/5/2026","15/5/2027","15/5/2028","设备购置项目，投资金额868.33万元","审核通过","MANUAL","1","19/1/2026 14:07:10","3/5/2026 06:45:22"
"972","P2026-00912","充电桩新建工程-三期","设备购置","4282.32","7","23/3/2026","23/3/2027","23/3/2028","设备购置项目，投资金额4282.32万元","论证通过","MANUAL","1","22/2/2026 05:24:35","17/3/2026 22:00:48"
"973","P2026-00913","配电网扩建工程-示范段","设备更新","4059.95","2","2/5/2026","2/5/2027","2/5/2028","设备更新项目，投资金额4059.95万元","待审核","IMPORT","1","30/4/2026 06:03:11","10/5/2026 16:08:11"
"974","P2026-00914","智能电网大修工程-先行段","生产设备技改","294.64","2","3/3/2026","3/3/2027","3/3/2028","生产设备技改项目，投资金额294.64万元","已入库","MANUAL","1","1/3/2026 15:22:46","8/5/2026 18:20:11"
"975","P2026-00915","调度中心新建工程-二期","生产设备大修","2656.69","11","13/5/2026","13/5/2027","13/5/2028","生产设备大修项目，投资金额2656.69万元","待审核","MANUAL","1","19/3/2026 19:13:45","12/5/2026 20:43:06"
"976","P2026-00916","变电站维护项目-主体段","电网基建","1065.17","10","15/5/2026","15/5/2027","15/5/2028","电网基建项目，投资金额1065.17万元","论证通过","MANUAL","1","14/5/2026 01:53:26","19/5/2026 14:09:06"
"977","P2026-00917","调度中心大修工程-先行段","科技创新","3483.94","3","21/4/2026","21/4/2027","21/4/2028","科技创新项目，投资金额3483.94万元","待论证","MANUAL","1","6/1/2026 20:46:21","25/2/2026 13:44:19"
"978","P2026-00918","充电桩升级工程-先行段","生产设备技改","3300.7","10","15/2/2026","15/2/2027","15/2/2028","生产设备技改项目，投资金额3300.70万元","论证通过","MANUAL","1","4/1/2026 15:22:10","10/2/2026 21:54:58"
"979","P2026-00919","调度中心升级工程-三期","设备购置","1063.88","5","18/5/2026","18/5/2027","18/5/2028","设备购置项目，投资金额1063.88万元","待审核","MANUAL","1","11/4/2026 05:35:44","25/4/2026 06:43:31"
"980","P2026-00920","智能电网扩建工程-二期","生产设备大修","1521.15","8","30/5/2026","30/5/2027","30/5/2028","生产设备大修项目，投资金额1521.15万元","已入库","MANUAL","1","26/5/2026 12:23:18","22/5/2026 16:59:34"
"981","P2026-00921","储能电站改造工程-二期","电网基建","2465.64","1","18/5/2026","18/5/2027","18/5/2028","电网基建项目，投资金额2465.64万元","审核通过","MANUAL","1","18/5/2026 07:51:18","20/5/2026 01:23:17"
"982","P2026-00922","变电站升级工程-一期","生产设备大修","1306.45","11","3/5/2026","3/5/2027","3/5/2028","生产设备大修项目，投资金额1306.45万元","待审核","IMPORT","1","23/3/2026 11:58:45","18/4/2026 18:16:33"
"983","P2026-00923","通信系统扩建工程-先行段","生产设备技改","3595.12","3","4/4/2026","4/4/2027","4/4/2028","生产设备技改项目，投资金额3595.12万元","待论证","MANUAL","1","3/4/2026 07:12:03","20/5/2026 04:37:34"
"984","P2026-00924","充电桩扩建工程-主体段","设备更新","4055.96","4","23/4/2026","23/4/2027","23/4/2028","设备更新项目，投资金额4055.96万元","论证通过","MANUAL","1","23/1/2026 21:37:29","8/4/2026 04:45:15"
"985","P2026-00925","智能电网优化项目-二期","维修维护","4736.27","5","22/3/2026","22/3/2027","22/3/2028","维修维护项目，投资金额4736.27万元","论证通过","IMPORT","1","4/3/2026 13:38:46","11/3/2026 13:44:25"
"986","P2026-00926","变电站优化项目-示范段","维修维护","2632.15","2","2/5/2026","2/5/2027","2/5/2028","维修维护项目，投资金额2632.15万元","草稿","IMPORT","1","5/1/2026 10:16:59","21/4/2026 07:41:43"
"987","P2026-00927","输电线路优化项目-主体段","生产设备技改","1178.31","4","8/5/2026","8/5/2027","8/5/2028","生产设备技改项目，投资金额1178.31万元","待审核","MANUAL","1","11/4/2026 18:20:55","24/4/2026 01:34:50"
"988","P2026-00928","输电线路大修工程-一期","生产设备技改","144.33","11","30/4/2026","30/4/2027","30/4/2028","生产设备技改项目，投资金额144.33万元","草稿","IMPORT","1","9/4/2026 21:35:37","21/4/2026 07:56:25"
"989","P2026-00929","输电线路维护项目-三期","生产设备大修","2963.23","6","23/5/2026","23/5/2027","23/5/2028","生产设备大修项目，投资金额2963.23万元","待论证","MANUAL","1","25/4/2026 08:34:24","11/5/2026 08:01:38"
"990","P2026-00930","充电桩升级工程-三期","设备购置","4469.7","8","28/1/2026","28/1/2027","28/1/2028","设备购置项目，投资金额4469.70万元","审核通过","IMPORT","1","22/1/2026 19:13:32","22/3/2026 19:22:40"
"991","P2026-00931","通信系统新建工程-三期","科技创新","3605.58","3","1/5/2026","1/5/2027","1/5/2028","科技创新项目，投资金额3605.58万元","审核通过","MANUAL","1","19/3/2026 13:35:09","15/4/2026 09:50:06"
"992","P2026-00932","储能电站优化项目-二期","设备购置","3314.35","10","10/5/2026","10/5/2027","10/5/2028","设备购置项目，投资金额3314.35万元","审核通过","MANUAL","1","12/2/2026 06:15:55","24/2/2026 22:33:47"
"993","P2026-00933","智能电网大修工程-一期","维修维护","273.64","11","8/5/2026","8/5/2027","8/5/2028","维修维护项目，投资金额273.64万元","草稿","MANUAL","1","3/5/2026 05:07:43","5/5/2026 11:39:19"
"994","P2026-00934","变电站技改项目-三期","维修维护","387.09","4","27/5/2026","27/5/2027","27/5/2028","维修维护项目，投资金额387.09万元","待审核","IMPORT","1","15/2/2026 05:13:47","29/4/2026 18:46:58"
"995","P2026-00935","调度中心改造工程-示范段","生产设备大修","2515.98","2","29/5/2026","29/5/2027","29/5/2028","生产设备大修项目，投资金额2515.98万元","草稿","IMPORT","1","7/5/2026 14:00:49","8/5/2026 19:09:22"
"996","P2026-00936","输电线路改造工程-二期","设备更新","4696.55","3","27/5/2026","27/5/2027","27/5/2028","设备更新项目，投资金额4696.55万元","论证通过","IMPORT","1","15/1/2026 06:11:35","7/4/2026 12:27:50"
"997","P2026-00937","调度中心扩建工程-一期","生产设备技改","2788.01","10","16/4/2026","16/4/2027","16/4/2028","生产设备技改项目，投资金额2788.01万元","论证通过","IMPORT","1","17/1/2026 16:41:13","8/3/2026 03:49:00"
"998","P2026-00938","输电线路新建工程-先行段","设备更新","4561.94","1","1/2/2026","1/2/2027","1/2/2028","设备更新项目，投资金额4561.94万元","待论证","IMPORT","1","20/1/2026 00:42:08","21/3/2026 01:11:26"
"999","P2026-00939","变电站新建工程-二期","生产设备技改","1896.23","11","7/5/2026","7/5/2027","7/5/2028","生产设备技改项目，投资金额1896.23万元","论证通过","MANUAL","1","26/3/2026 20:58:48","2/5/2026 20:42:18"
"1000","P2026-00940","智能电网优化项目-三期","设备更新","4499.76","4","20/3/2026","20/3/2027","20/3/2028","设备更新项目，投资金额4499.76万元","草稿","IMPORT","1","5/3/2026 15:51:16","12/3/2026 11:25:17"
"1001","P2026-00941","调度中心扩建工程-先行段","设备更新","4184.68","3","22/5/2026","22/5/2027","22/5/2028","设备更新项目，投资金额4184.68万元","论证通过","IMPORT","1","22/5/2026 01:12:24","21/5/2026 12:24:45"
"1002","P2026-00942","充电桩改造工程-二期","维修维护","3439.51","2","22/5/2026","22/5/2027","22/5/2028","维修维护项目，投资金额3439.51万元","审核通过","IMPORT","1","6/5/2026 19:54:31","13/5/2026 05:04:31"
"1003","P2026-00943","输电线路改造工程-一期","生产设备大修","2437.2","3","19/4/2026","19/4/2027","19/4/2028","生产设备大修项目，投资金额2437.20万元","论证通过","MANUAL","1","13/4/2026 07:04:02","15/5/2026 01:41:02"
"1004","P2026-00944","充电桩技改项目-先行段","科技创新","842.18","9","25/5/2026","25/5/2027","25/5/2028","科技创新项目，投资金额842.18万元","待审核","IMPORT","1","23/5/2026 16:40:51","23/5/2026 15:34:38"
"1005","P2026-00945","通信系统扩建工程-先行段","电网基建","821.86","8","12/3/2026","12/3/2027","12/3/2028","电网基建项目，投资金额821.86万元","待论证","MANUAL","1","15/2/2026 08:27:58","28/3/2026 01:56:46"
"1006","P2026-00946","输电线路技改项目-示范段","生产设备技改","3069.34","7","15/5/2026","15/5/2027","15/5/2028","生产设备技改项目，投资金额3069.34万元","已过期","IMPORT","1","20/4/2026 06:27:27","20/5/2026 03:36:48"
"1007","P2026-00947","输电线路大修工程-示范段","生产设备大修","1309.21","4","9/3/2026","9/3/2027","9/3/2028","生产设备大修项目，投资金额1309.21万元","已入库","IMPORT","1","10/2/2026 16:26:50","12/4/2026 15:32:09"
"1008","P2026-00948","储能电站改造工程-三期","生产设备技改","3289.21","4","24/5/2026","24/5/2027","24/5/2028","生产设备技改项目，投资金额3289.21万元","待审核","MANUAL","1","20/3/2026 16:44:17","7/4/2026 23:16:05"
"1009","P2026-00949","通信系统大修工程-二期","生产设备技改","4188.7","3","5/5/2026","5/5/2027","5/5/2028","生产设备技改项目，投资金额4188.70万元","草稿","IMPORT","1","23/4/2026 02:58:19","1/5/2026 21:59:05"
"1010","P2026-00950","储能电站技改项目-主体段","电网基建","4938.02","2","11/5/2026","11/5/2027","11/5/2028","电网基建项目，投资金额4938.02万元","审核通过","IMPORT","1","25/3/2026 22:48:06","10/4/2026 13:32:46"
"1011","P2026-00951","输电线路大修工程-一期","设备购置","1359.66","9","14/5/2026","14/5/2027","14/5/2028","设备购置项目，投资金额1359.66万元","审核通过","IMPORT","1","12/5/2026 03:55:44","19/5/2026 02:28:20"
"1012","P2026-00952","变电站维护项目-一期","设备购置","2130.7","8","24/5/2026","24/5/2027","24/5/2028","设备购置项目，投资金额2130.70万元","已入库","MANUAL","1","30/4/2026 19:40:13","9/5/2026 19:21:08"
"1013","P2026-00953","变电站新建工程-一期","设备更新","602.33","9","29/3/2026","29/3/2027","29/3/2028","设备更新项目，投资金额602.33万元","草稿","MANUAL","1","21/2/2026 18:52:15","28/2/2026 18:35:29"
"1014","P2026-00954","智能电网新建工程-示范段","设备购置","3369.87","11","8/5/2026","8/5/2027","8/5/2028","设备购置项目，投资金额3369.87万元","待审核","IMPORT","1","1/3/2026 15:08:43","4/5/2026 06:47:42"
"1015","P2026-00955","变电站优化项目-三期","维修维护","4635.88","7","21/4/2026","21/4/2027","21/4/2028","维修维护项目，投资金额4635.88万元","待论证","MANUAL","1","29/3/2026 06:20:53","20/4/2026 18:08:50"
"1016","P2026-00956","储能电站大修工程-二期","科技创新","1505.22","1","22/2/2026","22/2/2027","22/2/2028","科技创新项目，投资金额1505.22万元","草稿","MANUAL","1","3/2/2026 03:11:20","14/3/2026 05:58:12"
"1017","P2026-00957","调度中心大修工程-示范段","电网基建","1999.57","4","20/2/2026","20/2/2027","20/2/2028","电网基建项目，投资金额1999.57万元","待论证","MANUAL","1","29/1/2026 02:16:53","14/2/2026 17:28:22"
"1018","P2026-00958","调度中心扩建工程-二期","生产设备技改","3698.99","1","10/4/2026","10/4/2027","10/4/2028","生产设备技改项目，投资金额3698.99万元","草稿","IMPORT","1","14/3/2026 00:33:44","24/3/2026 19:19:33"
"1019","P2026-00959","变电站维护项目-一期","电网基建","3329.36","9","22/4/2026","22/4/2027","22/4/2028","电网基建项目，投资金额3329.36万元","草稿","IMPORT","1","23/1/2026 19:31:12","7/4/2026 23:30:10"
"1020","P2026-00960","输电线路大修工程-二期","生产设备技改","2259.72","6","28/5/2026","28/5/2027","28/5/2028","生产设备技改项目，投资金额2259.72万元","待论证","IMPORT","1","24/5/2026 03:20:01","22/5/2026 20:18:51"
"1021","P2026-00961","配电网新建工程-一期","设备购置","2757.62","8","28/5/2026","28/5/2027","28/5/2028","设备购置项目，投资金额2757.62万元","论证通过","MANUAL","1","22/5/2026 19:08:45","21/5/2026 14:58:37"
"1022","P2026-00962","输电线路大修工程-一期","生产设备技改","1583.42","11","14/5/2026","14/5/2027","14/5/2028","生产设备技改项目，投资金额1583.42万元","论证通过","MANUAL","1","12/5/2026 03:51:36","17/5/2026 06:41:09"
"1023","P2026-00963","充电桩优化项目-二期","生产设备大修","2585.48","3","23/5/2026","23/5/2027","23/5/2028","生产设备大修项目，投资金额2585.48万元","论证通过","MANUAL","1","27/2/2026 00:37:34","2/4/2026 07:31:54"
"1024","P2026-00964","输电线路升级工程-示范段","电网基建","1807.21","7","14/5/2026","14/5/2027","14/5/2028","电网基建项目，投资金额1807.21万元","待论证","IMPORT","1","10/3/2026 20:29:14","10/4/2026 21:20:17"
"1025","P2026-00965","输电线路扩建工程-一期","设备购置","2321.92","3","9/3/2026","9/3/2027","9/3/2028","设备购置项目，投资金额2321.92万元","审核通过","MANUAL","1","23/2/2026 06:28:06","20/4/2026 04:42:15"
"1026","P2026-00966","变电站改造工程-先行段","生产设备大修","3118.42","10","22/4/2026","22/4/2027","22/4/2028","生产设备大修项目，投资金额3118.42万元","待论证","MANUAL","1","29/3/2026 02:57:26","10/4/2026 03:26:13"
"1027","P2026-00967","充电桩改造工程-一期","生产设备技改","4064.28","5","9/3/2026","9/3/2027","9/3/2028","生产设备技改项目，投资金额4064.28万元","审核通过","IMPORT","1","18/1/2026 16:15:45","2/3/2026 06:24:50"
"1028","P2026-00968","配电网大修工程-先行段","维修维护","2507.93","9","28/4/2026","28/4/2027","28/4/2028","维修维护项目，投资金额2507.93万元","论证通过","MANUAL","1","5/4/2026 19:59:10","15/5/2026 02:38:37"
"1029","P2026-00969","充电桩新建工程-二期","设备更新","3050.03","9","30/3/2026","30/3/2027","30/3/2028","设备更新项目，投资金额3050.03万元","待论证","MANUAL","1","18/3/2026 11:46:09","17/5/2026 12:48:59"
"1030","P2026-00970","输电线路优化项目-主体段","生产设备技改","2395.26","11","20/5/2026","20/5/2027","20/5/2028","生产设备技改项目，投资金额2395.26万元","已入库","MANUAL","1","8/5/2026 09:55:29","19/5/2026 01:36:52"
"1031","P2026-00971","充电桩扩建工程-主体段","设备更新","3440.43","7","8/5/2026","8/5/2027","8/5/2028","设备更新项目，投资金额3440.43万元","论证通过","IMPORT","1","22/2/2026 23:29:17","30/4/2026 21:59:16"
"1032","P2026-00972","充电桩优化项目-示范段","设备购置","478.76","3","31/5/2026","31/5/2027","31/5/2028","设备购置项目，投资金额478.76万元","待审核","MANUAL","1","31/5/2026 17:25:01","23/5/2026 04:55:31"
"1033","P2026-00973","储能电站维护项目-三期","维修维护","1363.36","4","7/4/2026","7/4/2027","7/4/2028","维修维护项目，投资金额1363.36万元","已过期","IMPORT","1","27/3/2026 12:59:29","6/4/2026 02:55:52"
"1034","P2026-00974","配电网优化项目-主体段","维修维护","4763.33","5","24/5/2026","24/5/2027","24/5/2028","维修维护项目，投资金额4763.33万元","草稿","IMPORT","1","24/3/2026 08:34:42","30/3/2026 16:14:18"
"1035","P2026-00975","智能电网扩建工程-二期","维修维护","3530.52","2","30/3/2026","30/3/2027","30/3/2028","维修维护项目，投资金额3530.52万元","审核通过","IMPORT","1","15/1/2026 04:11:45","17/5/2026 04:45:56"
"1036","P2026-00976","智能电网改造工程-先行段","维修维护","3842.03","8","29/5/2026","29/5/2027","29/5/2028","维修维护项目，投资金额3842.03万元","论证通过","MANUAL","1","9/5/2026 18:57:58","20/5/2026 06:34:51"
"1037","P2026-00977","储能电站改造工程-先行段","电网基建","894.5","6","28/4/2026","28/4/2027","28/4/2028","电网基建项目，投资金额894.50万元","待审核","MANUAL","1","9/3/2026 04:00:14","21/4/2026 07:11:44"
"1038","P2026-00978","通信系统优化项目-先行段","电网基建","2448.67","11","5/2/2026","5/2/2027","5/2/2028","电网基建项目，投资金额2448.67万元","审核通过","MANUAL","1","14/1/2026 05:45:00","25/1/2026 02:57:25"
"1039","P2026-00979","通信系统技改项目-一期","生产设备大修","1283.4","5","16/5/2026","16/5/2027","16/5/2028","生产设备大修项目，投资金额1283.40万元","已过期","IMPORT","1","14/5/2026 02:54:46","15/5/2026 07:49:14"
"1040","P2026-00980","通信系统优化项目-主体段","维修维护","653.59","11","12/5/2026","12/5/2027","12/5/2028","维修维护项目，投资金额653.59万元","待审核","MANUAL","1","3/4/2026 11:15:32","8/4/2026 11:32:06"
"1041","P2026-00981","智能电网升级工程-一期","设备更新","132.94","10","20/5/2026","20/5/2027","20/5/2028","设备更新项目，投资金额132.94万元","待论证","IMPORT","1","1/5/2026 07:11:52","9/5/2026 13:45:50"
"1042","P2026-00982","调度中心新建工程-三期","生产设备大修","2933.28","3","13/3/2026","13/3/2027","13/3/2028","生产设备大修项目，投资金额2933.28万元","草稿","IMPORT","1","11/1/2026 16:11:13","16/4/2026 11:17:56"
"1043","P2026-00983","智能电网技改项目-主体段","设备购置","3081.8","7","28/5/2026","28/5/2027","28/5/2028","设备购置项目，投资金额3081.80万元","草稿","MANUAL","1","18/5/2026 03:15:40","21/5/2026 03:51:32"
"1044","P2026-00984","智能电网改造工程-三期","设备购置","461.07","6","27/4/2026","27/4/2027","27/4/2028","设备购置项目，投资金额461.07万元","论证通过","IMPORT","1","19/4/2026 05:57:15","10/5/2026 21:21:56"
"1045","P2026-00985","储能电站技改项目-示范段","生产设备大修","875.14","5","24/4/2026","24/4/2027","24/4/2028","生产设备大修项目，投资金额875.14万元","已入库","MANUAL","1","2/4/2026 05:15:55","23/4/2026 22:01:18"
"1046","P2026-00986","输电线路大修工程-二期","生产设备技改","1818.89","3","13/4/2026","13/4/2027","13/4/2028","生产设备技改项目，投资金额1818.89万元","审核通过","MANUAL","1","26/2/2026 20:28:29","9/3/2026 06:06:06"
"1047","P2026-00987","智能电网升级工程-一期","电网基建","563.52","2","25/4/2026","25/4/2027","25/4/2028","电网基建项目，投资金额563.52万元","待论证","IMPORT","1","4/3/2026 21:24:38","19/5/2026 00:52:18"
"1048","P2026-00988","变电站改造工程-示范段","电网基建","2513.6","3","26/5/2026","26/5/2027","26/5/2028","电网基建项目，投资金额2513.60万元","待论证","IMPORT","1","15/3/2026 14:39:46","13/5/2026 12:55:08"
"1049","P2026-00989","智能电网新建工程-主体段","设备购置","4273.7","1","21/3/2026","21/3/2027","21/3/2028","设备购置项目，投资金额4273.70万元","已入库","IMPORT","1","12/1/2026 12:47:58","25/2/2026 23:55:56"
"1050","P2026-00990","通信系统优化项目-先行段","设备购置","4515.86","2","14/4/2026","14/4/2027","14/4/2028","设备购置项目，投资金额4515.86万元","审核通过","MANUAL","1","11/4/2026 01:20:04","19/4/2026 15:03:44"
"1051","P2026-00991","通信系统技改项目-主体段","电网基建","2253.57","4","17/5/2026","17/5/2027","17/5/2028","电网基建项目，投资金额2253.57万元","论证通过","MANUAL","1","7/5/2026 08:27:12","12/5/2026 20:07:32"
"1052","P2026-00992","调度中心改造工程-一期","科技创新","213.35","4","30/5/2026","30/5/2027","30/5/2028","科技创新项目，投资金额213.35万元","论证通过","IMPORT","1","30/5/2026 09:17:36","22/5/2026 13:54:00"
"1053","P2026-00993","充电桩优化项目-示范段","电网基建","2394.39","1","29/5/2026","29/5/2027","29/5/2028","电网基建项目，投资金额2394.39万元","待审核","MANUAL","1","11/4/2026 09:53:25","21/5/2026 04:19:09"
"1054","P2026-00994","配电网维护项目-二期","维修维护","94.5","7","28/5/2026","28/5/2027","28/5/2028","维修维护项目，投资金额94.50万元","论证通过","MANUAL","1","7/3/2026 16:27:49","25/4/2026 15:46:31"
"1055","P2026-00995","充电桩新建工程-二期","维修维护","2829.22","10","23/4/2026","23/4/2027","23/4/2028","维修维护项目，投资金额2829.22万元","待审核","IMPORT","1","8/3/2026 01:52:29","20/3/2026 22:29:39"
"1056","P2026-00996","充电桩改造工程-三期","设备购置","1076.01","2","14/5/2026","14/5/2027","14/5/2028","设备购置项目，投资金额1076.01万元","审核通过","MANUAL","1","13/5/2026 00:13:17","14/5/2026 04:07:31"
"1057","P2026-00997","配电网新建工程-先行段","电网基建","3795.27","3","29/3/2026","29/3/2027","29/3/2028","电网基建项目，投资金额3795.27万元","草稿","IMPORT","1","10/1/2026 11:13:00","23/3/2026 07:22:49"
"1058","P2026-00998","变电站技改项目-先行段","科技创新","4257.18","7","17/3/2026","17/3/2027","17/3/2028","科技创新项目，投资金额4257.18万元","论证通过","IMPORT","1","11/3/2026 20:48:03","18/3/2026 11:19:42"
"1059","P2026-00999","输电线路技改项目-二期","维修维护","2096.44","3","1/4/2026","1/4/2027","1/4/2028","维修维护项目，投资金额2096.44万元","已入库","IMPORT","1","12/3/2026 10:27:13","21/3/2026 14:30:44"
"1060","P2026-01000","智能电网技改项目-主体段","电网基建","1435.22","2","21/2/2026","21/2/2027","21/2/2028","电网基建项目，投资金额1435.22万元","审核通过","IMPORT","1","7/2/2026 09:56:54","7/4/2026 15:17:15"
"1062","PT19720506-0000","智能电网维护项目-一期","电网基建","1206.8","4","30/5/2026","30/5/2027","30/5/2028","电网基建项目，投资金额1206.80万元","草稿","IMPORT","1","30/5/2026 16:09:28","29/5/2026 23:54:22"
"1063","PT19721211-0001","配电网大修工程-先行段","电网基建","3198.56","11","7/3/2026","7/3/2027","7/3/2028","电网基建项目，投资金额3198.56万元","审核通过","IMPORT","1","1/2/2026 16:51:54","6/4/2026 07:46:31"
"1064","PT20230421-0002","变电站优化项目-示范段","设备购置","1086.25","3","27/5/2026","27/5/2027","27/5/2028","设备购置项目，投资金额1086.25万元","草稿","IMPORT","1","23/4/2026 13:23:49","16/5/2026 17:54:33"
"1065","PT20071027-0003","变电站新建工程-主体段","设备购置","2986.22","1","8/4/2026","8/4/2027","8/4/2028","设备购置项目，投资金额2986.22万元","论证通过","MANUAL","1","1/4/2026 06:53:37","20/5/2026 16:23:55"
"1066","PT19881227-0004","调度中心维护项目-主体段","生产设备大修","1146.13","4","26/5/2026","26/5/2027","26/5/2028","生产设备大修项目，投资金额1146.13万元","待审核","MANUAL","1","11/5/2026 22:44:39","20/5/2026 07:16:01"
"1067","PT20230918-0005","充电桩扩建工程-示范段","生产设备大修","2163.28","10","20/5/2026","20/5/2027","20/5/2028","生产设备大修项目，投资金额2163.28万元","待论证","MANUAL","1","16/4/2026 05:07:57","22/4/2026 06:26:41"
"1068","PT19780726-0006","变电站新建工程-主体段","生产设备大修","199.67","8","17/5/2026","17/5/2027","17/5/2028","生产设备大修项目，投资金额199.67万元","已过期","IMPORT","1","6/3/2026 14:02:09","8/3/2026 12:11:43"
"1069","PT20240824-0007","变电站优化项目-三期","生产设备大修","4571.25","1","28/5/2026","28/5/2027","28/5/2028","生产设备大修项目，投资金额4571.25万元","待论证","MANUAL","1","28/5/2026 11:36:24","24/5/2026 04:13:52"
"1070","PT20000228-0008","配电网改造工程-一期","生产设备大修","556.46","2","9/3/2026","9/3/2027","9/3/2028","生产设备大修项目，投资金额556.46万元","待论证","IMPORT","1","15/2/2026 12:55:01","27/3/2026 19:07:33"
"1071","PT19740113-0009","输电线路新建工程-示范段","电网基建","968.06","4","24/5/2026","24/5/2027","24/5/2028","电网基建项目，投资金额968.06万元","待审核","MANUAL","1","21/5/2026 16:10:23","21/5/2026 15:14:07"
"1072","PT19990121-0010","通信系统改造工程-二期","设备购置","2215.88","7","17/5/2026","17/5/2027","17/5/2028","设备购置项目，投资金额2215.88万元","待审核","IMPORT","1","3/5/2026 20:09:17","10/5/2026 17:39:25"
"1073","PT20160815-0011","变电站大修工程-示范段","生产设备大修","2076.64","9","26/5/2026","26/5/2027","26/5/2028","生产设备大修项目，投资金额2076.64万元","审核通过","IMPORT","1","18/5/2026 22:39:19","19/5/2026 03:34:10"
"1074","PT19930529-0012","智能电网大修工程-先行段","设备购置","202.42","8","23/4/2026","23/4/2027","23/4/2028","设备购置项目，投资金额202.42万元","待论证","MANUAL","1","14/3/2026 11:35:00","7/5/2026 08:36:23"
"1075","PT19881029-0013","输电线路改造工程-一期","设备购置","4209.67","8","14/4/2026","14/4/2027","14/4/2028","设备购置项目，投资金额4209.67万元","已过期","MANUAL","1","17/3/2026 21:52:48","19/5/2026 23:50:32"
"1076","PT20180102-0014","智能电网技改项目-三期","维修维护","1414.42","11","11/5/2026","11/5/2027","11/5/2028","维修维护项目，投资金额1414.42万元","论证通过","IMPORT","1","4/5/2026 02:24:02","17/5/2026 01:35:21"
"1077","PT20081007-0015","调度中心大修工程-示范段","生产设备大修","948.46","3","12/5/2026","12/5/2027","12/5/2028","生产设备大修项目，投资金额948.46万元","草稿","MANUAL","1","6/2/2026 13:56:28","12/5/2026 12:50:44"
"1078","PT20160820-0016","输电线路大修工程-先行段","设备更新","3849.32","8","21/2/2026","21/2/2027","21/2/2028","设备更新项目，投资金额3849.32万元","待审核","MANUAL","1","10/2/2026 08:50:04","20/3/2026 11:33:56"
"1079","PT20101221-0017","通信系统新建工程-二期","生产设备大修","4381.07","10","10/4/2026","10/4/2027","10/4/2028","生产设备大修项目，投资金额4381.07万元","论证通过","MANUAL","1","1/4/2026 20:42:29","21/5/2026 02:58:16"
"1080","PT20130622-0018","充电桩升级工程-一期","设备更新","3339.15","7","31/3/2026","31/3/2027","31/3/2028","设备更新项目，投资金额3339.15万元","待论证","MANUAL","1","13/2/2026 11:19:29","7/5/2026 19:38:07"
"1081","PT19840731-0019","储能电站优化项目-三期","电网基建","2047.23","5","31/5/2026","31/5/2027","31/5/2028","电网基建项目，投资金额2047.23万元","待审核","MANUAL","1","31/5/2026 09:47:06","25/5/2026 23:10:09"
"1082","PT19950116-0020","充电桩新建工程-三期","设备购置","414.28","4","18/4/2026","18/4/2027","18/4/2028","设备购置项目，投资金额414.28万元","待论证","IMPORT","1","19/3/2026 11:36:31","13/4/2026 03:46:29"
"1083","PT19930505-0021","智能电网维护项目-一期","电网基建","3672.12","4","27/4/2026","27/4/2027","27/4/2028","电网基建项目，投资金额3672.12万元","论证通过","MANUAL","1","21/3/2026 09:18:33","28/4/2026 07:50:51"
"1084","PT20000714-0022","智能电网升级工程-主体段","科技创新","2244.87","4","17/5/2026","17/5/2027","17/5/2028","科技创新项目，投资金额2244.87万元","待审核","MANUAL","1","7/5/2026 19:17:53","10/5/2026 10:04:36"
"1085","PT19790104-0023","变电站升级工程-一期","设备购置","3999.63","5","11/5/2026","11/5/2027","11/5/2028","设备购置项目，投资金额3999.63万元","待审核","IMPORT","1","25/4/2026 17:55:56","14/5/2026 23:42:20"
"1086","PT20220812-0024","储能电站改造工程-先行段","生产设备技改","2940.68","7","30/4/2026","30/4/2027","30/4/2028","生产设备技改项目，投资金额2940.68万元","待审核","MANUAL","1","31/3/2026 13:07:38","13/4/2026 15:36:59"
"1087","PT19830816-0025","变电站维护项目-主体段","维修维护","1969.62","10","29/5/2026","29/5/2027","29/5/2028","维修维护项目，投资金额1969.62万元","待论证","MANUAL","1","16/2/2026 20:49:15","24/3/2026 20:20:58"
"1088","PT20050318-0026","变电站改造工程-一期","维修维护","2730.77","10","2/5/2026","2/5/2027","2/5/2028","维修维护项目，投资金额2730.77万元","待论证","IMPORT","1","2/2/2026 00:19:06","4/3/2026 06:18:51"
"1089","PT19751022-0027","配电网升级工程-二期","生产设备技改","2385.18","5","5/3/2026","5/3/2027","5/3/2028","生产设备技改项目，投资金额2385.18万元","草稿","MANUAL","1","14/2/2026 15:35:16","26/3/2026 08:09:32"
"1090","PT20170730-0028","通信系统升级工程-示范段","生产设备大修","3857.41","5","5/5/2026","5/5/2027","5/5/2028","生产设备大修项目，投资金额3857.41万元","草稿","IMPORT","1","28/4/2026 22:02:53","19/5/2026 14:20:19"
"1091","PT19980426-0029","智能电网升级工程-一期","设备购置","1498.09","7","21/5/2026","21/5/2027","21/5/2028","设备购置项目，投资金额1498.09万元","待审核","MANUAL","1","30/4/2026 22:14:26","17/5/2026 15:25:46"
"1092","PT20190809-0030","储能电站大修工程-二期","维修维护","2929.18","7","19/3/2026","19/3/2027","19/3/2028","维修维护项目，投资金额2929.18万元","草稿","MANUAL","1","23/1/2026 06:21:34","18/5/2026 14:39:56"
"1093","PT19770725-0031","充电桩改造工程-二期","生产设备大修","2349.83","1","17/5/2026","17/5/2027","17/5/2028","生产设备大修项目，投资金额2349.83万元","草稿","IMPORT","1","14/5/2026 15:00:44","21/5/2026 07:38:49"
"1094","PT19940325-0032","调度中心优化项目-示范段","生产设备大修","1377.92","8","12/5/2026","12/5/2027","12/5/2028","生产设备大修项目，投资金额1377.92万元","待审核","IMPORT","1","8/5/2026 10:12:29","10/5/2026 06:50:22"
"1095","PT19740506-0033","通信系统维护项目-示范段","设备购置","4882.92","10","11/4/2026","11/4/2027","11/4/2028","设备购置项目，投资金额4882.92万元","待论证","MANUAL","1","5/4/2026 16:08:27","21/5/2026 09:49:26"
"1096","PT20081209-0034","通信系统维护项目-先行段","维修维护","1769.84","3","25/5/2026","25/5/2027","25/5/2028","维修维护项目，投资金额1769.84万元","草稿","MANUAL","1","11/5/2026 21:40:41","16/5/2026 09:28:33"
"1097","PT20151216-0035","输电线路维护项目-示范段","电网基建","3017.37","5","25/2/2026","25/2/2027","25/2/2028","电网基建项目，投资金额3017.37万元","待论证","MANUAL","1","21/1/2026 04:40:05","26/3/2026 13:28:23"
"1098","PT19810418-0036","配电网优化项目-示范段","设备购置","3669.05","8","23/4/2026","23/4/2027","23/4/2028","设备购置项目，投资金额3669.05万元","论证通过","MANUAL","1","23/4/2026 05:31:30","11/5/2026 13:02:28"
"1099","PT19750422-0037","变电站新建工程-三期","生产设备技改","3589.87","8","15/5/2026","15/5/2027","15/5/2028","生产设备技改项目，投资金额3589.87万元","论证通过","IMPORT","1","4/5/2026 09:42:10","21/5/2026 02:57:36"
"1100","PT20171208-0038","调度中心优化项目-先行段","设备购置","1550.07","8","18/5/2026","18/5/2027","18/5/2028","设备购置项目，投资金额1550.07万元","已入库","IMPORT","1","28/3/2026 05:31:16","13/4/2026 16:10:45"
"1101","PT20230210-0039","调度中心改造工程-主体段","生产设备技改","1317.86","6","27/5/2026","27/5/2027","27/5/2028","生产设备技改项目，投资金额1317.86万元","审核通过","IMPORT","1","11/4/2026 05:03:45","12/5/2026 19:58:17"
"1102","PT20210808-0040","智能电网大修工程-先行段","电网基建","2412","11","21/2/2026","21/2/2027","21/2/2028","电网基建项目，投资金额2412.00万元","待论证","MANUAL","1","11/2/2026 03:19:03","1/3/2026 07:46:20"
"1103","PT20020508-0041","输电线路升级工程-示范段","电网基建","4600.82","1","29/3/2026","29/3/2027","29/3/2028","电网基建项目，投资金额4600.82万元","待审核","MANUAL","1","25/2/2026 16:37:55","12/5/2026 03:04:48"
"1104","PT20141122-0042","通信系统技改项目-主体段","维修维护","4753.85","11","23/2/2026","23/2/2027","23/2/2028","维修维护项目，投资金额4753.85万元","待审核","MANUAL","1","6/1/2026 10:38:12","6/5/2026 12:12:35"
"1105","PT20081014-0043","配电网升级工程-主体段","生产设备大修","3542.35","8","5/4/2026","5/4/2027","5/4/2028","生产设备大修项目，投资金额3542.35万元","待论证","IMPORT","1","2/2/2026 02:27:45","5/2/2026 18:44:40"
"1106","PT20080816-0044","智能电网维护项目-主体段","维修维护","407.12","9","12/5/2026","12/5/2027","12/5/2028","维修维护项目，投资金额407.12万元","已入库","MANUAL","1","18/4/2026 13:04:51","12/5/2026 22:06:33"
"1107","PT19850326-0045","储能电站改造工程-先行段","科技创新","4025.41","8","7/5/2026","7/5/2027","7/5/2028","科技创新项目，投资金额4025.41万元","已入库","MANUAL","1","28/4/2026 09:50:21","10/5/2026 10:40:22"
"1108","PT20160816-0046","输电线路扩建工程-一期","设备更新","3255.06","1","12/3/2026","12/3/2027","12/3/2028","设备更新项目，投资金额3255.06万元","已入库","MANUAL","1","5/2/2026 08:51:39","5/2/2026 14:43:35"
"1109","PT20040519-0047","输电线路新建工程-一期","生产设备技改","2210.02","8","5/5/2026","5/5/2027","5/5/2028","生产设备技改项目，投资金额2210.02万元","已入库","MANUAL","1","3/5/2026 23:48:45","16/5/2026 09:25:29"
"1110","PT20150102-0048","变电站维护项目-主体段","电网基建","3704.71","5","14/2/2026","14/2/2027","14/2/2028","电网基建项目，投资金额3704.71万元","已过期","MANUAL","1","8/2/2026 12:32:39","7/4/2026 03:39:29"
"1111","PT20170412-0049","充电桩改造工程-示范段","电网基建","1760.6","2","8/3/2026","8/3/2027","8/3/2028","电网基建项目，投资金额1760.60万元","待论证","MANUAL","1","27/2/2026 21:49:44","22/4/2026 16:29:12"
"1112","PT19910306-0050","输电线路改造工程-一期","设备购置","3626.07","7","2/2/2026","2/2/2027","2/2/2028","设备购置项目，投资金额3626.07万元","审核通过","IMPORT","1","31/1/2026 12:41:34","21/4/2026 06:25:23"
"1113","PT20160731-0051","输电线路优化项目-二期","生产设备技改","3963.04","2","5/4/2026","5/4/2027","5/4/2028","生产设备技改项目，投资金额3963.04万元","待论证","MANUAL","1","3/3/2026 03:35:53","15/5/2026 00:48:00"
"1114","PT20000916-0052","变电站升级工程-主体段","设备购置","219.64","4","20/5/2026","20/5/2027","20/5/2028","设备购置项目，投资金额219.64万元","论证通过","IMPORT","1","10/5/2026 00:40:26","12/5/2026 11:48:50"
"1115","PT19950902-0053","智能电网优化项目-先行段","维修维护","2609.1","4","18/5/2026","18/5/2027","18/5/2028","维修维护项目，投资金额2609.10万元","审核通过","MANUAL","1","20/1/2026 20:35:44","10/4/2026 09:57:04"
"1116","PT20100328-0054","配电网新建工程-三期","设备更新","2038.56","9","24/5/2026","24/5/2027","24/5/2028","设备更新项目，投资金额2038.56万元","草稿","IMPORT","1","15/4/2026 23:45:54","14/5/2026 01:08:01"
"1117","PT20030707-0055","充电桩升级工程-一期","维修维护","476.05","6","19/5/2026","19/5/2027","19/5/2028","维修维护项目，投资金额476.05万元","待审核","MANUAL","1","19/4/2026 11:34:07","25/4/2026 02:47:47"
"1118","PT20100501-0056","配电网新建工程-一期","设备更新","3994.84","5","28/2/2026","28/2/2027","28/2/2028","设备更新项目，投资金额3994.84万元","审核通过","MANUAL","1","25/2/2026 04:54:32","6/5/2026 16:51:00"
"1119","PT20010311-0057","通信系统新建工程-先行段","生产设备大修","3239.32","10","28/5/2026","28/5/2027","28/5/2028","生产设备大修项目，投资金额3239.32万元","已入库","MANUAL","1","27/5/2026 09:39:23","22/5/2026 07:52:42"
"1120","PT19750502-0058","变电站升级工程-一期","电网基建","4125.36","9","27/5/2026","27/5/2027","27/5/2028","电网基建项目，投资金额4125.36万元","草稿","IMPORT","1","27/5/2026 01:33:27","22/5/2026 16:17:04"
"1121","PT19940809-0059","调度中心新建工程-一期","电网基建","3127.42","7","20/4/2026","20/4/2027","20/4/2028","电网基建项目，投资金额3127.42万元","待审核","IMPORT","1","12/1/2026 20:49:38","29/3/2026 16:56:02"
"1122","PT20120127-0060","调度中心新建工程-三期","电网基建","436.85","10","14/5/2026","14/5/2027","14/5/2028","电网基建项目，投资金额436.85万元","论证通过","IMPORT","1","16/3/2026 15:28:45","28/4/2026 15:35:04"
"1123","PT19910905-0061","通信系统技改项目-示范段","生产设备技改","2409.09","2","13/5/2026","13/5/2027","13/5/2028","生产设备技改项目，投资金额2409.09万元","待审核","IMPORT","1","15/4/2026 23:30:43","5/5/2026 02:53:54"
"1124","PT19851225-0062","智能电网升级工程-主体段","设备购置","906.04","4","23/4/2026","23/4/2027","23/4/2028","设备购置项目，投资金额906.04万元","已入库","MANUAL","1","21/4/2026 04:08:57","4/5/2026 19:52:37"
"1125","PT19810114-0063","储能电站优化项目-主体段","维修维护","1536.51","9","30/5/2026","30/5/2027","30/5/2028","维修维护项目，投资金额1536.51万元","论证通过","MANUAL","1","24/5/2026 06:55:20","22/5/2026 05:02:17"
"1126","PT20021124-0064","充电桩优化项目-先行段","生产设备大修","3492.67","5","27/4/2026","27/4/2027","27/4/2028","生产设备大修项目，投资金额3492.67万元","待论证","MANUAL","1","21/4/2026 03:35:31","11/5/2026 11:36:42"
"1127","PT19841208-0065","变电站大修工程-一期","设备更新","2373.51","9","11/5/2026","11/5/2027","11/5/2028","设备更新项目，投资金额2373.51万元","待审核","MANUAL","1","3/5/2026 00:50:32","16/5/2026 19:08:34"
"1128","PT19710602-0066","智能电网扩建工程-一期","设备更新","2537.76","11","27/5/2026","27/5/2027","27/5/2028","设备更新项目，投资金额2537.76万元","论证通过","MANUAL","1","1/4/2026 12:18:33","8/5/2026 19:43:10"
"1129","PT19780327-0067","调度中心新建工程-先行段","电网基建","3141.17","4","24/3/2026","24/3/2027","24/3/2028","电网基建项目，投资金额3141.17万元","待论证","IMPORT","1","20/3/2026 19:28:26","22/4/2026 03:42:52"
"1130","PT20030814-0068","智能电网维护项目-先行段","维修维护","4303.35","4","30/5/2026","30/5/2027","30/5/2028","维修维护项目，投资金额4303.35万元","待审核","IMPORT","1","22/5/2026 06:45:33","22/5/2026 04:06:35"
"1131","PT19880206-0069","智能电网技改项目-一期","设备购置","3366.65","1","16/5/2026","16/5/2027","16/5/2028","设备购置项目，投资金额3366.65万元","草稿","MANUAL","1","3/2/2026 02:29:29","29/3/2026 12:22:47"
"1132","PT20030121-0070","储能电站改造工程-三期","生产设备技改","3900.35","6","20/4/2026","20/4/2027","20/4/2028","生产设备技改项目，投资金额3900.35万元","论证通过","MANUAL","1","1/2/2026 01:58:06","5/5/2026 15:58:47"
"1133","PT19841216-0071","充电桩优化项目-示范段","生产设备大修","3058.45","7","27/5/2026","27/5/2027","27/5/2028","生产设备大修项目，投资金额3058.45万元","已入库","IMPORT","1","22/5/2026 12:30:37","21/5/2026 19:38:41"
"1134","PT20031210-0072","充电桩新建工程-主体段","维修维护","2127.4","8","25/4/2026","25/4/2027","25/4/2028","维修维护项目，投资金额2127.40万元","已入库","MANUAL","1","25/2/2026 15:19:35","12/4/2026 23:19:57"
"1135","PT19761229-0073","输电线路大修工程-一期","电网基建","3511.47","10","27/5/2026","27/5/2027","27/5/2028","电网基建项目，投资金额3511.47万元","审核通过","IMPORT","1","18/2/2026 01:14:56","1/5/2026 11:52:08"
"1136","PT20231219-0074","充电桩维护项目-二期","维修维护","4199.69","5","12/4/2026","12/4/2027","12/4/2028","维修维护项目，投资金额4199.69万元","审核通过","IMPORT","1","1/2/2026 21:27:25","4/5/2026 16:41:29"
"1137","PT20070522-0075","充电桩优化项目-二期","电网基建","1072.49","7","31/1/2026","31/1/2027","31/1/2028","电网基建项目，投资金额1072.49万元","审核通过","IMPORT","1","19/1/2026 11:26:15","24/2/2026 03:12:01"
"1138","PT19770617-0076","通信系统技改项目-先行段","设备购置","595.06","2","30/4/2026","30/4/2027","30/4/2028","设备购置项目，投资金额595.06万元","论证通过","MANUAL","1","3/1/2026 14:07:28","22/3/2026 23:46:23"
"1139","PT19860908-0077","调度中心优化项目-先行段","设备更新","2595.12","10","7/5/2026","7/5/2027","7/5/2028","设备更新项目，投资金额2595.12万元","论证通过","MANUAL","1","3/3/2026 22:22:02","20/5/2026 21:57:13"
"1140","PT20241121-0078","配电网维护项目-一期","科技创新","1260.79","2","8/5/2026","8/5/2027","8/5/2028","科技创新项目，投资金额1260.79万元","审核通过","IMPORT","1","20/1/2026 16:32:33","8/4/2026 11:30:38"
"1141","PT19880506-0079","调度中心优化项目-三期","生产设备大修","919.82","3","15/5/2026","15/5/2027","15/5/2028","生产设备大修项目，投资金额919.82万元","已入库","MANUAL","1","16/4/2026 17:05:59","5/5/2026 21:42:09"
"1142","PT19930919-0080","变电站改造工程-三期","电网基建","4232.63","5","26/4/2026","26/4/2027","26/4/2028","电网基建项目，投资金额4232.63万元","待论证","IMPORT","1","20/1/2026 04:27:46","16/2/2026 07:55:32"
"1143","PT20210319-0081","调度中心优化项目-示范段","生产设备大修","482.2","10","2/5/2026","2/5/2027","2/5/2028","生产设备大修项目，投资金额482.20万元","已入库","IMPORT","1","1/5/2026 04:09:01","15/5/2026 02:40:15"
"1144","PT19881023-0082","智能电网技改项目-主体段","科技创新","511.62","2","5/3/2026","5/3/2027","5/3/2028","科技创新项目，投资金额511.62万元","草稿","IMPORT","1","12/1/2026 12:21:32","28/1/2026 03:32:08"
"1145","PT19840414-0083","配电网大修工程-先行段","设备更新","833.54","8","20/5/2026","20/5/2027","20/5/2028","设备更新项目，投资金额833.54万元","已入库","IMPORT","1","18/5/2026 17:01:17","19/5/2026 05:12:55"
"1146","PT20180829-0084","配电网扩建工程-示范段","生产设备大修","964.76","2","27/2/2026","27/2/2027","27/2/2028","生产设备大修项目，投资金额964.76万元","草稿","IMPORT","1","21/2/2026 17:58:56","23/2/2026 10:48:08"
"1147","PT20220316-0085","调度中心优化项目-先行段","维修维护","4814.2","8","2/5/2026","2/5/2027","2/5/2028","维修维护项目，投资金额4814.20万元","待论证","MANUAL","1","26/4/2026 04:43:46","3/5/2026 15:06:18"
"1148","PT19900826-0086","调度中心改造工程-示范段","维修维护","1831.06","4","24/2/2026","24/2/2027","24/2/2028","维修维护项目，投资金额1831.06万元","论证通过","MANUAL","1","3/2/2026 13:58:00","26/4/2026 21:42:22"
"1149","PT19830925-0087","变电站升级工程-二期","科技创新","4658.69","8","16/4/2026","16/4/2027","16/4/2028","科技创新项目，投资金额4658.69万元","论证通过","IMPORT","1","23/1/2026 20:38:11","26/1/2026 09:48:34"
"1150","PT19930217-0088","充电桩扩建工程-先行段","生产设备大修","3163.06","2","10/4/2026","10/4/2027","10/4/2028","生产设备大修项目，投资金额3163.06万元","待论证","IMPORT","1","6/4/2026 01:50:16","21/5/2026 04:25:42"
"1151","PT20041029-0089","充电桩大修工程-一期","设备购置","3779.98","2","30/5/2026","30/5/2027","30/5/2028","设备购置项目，投资金额3779.98万元","审核通过","IMPORT","1","29/5/2026 04:23:06","27/5/2026 18:00:50"
"1152","PT19771231-0090","智能电网扩建工程-先行段","维修维护","3334.25","6","6/4/2026","6/4/2027","6/4/2028","维修维护项目，投资金额3334.25万元","待论证","IMPORT","1","11/3/2026 14:34:57","17/5/2026 08:50:26"
"1153","PT19850722-0091","配电网大修工程-示范段","电网基建","4649.04","11","17/5/2026","17/5/2027","17/5/2028","电网基建项目，投资金额4649.04万元","草稿","IMPORT","1","21/2/2026 16:11:51","19/5/2026 12:19:12"
"1154","PT19930621-0092","智能电网升级工程-主体段","设备购置","2336.64","10","12/4/2026","12/4/2027","12/4/2028","设备购置项目，投资金额2336.64万元","待论证","MANUAL","1","3/4/2026 22:58:11","12/5/2026 00:50:18"
"1155","PT20130716-0093","储能电站维护项目-二期","维修维护","76.21","3","19/5/2026","19/5/2027","19/5/2028","维修维护项目，投资金额76.21万元","草稿","MANUAL","1","19/2/2026 17:04:03","7/3/2026 12:36:50"
"1156","PT20120118-0094","调度中心扩建工程-二期","电网基建","1990.81","5","3/3/2026","3/3/2027","3/3/2028","电网基建项目，投资金额1990.81万元","草稿","IMPORT","1","4/2/2026 04:16:14","19/5/2026 19:08:25"
"1157","PT19940607-0095","储能电站优化项目-先行段","生产设备大修","676.76","5","26/5/2026","26/5/2027","26/5/2028","生产设备大修项目，投资金额676.76万元","论证通过","IMPORT","1","17/3/2026 08:38:04","22/3/2026 23:31:51"
"1158","PT19980731-0096","变电站新建工程-主体段","科技创新","4203.57","9","17/4/2026","17/4/2027","17/4/2028","科技创新项目，投资金额4203.57万元","已入库","IMPORT","1","13/2/2026 22:06:12","11/5/2026 03:18:15"
"1159","PT19890311-0097","配电网维护项目-主体段","设备购置","1657.17","6","20/5/2026","20/5/2027","20/5/2028","设备购置项目，投资金额1657.17万元","论证通过","MANUAL","1","21/1/2026 22:15:30","22/2/2026 19:16:44"
"1160","PT20040108-0098","充电桩扩建工程-示范段","维修维护","3186.4","1","9/5/2026","9/5/2027","9/5/2028","维修维护项目，投资金额3186.40万元","论证通过","IMPORT","1","22/4/2026 00:00:57","25/4/2026 22:09:27"
"1161","PT19791105-0099","通信系统维护项目-三期","科技创新","2541.34","10","16/5/2026","16/5/2027","16/5/2028","科技创新项目，投资金额2541.34万元","审核通过","IMPORT","1","8/5/2026 12:21:54","18/5/2026 15:25:17"
"1162","PT20120813-0100","充电桩大修工程-示范段","生产设备大修","3909.13","11","8/5/2026","8/5/2027","8/5/2028","生产设备大修项目，投资金额3909.13万元","草稿","MANUAL","1","6/5/2026 20:47:45","14/5/2026 11:57:00"
"1163","PT20080121-0101","通信系统技改项目-三期","设备购置","3461.47","6","27/5/2026","27/5/2027","27/5/2028","设备购置项目，投资金额3461.47万元","待审核","MANUAL","1","16/5/2026 18:57:34","17/5/2026 05:54:31"
"1164","PT20080524-0102","智能电网维护项目-先行段","设备购置","3867.88","10","29/3/2026","29/3/2027","29/3/2028","设备购置项目，投资金额3867.88万元","审核通过","MANUAL","1","14/3/2026 08:13:54","23/3/2026 00:34:08"
"1165","PT20110111-0103","储能电站升级工程-三期","生产设备技改","591.19","7","26/5/2026","26/5/2027","26/5/2028","生产设备技改项目，投资金额591.19万元","待审核","IMPORT","1","31/3/2026 06:03:53","18/5/2026 11:23:08"
"1166","PT20250524-0104","通信系统改造工程-二期","生产设备技改","3021.66","10","7/5/2026","7/5/2027","7/5/2028","生产设备技改项目，投资金额3021.66万元","待论证","MANUAL","1","6/5/2026 09:54:34","17/5/2026 02:37:56"
"1167","PT20240831-0105","充电桩维护项目-一期","电网基建","350.5","11","17/5/2026","17/5/2027","17/5/2028","电网基建项目，投资金额350.50万元","审核通过","IMPORT","1","16/5/2026 14:07:13","19/5/2026 08:08:48"
"1168","PT19710416-0106","配电网改造工程-示范段","生产设备大修","4007","9","9/4/2026","9/4/2027","9/4/2028","生产设备大修项目，投资金额4007.00万元","待审核","IMPORT","1","31/3/2026 15:09:32","20/4/2026 08:54:48"
"1169","PT19771219-0107","通信系统新建工程-先行段","维修维护","1877.38","4","9/4/2026","9/4/2027","9/4/2028","维修维护项目，投资金额1877.38万元","待审核","IMPORT","1","10/2/2026 14:28:38","18/4/2026 06:59:33"
"1170","PT19920725-0108","储能电站维护项目-三期","设备更新","2361.97","10","29/5/2026","29/5/2027","29/5/2028","设备更新项目，投资金额2361.97万元","已过期","IMPORT","1","8/4/2026 05:37:47","3/5/2026 08:10:51"
"1171","PT19800427-0109","变电站新建工程-一期","维修维护","2784.83","6","20/5/2026","20/5/2027","20/5/2028","维修维护项目，投资金额2784.83万元","已入库","MANUAL","1","19/2/2026 01:03:14","7/3/2026 01:04:19"
"1172","PT19840502-0110","变电站新建工程-三期","设备购置","1639.86","7","27/4/2026","27/4/2027","27/4/2028","设备购置项目，投资金额1639.86万元","草稿","IMPORT","1","17/1/2026 19:13:15","10/3/2026 09:27:30"
"1173","PT20000318-0111","智能电网新建工程-二期","科技创新","1236.35","1","15/5/2026","15/5/2027","15/5/2028","科技创新项目，投资金额1236.35万元","待论证","IMPORT","1","2/5/2026 08:13:36","9/5/2026 11:32:01"
"1174","PT20170312-0112","储能电站优化项目-三期","科技创新","4760.36","1","11/3/2026","11/3/2027","11/3/2028","科技创新项目，投资金额4760.36万元","待审核","MANUAL","1","7/3/2026 22:17:31","12/4/2026 03:45:56"
"1175","PT20191010-0113","配电网优化项目-先行段","生产设备大修","2811.5","5","25/2/2026","25/2/2027","25/2/2028","生产设备大修项目，投资金额2811.50万元","待论证","MANUAL","1","22/1/2026 06:00:12","14/5/2026 01:15:17"
"1176","PT19860102-0114","输电线路大修工程-二期","维修维护","4407.25","6","10/3/2026","10/3/2027","10/3/2028","维修维护项目，投资金额4407.25万元","审核通过","MANUAL","1","6/2/2026 06:32:30","30/4/2026 16:18:35"
"1177","PT20050630-0115","通信系统改造工程-主体段","设备更新","283.2","5","30/4/2026","30/4/2027","30/4/2028","设备更新项目，投资金额283.20万元","已入库","MANUAL","1","17/1/2026 12:33:36","13/2/2026 19:10:31"
"1178","PT19840519-0116","智能电网优化项目-一期","生产设备技改","2043.56","6","25/4/2026","25/4/2027","25/4/2028","生产设备技改项目，投资金额2043.56万元","已入库","MANUAL","1","12/3/2026 19:39:31","23/4/2026 02:14:55"
"1179","PT19991220-0117","储能电站技改项目-二期","科技创新","4048.5","10","30/5/2026","30/5/2027","30/5/2028","科技创新项目，投资金额4048.50万元","已入库","MANUAL","1","11/4/2026 08:27:58","13/5/2026 08:14:58"
"1180","PT19991210-0118","充电桩新建工程-示范段","科技创新","3197.06","3","10/3/2026","10/3/2027","10/3/2028","科技创新项目，投资金额3197.06万元","论证通过","IMPORT","1","6/3/2026 20:55:19","27/3/2026 01:51:17"
"1181","PT20161216-0119","输电线路改造工程-三期","设备更新","3030.95","10","3/5/2026","3/5/2027","3/5/2028","设备更新项目，投资金额3030.95万元","审核通过","IMPORT","1","28/4/2026 04:31:23","5/5/2026 05:16:25"
"1182","PT19940223-0120","通信系统维护项目-二期","科技创新","3917.69","7","25/2/2026","25/2/2027","25/2/2028","科技创新项目，投资金额3917.69万元","论证通过","IMPORT","1","24/1/2026 16:01:00","21/4/2026 16:50:31"
"1183","PT19831222-0121","配电网优化项目-先行段","维修维护","4195.36","11","12/5/2026","12/5/2027","12/5/2028","维修维护项目，投资金额4195.36万元","待审核","MANUAL","1","3/5/2026 14:38:32","9/5/2026 23:16:26"
"1184","PT19720707-0122","配电网技改项目-二期","生产设备技改","2172.4","8","27/5/2026","27/5/2027","27/5/2028","生产设备技改项目，投资金额2172.40万元","待论证","MANUAL","1","19/2/2026 09:52:18","26/3/2026 20:09:10"
"1185","PT19731111-0123","储能电站技改项目-主体段","科技创新","181.71","11","29/5/2026","29/5/2027","29/5/2028","科技创新项目，投资金额181.71万元","草稿","IMPORT","1","19/2/2026 15:05:51","9/3/2026 07:45:38"
"1186","PT19840224-0124","充电桩维护项目-二期","设备更新","4211.02","3","27/4/2026","27/4/2027","27/4/2028","设备更新项目，投资金额4211.02万元","已过期","MANUAL","1","1/2/2026 01:57:59","8/2/2026 09:06:31"
"1187","PT19970425-0125","变电站维护项目-二期","设备购置","4112.86","9","21/2/2026","21/2/2027","21/2/2028","设备购置项目，投资金额4112.86万元","论证通过","MANUAL","1","17/1/2026 06:10:05","25/2/2026 15:28:24"
"1188","PT19990212-0126","变电站新建工程-一期","设备购置","1834.45","1","13/4/2026","13/4/2027","13/4/2028","设备购置项目，投资金额1834.45万元","论证通过","MANUAL","1","6/4/2026 15:06:04","24/4/2026 20:02:27"
"1189","PT20210110-0127","变电站维护项目-示范段","科技创新","267.69","8","14/5/2026","14/5/2027","14/5/2028","科技创新项目，投资金额267.69万元","草稿","IMPORT","1","25/2/2026 18:15:18","30/3/2026 11:23:20"
"1190","PT20230622-0128","充电桩扩建工程-示范段","维修维护","3225.87","11","20/2/2026","20/2/2027","20/2/2028","维修维护项目，投资金额3225.87万元","草稿","MANUAL","1","19/1/2026 00:11:13","27/2/2026 08:02:06"
"1191","PT19760425-0129","智能电网扩建工程-二期","生产设备大修","3961.54","10","14/5/2026","14/5/2027","14/5/2028","生产设备大修项目，投资金额3961.54万元","待审核","MANUAL","1","30/1/2026 02:27:37","25/3/2026 09:59:59"
"1192","PT19780515-0130","变电站技改项目-一期","设备购置","804.28","2","24/4/2026","24/4/2027","24/4/2028","设备购置项目，投资金额804.28万元","论证通过","IMPORT","1","28/3/2026 20:55:39","21/4/2026 01:16:30"
"1193","PT19850616-0131","变电站改造工程-主体段","维修维护","4814.78","10","5/4/2026","5/4/2027","5/4/2028","维修维护项目，投资金额4814.78万元","论证通过","IMPORT","1","1/3/2026 10:19:00","28/4/2026 09:09:06"
"1194","PT19780827-0132","变电站优化项目-三期","设备购置","331.81","4","14/1/2026","14/1/2027","14/1/2028","设备购置项目，投资金额331.81万元","待论证","IMPORT","1","7/1/2026 04:03:18","29/4/2026 06:59:49"
"1195","PT20110611-0133","储能电站技改项目-示范段","生产设备技改","1478.3","5","25/3/2026","25/3/2027","25/3/2028","生产设备技改项目，投资金额1478.30万元","待论证","IMPORT","1","20/1/2026 11:16:58","31/3/2026 02:56:18"
"1196","PT19711102-0134","通信系统优化项目-二期","电网基建","3877.13","3","1/5/2026","1/5/2027","1/5/2028","电网基建项目，投资金额3877.13万元","待论证","IMPORT","1","20/4/2026 11:26:43","5/5/2026 16:29:16"
"1197","PT19861005-0135","通信系统新建工程-主体段","科技创新","4658.39","10","20/4/2026","20/4/2027","20/4/2028","科技创新项目，投资金额4658.39万元","审核通过","MANUAL","1","22/3/2026 10:16:35","27/4/2026 16:07:56"
"1198","PT19990314-0136","智能电网扩建工程-示范段","设备更新","2718.26","3","8/5/2026","8/5/2027","8/5/2028","设备更新项目，投资金额2718.26万元","审核通过","MANUAL","1","4/3/2026 04:41:18","19/4/2026 19:37:51"
"1199","PT19740819-0137","配电网大修工程-主体段","科技创新","1095.34","10","27/5/2026","27/5/2027","27/5/2028","科技创新项目，投资金额1095.34万元","待论证","IMPORT","1","20/5/2026 11:11:58","21/5/2026 04:18:30"
"1200","PT19990407-0138","配电网技改项目-先行段","维修维护","1783.17","7","13/5/2026","13/5/2027","13/5/2028","维修维护项目，投资金额1783.17万元","草稿","MANUAL","1","9/5/2026 14:01:56","16/5/2026 02:47:24"
"1201","PT19980619-0139","配电网优化项目-一期","设备购置","4430.13","6","21/5/2026","21/5/2027","21/5/2028","设备购置项目，投资金额4430.13万元","已过期","MANUAL","1","28/2/2026 21:35:51","3/4/2026 14:51:48"
"1202","PT19730319-0140","充电桩扩建工程-先行段","设备更新","1087.81","6","10/5/2026","10/5/2027","10/5/2028","设备更新项目，投资金额1087.81万元","待论证","IMPORT","1","19/4/2026 12:13:29","30/4/2026 04:31:17"
"1203","PT20180313-0141","通信系统优化项目-主体段","生产设备技改","3571.96","2","25/4/2026","25/4/2027","25/4/2028","生产设备技改项目，投资金额3571.96万元","待论证","IMPORT","1","7/1/2026 10:04:38","21/4/2026 11:37:18"
"1204","PT19870405-0142","调度中心升级工程-三期","电网基建","573.26","4","24/5/2026","24/5/2027","24/5/2028","电网基建项目，投资金额573.26万元","审核通过","MANUAL","1","5/3/2026 02:29:50","7/4/2026 21:29:36"
"1205","PT19791015-0143","配电网技改项目-先行段","设备更新","1607.17","7","10/1/2026","10/1/2027","10/1/2028","设备更新项目，投资金额1607.17万元","草稿","IMPORT","1","4/1/2026 06:10:44","30/3/2026 13:57:17"
"1206","PT19790506-0144","通信系统新建工程-主体段","设备购置","1251.99","5","26/5/2026","26/5/2027","26/5/2028","设备购置项目，投资金额1251.99万元","草稿","MANUAL","1","9/5/2026 23:11:49","10/5/2026 20:01:15"
"1207","PT19820721-0145","输电线路优化项目-示范段","设备购置","2891.63","3","26/5/2026","26/5/2027","26/5/2028","设备购置项目，投资金额2891.63万元","待论证","MANUAL","1","14/5/2026 17:41:59","20/5/2026 16:54:16"
"1208","PT19830114-0146","变电站改造工程-先行段","电网基建","3901.14","8","2/5/2026","2/5/2027","2/5/2028","电网基建项目，投资金额3901.14万元","待论证","IMPORT","1","10/4/2026 04:41:45","21/4/2026 19:15:01"
"1209","PT19750222-0147","变电站改造工程-先行段","科技创新","2294.68","5","25/5/2026","25/5/2027","25/5/2028","科技创新项目，投资金额2294.68万元","草稿","MANUAL","1","26/4/2026 03:07:36","26/4/2026 17:52:57"
"1210","PT20250623-0148","配电网新建工程-三期","设备购置","3327.4","9","18/4/2026","18/4/2027","18/4/2028","设备购置项目，投资金额3327.40万元","审核通过","MANUAL","1","12/3/2026 08:16:50","7/4/2026 12:10:36"
"1211","PT20120824-0149","输电线路优化项目-二期","设备更新","4730.64","3","2/4/2026","2/4/2027","2/4/2028","设备更新项目，投资金额4730.64万元","待审核","IMPORT","1","25/2/2026 02:37:58","12/5/2026 13:43:43"
"1212","PT20020329-0150","变电站维护项目-示范段","生产设备大修","3792.34","3","25/5/2026","25/5/2027","25/5/2028","生产设备大修项目，投资金额3792.34万元","审核通过","MANUAL","1","23/5/2026 00:53:19","23/5/2026 00:18:55"
"1213","PT20130904-0151","储能电站大修工程-一期","电网基建","3224","7","18/2/2026","18/2/2027","18/2/2028","电网基建项目，投资金额3224.00万元","草稿","IMPORT","1","28/1/2026 02:32:19","8/3/2026 01:05:02"
"1214","PT20040806-0152","变电站升级工程-先行段","维修维护","793.38","8","30/5/2026","30/5/2027","30/5/2028","维修维护项目，投资金额793.38万元","审核通过","MANUAL","1","9/2/2026 10:27:40","25/2/2026 05:00:01"
"1215","PT19790620-0153","通信系统技改项目-三期","生产设备大修","278.8","2","21/5/2026","21/5/2027","21/5/2028","生产设备大修项目，投资金额278.80万元","草稿","MANUAL","1","5/1/2026 12:54:40","28/3/2026 18:31:59"
"1216","PT20160706-0154","充电桩新建工程-先行段","生产设备大修","1131.59","10","5/4/2026","5/4/2027","5/4/2028","生产设备大修项目，投资金额1131.59万元","审核通过","MANUAL","1","23/3/2026 04:26:33","7/5/2026 08:21:50"
"1217","PT19791108-0155","充电桩维护项目-先行段","生产设备大修","1750.12","8","4/5/2026","4/5/2027","4/5/2028","生产设备大修项目，投资金额1750.12万元","待论证","MANUAL","1","28/2/2026 03:30:48","2/5/2026 19:42:50"
"1218","PT20021106-0156","智能电网维护项目-主体段","科技创新","890.68","10","23/3/2026","23/3/2027","23/3/2028","科技创新项目，投资金额890.68万元","审核通过","MANUAL","1","1/3/2026 12:17:52","26/4/2026 02:55:34"
"1219","PT20061110-0157","配电网维护项目-示范段","生产设备技改","2735.03","7","2/4/2026","2/4/2027","2/4/2028","生产设备技改项目，投资金额2735.03万元","待审核","IMPORT","1","9/3/2026 02:43:04","1/5/2026 09:54:25"
"1220","PT19741026-0158","充电桩维护项目-二期","生产设备大修","4460.55","3","10/4/2026","10/4/2027","10/4/2028","生产设备大修项目，投资金额4460.55万元","论证通过","IMPORT","1","17/3/2026 12:33:51","6/5/2026 07:05:39"
"1221","PT20100211-0159","配电网优化项目-主体段","生产设备大修","1608.11","8","9/5/2026","9/5/2027","9/5/2028","生产设备大修项目，投资金额1608.11万元","已过期","MANUAL","1","5/3/2026 07:35:03","5/4/2026 06:37:34"
"1222","PT19820821-0160","输电线路技改项目-一期","设备更新","574.6","4","12/5/2026","12/5/2027","12/5/2028","设备更新项目，投资金额574.60万元","论证通过","MANUAL","1","27/3/2026 04:54:47","31/3/2026 18:19:25"
"1223","PT19841007-0161","通信系统维护项目-先行段","科技创新","300.69","7","9/4/2026","9/4/2027","9/4/2028","科技创新项目，投资金额300.69万元","待论证","MANUAL","1","25/3/2026 21:53:32","16/4/2026 10:42:52"
"1224","PT19791201-0162","通信系统升级工程-示范段","设备购置","4099.38","1","8/3/2026","8/3/2027","8/3/2028","设备购置项目，投资金额4099.38万元","待论证","IMPORT","1","23/2/2026 11:59:56","20/4/2026 03:54:53"
"1225","PT20140125-0163","配电网优化项目-先行段","生产设备技改","3573.87","8","26/3/2026","26/3/2027","26/3/2028","生产设备技改项目，投资金额3573.87万元","已入库","MANUAL","1","10/2/2026 09:15:13","26/3/2026 14:33:42"
"1226","PT20150112-0164","输电线路新建工程-示范段","科技创新","2154.5","5","22/2/2026","22/2/2027","22/2/2028","科技创新项目，投资金额2154.50万元","草稿","IMPORT","1","3/1/2026 17:00:06","14/1/2026 13:08:43"
"1227","PT20021115-0165","通信系统扩建工程-一期","科技创新","1252.27","1","21/3/2026","21/3/2027","21/3/2028","科技创新项目，投资金额1252.27万元","已入库","IMPORT","1","17/3/2026 12:12:23","15/5/2026 16:42:27"
"1228","PT20010214-0166","储能电站优化项目-主体段","维修维护","2571.77","11","29/5/2026","29/5/2027","29/5/2028","维修维护项目，投资金额2571.77万元","待审核","MANUAL","1","15/5/2026 07:00:57","20/5/2026 23:12:04"
"1229","PT19880523-0167","输电线路改造工程-三期","设备购置","2473.07","4","1/5/2026","1/5/2027","1/5/2028","设备购置项目，投资金额2473.07万元","草稿","IMPORT","1","28/2/2026 23:53:03","19/5/2026 00:11:19"
"1230","PT20201215-0168","通信系统维护项目-三期","设备购置","821.22","1","4/5/2026","4/5/2027","4/5/2028","设备购置项目，投资金额821.22万元","已过期","MANUAL","1","23/2/2026 12:58:26","26/3/2026 16:38:56"
"1231","PT19840916-0169","配电网技改项目-三期","维修维护","3409.02","6","18/5/2026","18/5/2027","18/5/2028","维修维护项目，投资金额3409.02万元","审核通过","IMPORT","1","8/5/2026 13:38:52","11/5/2026 02:00:02"
"1232","PT20080911-0170","储能电站新建工程-主体段","维修维护","499.46","6","27/3/2026","27/3/2027","27/3/2028","维修维护项目，投资金额499.46万元","待论证","IMPORT","1","10/1/2026 05:50:21","24/2/2026 12:34:21"
"1233","PT20120110-0171","调度中心新建工程-一期","科技创新","3375.75","11","12/5/2026","12/5/2027","12/5/2028","科技创新项目，投资金额3375.75万元","已入库","MANUAL","1","15/2/2026 10:51:40","27/4/2026 09:01:48"
"1234","PT20201022-0172","通信系统升级工程-二期","电网基建","2363.77","2","27/4/2026","27/4/2027","27/4/2028","电网基建项目，投资金额2363.77万元","草稿","MANUAL","1","27/3/2026 01:19:39","1/5/2026 04:18:37"
"1235","PT19990318-0173","配电网大修工程-示范段","电网基建","4088.28","5","25/4/2026","25/4/2027","25/4/2028","电网基建项目，投资金额4088.28万元","论证通过","IMPORT","1","18/2/2026 01:59:58","7/4/2026 06:30:33"
"1236","PT20111216-0174","智能电网大修工程-先行段","电网基建","499.78","7","18/5/2026","18/5/2027","18/5/2028","电网基建项目，投资金额499.78万元","已入库","MANUAL","1","28/4/2026 12:30:37","16/5/2026 16:25:32"
"1237","PT19951110-0175","变电站扩建工程-二期","生产设备大修","4538.42","6","7/4/2026","7/4/2027","7/4/2028","生产设备大修项目，投资金额4538.42万元","草稿","IMPORT","1","23/1/2026 23:54:53","28/4/2026 20:58:21"
"1238","PT19820425-0176","变电站技改项目-三期","电网基建","1764.71","4","17/5/2026","17/5/2027","17/5/2028","电网基建项目，投资金额1764.71万元","论证通过","IMPORT","1","27/1/2026 20:06:23","1/3/2026 07:13:15"
"1239","PT20231021-0177","输电线路技改项目-示范段","电网基建","172.6","5","11/4/2026","11/4/2027","11/4/2028","电网基建项目，投资金额172.60万元","待论证","MANUAL","1","6/3/2026 13:12:52","17/5/2026 02:44:18"
"1240","PT19950122-0178","通信系统改造工程-二期","设备更新","3371.16","4","7/5/2026","7/5/2027","7/5/2028","设备更新项目，投资金额3371.16万元","待论证","IMPORT","1","3/2/2026 12:32:07","10/5/2026 02:15:51"
"1241","PT19850920-0179","配电网升级工程-三期","维修维护","3103.93","11","29/3/2026","29/3/2027","29/3/2028","维修维护项目，投资金额3103.93万元","待审核","MANUAL","1","26/2/2026 17:44:59","23/3/2026 07:44:43"
"1242","PT19991217-0180","调度中心扩建工程-主体段","维修维护","2474.68","11","23/5/2026","23/5/2027","23/5/2028","维修维护项目，投资金额2474.68万元","待论证","MANUAL","1","23/5/2026 08:50:18","22/5/2026 06:37:25"
"1243","PT20101012-0181","充电桩升级工程-二期","设备购置","2943.87","3","19/3/2026","19/3/2027","19/3/2028","设备购置项目，投资金额2943.87万元","论证通过","MANUAL","1","21/1/2026 09:53:19","10/2/2026 17:33:42"
"1244","PT19970827-0182","变电站新建工程-二期","设备更新","2437.13","1","30/4/2026","30/4/2027","30/4/2028","设备更新项目，投资金额2437.13万元","待论证","MANUAL","1","18/3/2026 16:15:47","14/4/2026 13:40:38"
"1245","PT19780830-0183","输电线路维护项目-主体段","设备更新","3196.87","6","24/4/2026","24/4/2027","24/4/2028","设备更新项目，投资金额3196.87万元","待论证","MANUAL","1","3/3/2026 13:00:50","18/5/2026 13:32:57"
"1246","PT19781203-0184","配电网新建工程-二期","生产设备技改","3515.48","6","26/3/2026","26/3/2027","26/3/2028","生产设备技改项目，投资金额3515.48万元","论证通过","MANUAL","1","21/3/2026 09:56:55","10/4/2026 16:31:24"
"1247","PT19740411-0185","输电线路改造工程-先行段","电网基建","3576.51","10","20/4/2026","20/4/2027","20/4/2028","电网基建项目，投资金额3576.51万元","论证通过","IMPORT","1","3/1/2026 18:58:05","15/5/2026 10:51:17"
"1248","PT19860201-0186","调度中心优化项目-主体段","科技创新","4222.22","4","28/5/2026","28/5/2027","28/5/2028","科技创新项目，投资金额4222.22万元","待论证","IMPORT","1","10/3/2026 12:44:13","11/5/2026 21:51:48"
"1249","PT20210124-0187","充电桩升级工程-二期","生产设备大修","4771","3","28/5/2026","28/5/2027","28/5/2028","生产设备大修项目，投资金额4771.00万元","待论证","MANUAL","1","25/5/2026 03:03:05","24/5/2026 00:29:08"
"1250","PT19811116-0188","配电网扩建工程-二期","科技创新","4964.06","6","25/5/2026","25/5/2027","25/5/2028","科技创新项目，投资金额4964.06万元","待审核","IMPORT","1","12/1/2026 21:11:57","5/4/2026 01:54:20"
"1251","PT19950113-0189","调度中心大修工程-示范段","电网基建","1761.69","3","29/5/2026","29/5/2027","29/5/2028","电网基建项目，投资金额1761.69万元","审核通过","MANUAL","1","19/5/2026 13:00:44","20/5/2026 04:35:03"
"1252","PT19930521-0190","充电桩大修工程-二期","设备购置","2339.84","11","28/3/2026","28/3/2027","28/3/2028","设备购置项目，投资金额2339.84万元","已过期","MANUAL","1","8/3/2026 08:47:27","30/4/2026 05:43:32"
"1253","PT19910302-0191","智能电网升级工程-先行段","维修维护","400.45","8","31/5/2026","31/5/2027","31/5/2028","维修维护项目，投资金额400.45万元","待论证","IMPORT","1","31/5/2026 03:33:11","27/5/2026 19:13:30"
"1254","PT19910621-0192","储能电站大修工程-三期","维修维护","2547.01","5","13/5/2026","13/5/2027","13/5/2028","维修维护项目，投资金额2547.01万元","待论证","IMPORT","1","25/4/2026 03:59:31","15/5/2026 03:30:04"
"1255","PT20111227-0193","变电站扩建工程-一期","生产设备技改","860.07","1","6/4/2026","6/4/2027","6/4/2028","生产设备技改项目，投资金额860.07万元","待论证","IMPORT","1","25/1/2026 04:42:22","18/2/2026 15:27:19"
"1256","PT20210724-0194","调度中心大修工程-三期","生产设备技改","2970.36","6","13/5/2026","13/5/2027","13/5/2028","生产设备技改项目，投资金额2970.36万元","草稿","IMPORT","1","21/4/2026 01:23:16","13/5/2026 22:07:39"
"1257","PT20010825-0195","充电桩维护项目-主体段","设备购置","2778.7","3","1/5/2026","1/5/2027","1/5/2028","设备购置项目，投资金额2778.70万元","草稿","MANUAL","1","3/4/2026 15:40:45","25/4/2026 21:19:50"
"1258","PT20250603-0196","充电桩技改项目-一期","电网基建","2152.02","6","17/5/2026","17/5/2027","17/5/2028","电网基建项目，投资金额2152.02万元","草稿","IMPORT","1","11/4/2026 01:27:22","19/5/2026 03:47:34"
"1259","PT20040802-0197","储能电站扩建工程-三期","科技创新","4435.9","1","29/4/2026","29/4/2027","29/4/2028","科技创新项目，投资金额4435.90万元","待审核","MANUAL","1","25/1/2026 01:54:54","22/2/2026 17:21:32"
"1260","PT19840106-0198","通信系统改造工程-主体段","生产设备技改","3558.01","8","20/4/2026","20/4/2027","20/4/2028","生产设备技改项目，投资金额3558.01万元","草稿","IMPORT","1","15/4/2026 04:05:38","23/4/2026 20:32:07"
"1261","PT19800607-0199","充电桩维护项目-先行段","生产设备技改","1984.4","8","20/4/2026","20/4/2027","20/4/2028","生产设备技改项目，投资金额1984.40万元","待审核","MANUAL","1","12/3/2026 03:53:29","5/5/2026 21:19:12"
"1262","PT20201124-0200","通信系统技改项目-示范段","设备购置","3379.98","10","10/3/2026","10/3/2027","10/3/2028","设备购置项目，投资金额3379.98万元","待论证","IMPORT","1","6/2/2026 11:38:26","30/4/2026 19:33:44"
"1263","PT19930412-0201","变电站改造工程-主体段","生产设备技改","688.18","11","25/4/2026","25/4/2027","25/4/2028","生产设备技改项目，投资金额688.18万元","审核通过","IMPORT","1","17/1/2026 16:48:49","9/3/2026 20:23:39"
"1264","PT20010608-0202","充电桩大修工程-先行段","电网基建","4325.24","1","30/5/2026","30/5/2027","30/5/2028","电网基建项目，投资金额4325.24万元","待审核","IMPORT","1","24/5/2026 14:43:22","23/5/2026 12:45:21"
"1265","PT19790621-0203","通信系统维护项目-三期","设备购置","3228.26","1","18/5/2026","18/5/2027","18/5/2028","设备购置项目，投资金额3228.26万元","待审核","MANUAL","1","9/4/2026 03:01:10","15/4/2026 02:46:25"
"1266","PT20040218-0204","变电站扩建工程-三期","电网基建","3889.64","2","25/2/2026","25/2/2027","25/2/2028","电网基建项目，投资金额3889.64万元","论证通过","IMPORT","1","13/2/2026 13:59:20","12/4/2026 11:36:17"
"1267","PT20160328-0205","变电站新建工程-一期","科技创新","4933.57","3","23/5/2026","23/5/2027","23/5/2028","科技创新项目，投资金额4933.57万元","待论证","IMPORT","1","2/3/2026 16:25:18","5/4/2026 12:20:44"
"1268","PT20141013-0206","通信系统升级工程-二期","科技创新","862.92","5","19/3/2026","19/3/2027","19/3/2028","科技创新项目，投资金额862.92万元","草稿","MANUAL","1","8/3/2026 22:14:07","14/4/2026 05:19:48"
"1269","PT19760619-0207","调度中心大修工程-先行段","科技创新","304.25","11","13/3/2026","13/3/2027","13/3/2028","科技创新项目，投资金额304.25万元","待论证","IMPORT","1","10/3/2026 06:00:28","30/3/2026 11:57:08"
"1270","PT19930104-0208","输电线路升级工程-三期","生产设备技改","1775.45","11","17/2/2026","17/2/2027","17/2/2028","生产设备技改项目，投资金额1775.45万元","论证通过","MANUAL","1","3/1/2026 13:01:26","3/5/2026 17:51:27"
"1271","PT19830307-0209","储能电站升级工程-主体段","生产设备大修","281.3","8","20/2/2026","20/2/2027","20/2/2028","生产设备大修项目，投资金额281.30万元","待审核","MANUAL","1","19/2/2026 23:27:49","3/5/2026 14:41:57"
"1272","PT20181027-0210","调度中心技改项目-三期","电网基建","3658.54","8","11/1/2026","11/1/2027","11/1/2028","电网基建项目，投资金额3658.54万元","待论证","MANUAL","1","8/1/2026 07:11:27","8/2/2026 11:52:24"
"1273","PT20260514-0211","输电线路维护项目-三期","设备购置","2959.69","3","27/5/2026","27/5/2027","27/5/2028","设备购置项目，投资金额2959.69万元","待审核","MANUAL","1","13/3/2026 11:16:37","29/4/2026 02:27:14"
"1274","PT19771208-0212","储能电站改造工程-三期","生产设备技改","2194.91","11","29/5/2026","29/5/2027","29/5/2028","生产设备技改项目，投资金额2194.91万元","草稿","MANUAL","1","18/5/2026 13:48:19","18/5/2026 22:49:53"
"1275","PT20120207-0213","智能电网大修工程-三期","电网基建","3188.84","1","12/3/2026","12/3/2027","12/3/2028","电网基建项目，投资金额3188.84万元","草稿","MANUAL","1","1/1/2026 02:32:30","11/3/2026 14:07:53"
"1276","PT20070702-0214","输电线路大修工程-先行段","生产设备大修","4313.16","11","16/2/2026","16/2/2027","16/2/2028","生产设备大修项目，投资金额4313.16万元","待论证","MANUAL","1","27/1/2026 11:44:49","14/5/2026 10:54:54"
"1277","PT20160210-0215","智能电网改造工程-示范段","设备购置","4883.49","9","30/5/2026","30/5/2027","30/5/2028","设备购置项目，投资金额4883.49万元","待论证","IMPORT","1","27/3/2026 22:06:33","15/4/2026 10:05:26"
"1278","PT20230526-0216","变电站维护项目-一期","设备更新","2937.72","9","5/4/2026","5/4/2027","5/4/2028","设备更新项目，投资金额2937.72万元","待论证","IMPORT","1","24/3/2026 06:24:28","7/5/2026 16:26:55"
"1279","PT19751025-0217","充电桩升级工程-一期","生产设备大修","2435.98","11","19/4/2026","19/4/2027","19/4/2028","生产设备大修项目，投资金额2435.98万元","审核通过","MANUAL","1","11/3/2026 07:10:02","19/5/2026 15:13:30"
"1280","PT19891010-0218","通信系统大修工程-主体段","设备更新","4993.23","3","6/5/2026","6/5/2027","6/5/2028","设备更新项目，投资金额4993.23万元","待论证","IMPORT","1","14/4/2026 05:26:07","10/5/2026 14:07:53"
"1281","PT19910702-0219","充电桩维护项目-二期","生产设备技改","452.28","5","19/5/2026","19/5/2027","19/5/2028","生产设备技改项目，投资金额452.28万元","待论证","IMPORT","1","23/2/2026 08:35:09","11/3/2026 19:36:53"
"1282","PT20090916-0220","通信系统扩建工程-先行段","科技创新","2992.06","3","18/5/2026","18/5/2027","18/5/2028","科技创新项目，投资金额2992.06万元","审核通过","MANUAL","1","18/1/2026 13:08:25","14/3/2026 23:07:51"
"1283","PT20000723-0221","智能电网升级工程-先行段","维修维护","4709.1","2","12/4/2026","12/4/2027","12/4/2028","维修维护项目，投资金额4709.10万元","待论证","MANUAL","1","13/3/2026 03:30:53","20/4/2026 21:22:42"
"1284","PT19720305-0222","调度中心技改项目-三期","设备更新","123.43","4","16/4/2026","16/4/2027","16/4/2028","设备更新项目，投资金额123.43万元","草稿","MANUAL","1","18/3/2026 16:08:36","30/3/2026 10:55:50"
"1285","PT19970715-0223","变电站升级工程-二期","维修维护","4786.07","6","23/5/2026","23/5/2027","23/5/2028","维修维护项目，投资金额4786.07万元","审核通过","IMPORT","1","22/3/2026 14:23:32","3/5/2026 10:10:18"
"1286","PT19780128-0224","智能电网维护项目-示范段","设备购置","4005.56","4","10/5/2026","10/5/2027","10/5/2028","设备购置项目，投资金额4005.56万元","待审核","MANUAL","1","29/4/2026 20:09:48","11/5/2026 14:15:57"
"1287","PT19810327-0225","智能电网扩建工程-二期","生产设备技改","126.45","5","21/5/2026","21/5/2027","21/5/2028","生产设备技改项目，投资金额126.45万元","待审核","IMPORT","1","20/4/2026 09:13:08","2/5/2026 10:13:14"
"1288","PT19920509-0226","充电桩技改项目-三期","生产设备技改","2181.9","4","26/5/2026","26/5/2027","26/5/2028","生产设备技改项目，投资金额2181.90万元","待审核","MANUAL","1","26/1/2026 22:03:19","1/3/2026 20:28:17"
"1289","PT19770408-0227","调度中心新建工程-二期","电网基建","4459.36","4","29/4/2026","29/4/2027","29/4/2028","电网基建项目，投资金额4459.36万元","草稿","IMPORT","1","23/4/2026 12:43:01","1/5/2026 09:43:57"
"1290","PT19760612-0228","充电桩新建工程-主体段","设备购置","3140.95","8","29/5/2026","29/5/2027","29/5/2028","设备购置项目，投资金额3140.95万元","草稿","MANUAL","1","27/5/2026 07:38:17","25/5/2026 16:09:20"
"1291","PT19890802-0229","储能电站维护项目-示范段","维修维护","107.56","1","24/5/2026","24/5/2027","24/5/2028","维修维护项目，投资金额107.56万元","待审核","IMPORT","1","17/1/2026 19:52:39","18/2/2026 15:32:16"
"1292","PT20060224-0230","输电线路技改项目-一期","生产设备大修","3384.51","3","27/5/2026","27/5/2027","27/5/2028","生产设备大修项目，投资金额3384.51万元","待论证","MANUAL","1","28/4/2026 20:46:05","18/5/2026 01:16:31"
"1293","PT20060925-0231","储能电站大修工程-三期","科技创新","1906.65","8","16/4/2026","16/4/2027","16/4/2028","科技创新项目，投资金额1906.65万元","草稿","IMPORT","1","2/4/2026 23:36:24","23/4/2026 01:56:36"
"1294","PT20221220-0232","通信系统维护项目-三期","设备更新","2789","7","20/5/2026","20/5/2027","20/5/2028","设备更新项目，投资金额2789.00万元","已入库","IMPORT","1","17/2/2026 10:09:19","29/4/2026 23:49:20"
"1295","PT19861021-0233","充电桩改造工程-二期","维修维护","3661.45","7","28/5/2026","28/5/2027","28/5/2028","维修维护项目，投资金额3661.45万元","审核通过","IMPORT","1","5/3/2026 05:29:00","24/3/2026 05:07:03"
"1296","PT19980525-0234","充电桩大修工程-示范段","电网基建","259.33","2","12/5/2026","12/5/2027","12/5/2028","电网基建项目，投资金额259.33万元","已入库","MANUAL","1","3/3/2026 08:05:42","19/3/2026 06:23:41"
"1297","PT19830624-0235","充电桩新建工程-三期","生产设备技改","4001.49","5","26/3/2026","26/3/2027","26/3/2028","生产设备技改项目，投资金额4001.49万元","待论证","MANUAL","1","19/2/2026 22:11:15","9/5/2026 15:58:53"
"1298","PT20101105-0236","储能电站大修工程-三期","维修维护","4901.17","3","16/5/2026","16/5/2027","16/5/2028","维修维护项目，投资金额4901.17万元","草稿","MANUAL","1","15/4/2026 22:41:38","21/4/2026 09:36:12"
"1299","PT19781003-0237","充电桩升级工程-二期","维修维护","2567.85","8","6/5/2026","6/5/2027","6/5/2028","维修维护项目，投资金额2567.85万元","草稿","MANUAL","1","6/4/2026 20:22:09","10/4/2026 22:00:25"
"1300","PT19930728-0238","通信系统优化项目-主体段","科技创新","2606.92","5","9/1/2026","9/1/2027","9/1/2028","科技创新项目，投资金额2606.92万元","审核通过","IMPORT","1","6/1/2026 19:19:59","5/3/2026 11:32:33"
"1301","PT20010629-0239","储能电站改造工程-三期","设备更新","1589.6","9","26/5/2026","26/5/2027","26/5/2028","设备更新项目，投资金额1589.60万元","待论证","IMPORT","1","20/4/2026 00:52:27","9/5/2026 05:38:48"
"1302","PT20131209-0240","智能电网扩建工程-三期","设备购置","1773.92","11","23/5/2026","23/5/2027","23/5/2028","设备购置项目，投资金额1773.92万元","待论证","IMPORT","1","8/4/2026 20:39:12","24/4/2026 04:07:29"
"1303","PT20180719-0241","通信系统升级工程-二期","生产设备大修","4584.24","9","2/5/2026","2/5/2027","2/5/2028","生产设备大修项目，投资金额4584.24万元","已入库","IMPORT","1","16/4/2026 02:20:30","3/5/2026 10:09:10"
"1304","PT20160416-0242","智能电网大修工程-二期","电网基建","3784.64","6","16/5/2026","16/5/2027","16/5/2028","电网基建项目，投资金额3784.64万元","待论证","IMPORT","1","12/5/2026 15:09:01","14/5/2026 03:23:56"
"1305","PT20170918-0243","通信系统扩建工程-主体段","设备更新","336.9","5","1/5/2026","1/5/2027","1/5/2028","设备更新项目，投资金额336.90万元","已入库","MANUAL","1","31/3/2026 04:14:19","3/4/2026 01:39:02"
"1306","PT20210603-0244","通信系统优化项目-主体段","科技创新","3671.33","8","30/3/2026","30/3/2027","30/3/2028","科技创新项目，投资金额3671.33万元","待审核","IMPORT","1","12/2/2026 00:54:30","28/3/2026 15:57:45"
"1307","PT19840620-0245","储能电站维护项目-先行段","科技创新","1540.91","11","17/1/2026","17/1/2027","17/1/2028","科技创新项目，投资金额1540.91万元","审核通过","IMPORT","1","3/1/2026 02:25:58","3/2/2026 15:51:55"
"1308","PT19840830-0246","通信系统扩建工程-示范段","维修维护","1187.23","11","11/1/2026","11/1/2027","11/1/2028","维修维护项目，投资金额1187.23万元","已过期","IMPORT","1","11/1/2026 16:27:04","12/2/2026 05:43:40"
"1309","PT19790822-0247","充电桩维护项目-三期","设备购置","2659.04","3","25/4/2026","25/4/2027","25/4/2028","设备购置项目，投资金额2659.04万元","待论证","IMPORT","1","15/4/2026 07:04:03","17/4/2026 10:34:17"
"1310","PT20050807-0248","充电桩技改项目-三期","生产设备技改","3820.67","2","29/5/2026","29/5/2027","29/5/2028","生产设备技改项目，投资金额3820.67万元","草稿","MANUAL","1","23/5/2026 22:55:21","21/5/2026 16:42:44"
"1311","PT20150214-0249","配电网新建工程-示范段","设备购置","798.27","1","24/4/2026","24/4/2027","24/4/2028","设备购置项目，投资金额798.27万元","待审核","IMPORT","1","6/4/2026 08:04:59","14/5/2026 12:37:49"
"1312","PT19900514-0250","调度中心改造工程-一期","维修维护","912.14","7","22/3/2026","22/3/2027","22/3/2028","维修维护项目，投资金额912.14万元","已入库","IMPORT","1","22/2/2026 06:12:59","9/5/2026 17:40:11"
"1313","PT19921022-0251","变电站维护项目-示范段","科技创新","407.22","11","21/3/2026","21/3/2027","21/3/2028","科技创新项目，投资金额407.22万元","待审核","MANUAL","1","28/2/2026 21:37:39","9/4/2026 04:19:16"
"1314","PT20210312-0252","配电网优化项目-先行段","设备更新","2780.49","6","22/5/2026","22/5/2027","22/5/2028","设备更新项目，投资金额2780.49万元","待论证","MANUAL","1","10/5/2026 02:38:25","17/5/2026 06:35:49"
"1315","PT20020605-0253","智能电网技改项目-示范段","维修维护","3532.07","2","25/5/2026","25/5/2027","25/5/2028","维修维护项目，投资金额3532.07万元","待审核","IMPORT","1","31/1/2026 16:49:03","19/4/2026 22:55:19"
"1316","PT19730530-0254","智能电网新建工程-一期","维修维护","2893.88","11","2/5/2026","2/5/2027","2/5/2028","维修维护项目，投资金额2893.88万元","待论证","MANUAL","1","15/4/2026 16:46:24","26/4/2026 03:26:32"
"1317","PT20171205-0255","输电线路扩建工程-示范段","生产设备技改","840.86","10","26/5/2026","26/5/2027","26/5/2028","生产设备技改项目，投资金额840.86万元","已过期","IMPORT","1","8/5/2026 12:04:16","9/5/2026 08:19:06"
"1318","PT19900616-0256","智能电网升级工程-三期","设备更新","1404.42","11","4/5/2026","4/5/2027","4/5/2028","设备更新项目，投资金额1404.42万元","待审核","MANUAL","1","13/4/2026 03:56:00","17/5/2026 12:40:35"
"1319","PT20030825-0257","变电站大修工程-先行段","生产设备大修","4251.88","7","29/5/2026","29/5/2027","29/5/2028","生产设备大修项目，投资金额4251.88万元","论证通过","MANUAL","1","28/5/2026 12:32:32","22/5/2026 08:01:53"
"1320","PT19760728-0258","变电站扩建工程-一期","生产设备技改","3446.6","5","13/4/2026","13/4/2027","13/4/2028","生产设备技改项目，投资金额3446.60万元","草稿","IMPORT","1","9/1/2026 05:05:44","20/4/2026 11:09:24"
"1321","PT19851028-0259","充电桩改造工程-一期","设备购置","2687","2","5/5/2026","5/5/2027","5/5/2028","设备购置项目，投资金额2687.00万元","草稿","MANUAL","1","13/2/2026 17:07:19","5/4/2026 14:22:17"
"1322","PT19880707-0260","储能电站新建工程-一期","科技创新","4959.02","11","25/3/2026","25/3/2027","25/3/2028","科技创新项目，投资金额4959.02万元","论证通过","MANUAL","1","12/3/2026 16:09:00","3/4/2026 14:48:44"
"1323","PT19830908-0261","调度中心新建工程-先行段","生产设备大修","2322.42","5","26/5/2026","26/5/2027","26/5/2028","生产设备大修项目，投资金额2322.42万元","待论证","MANUAL","1","4/5/2026 22:50:39","9/5/2026 06:15:39"
"1324","PT19890924-0262","智能电网技改项目-二期","生产设备大修","1401.6","2","18/4/2026","18/4/2027","18/4/2028","生产设备大修项目，投资金额1401.60万元","草稿","IMPORT","1","25/2/2026 19:02:07","25/3/2026 21:26:05"
"1325","PT19860508-0263","储能电站扩建工程-主体段","科技创新","1733.16","1","4/3/2026","4/3/2027","4/3/2028","科技创新项目，投资金额1733.16万元","已入库","IMPORT","1","23/1/2026 23:34:53","11/2/2026 02:47:20"
"1326","PT19961130-0264","充电桩扩建工程-主体段","设备购置","1057.31","3","28/5/2026","28/5/2027","28/5/2028","设备购置项目，投资金额1057.31万元","待论证","IMPORT","1","12/5/2026 16:12:13","13/5/2026 13:08:34"
"1327","PT20220103-0265","智能电网技改项目-一期","生产设备大修","4153.2","7","28/5/2026","28/5/2027","28/5/2028","生产设备大修项目，投资金额4153.20万元","草稿","IMPORT","1","23/5/2026 10:26:59","22/5/2026 20:38:58"
"1328","PT20150227-0266","通信系统改造工程-二期","设备购置","2189.01","9","22/5/2026","22/5/2027","22/5/2028","设备购置项目，投资金额2189.01万元","草稿","IMPORT","1","10/5/2026 13:44:44","15/5/2026 08:35:57"
"1329","PT20210722-0267","输电线路大修工程-先行段","科技创新","785.07","3","6/5/2026","6/5/2027","6/5/2028","科技创新项目，投资金额785.07万元","已入库","IMPORT","1","30/4/2026 15:21:28","15/5/2026 14:54:02"
"1330","PT19740409-0268","充电桩维护项目-三期","电网基建","942.73","7","27/1/2026","27/1/2027","27/1/2028","电网基建项目，投资金额942.73万元","待审核","MANUAL","1","14/1/2026 18:33:04","5/5/2026 12:01:54"
"1331","PT19850214-0269","输电线路扩建工程-三期","科技创新","423.58","9","9/5/2026","9/5/2027","9/5/2028","科技创新项目，投资金额423.58万元","待论证","IMPORT","1","20/4/2026 07:47:54","24/4/2026 08:55:13"
"1332","PT20080403-0270","充电桩升级工程-一期","电网基建","2057.06","2","29/5/2026","29/5/2027","29/5/2028","电网基建项目，投资金额2057.06万元","草稿","MANUAL","1","13/4/2026 23:53:38","6/5/2026 13:08:27"
"1333","PT20030911-0271","变电站优化项目-三期","设备购置","4621.28","4","15/4/2026","15/4/2027","15/4/2028","设备购置项目，投资金额4621.28万元","待审核","MANUAL","1","5/4/2026 08:21:17","5/4/2026 21:36:18"
"1334","PT20141213-0272","通信系统新建工程-示范段","维修维护","3228.02","3","19/3/2026","19/3/2027","19/3/2028","维修维护项目，投资金额3228.02万元","已入库","IMPORT","1","2/3/2026 02:33:54","24/3/2026 10:20:46"
"1335","PT19811110-0273","通信系统大修工程-二期","生产设备技改","539.71","7","13/5/2026","13/5/2027","13/5/2028","生产设备技改项目，投资金额539.71万元","草稿","MANUAL","1","19/4/2026 14:03:54","19/5/2026 20:23:48"
"1336","PT19811030-0274","调度中心新建工程-一期","生产设备大修","2129.09","5","29/5/2026","29/5/2027","29/5/2028","生产设备大修项目，投资金额2129.09万元","已过期","IMPORT","1","9/5/2026 02:56:49","17/5/2026 17:22:31"
"1337","PT20150814-0275","通信系统新建工程-示范段","设备更新","1686.48","8","5/3/2026","5/3/2027","5/3/2028","设备更新项目，投资金额1686.48万元","已入库","IMPORT","1","30/1/2026 19:36:41","4/4/2026 12:39:50"
"1338","PT19950107-0276","智能电网改造工程-三期","维修维护","3111.87","10","26/2/2026","26/2/2027","26/2/2028","维修维护项目，投资金额3111.87万元","已入库","IMPORT","1","12/2/2026 00:27:36","22/3/2026 20:12:25"
"1339","PT20250909-0277","通信系统大修工程-一期","设备购置","2361.2","11","3/3/2026","3/3/2027","3/3/2028","设备购置项目，投资金额2361.20万元","论证通过","IMPORT","1","10/2/2026 10:11:07","1/5/2026 09:22:29"
"1340","PT20010123-0278","输电线路扩建工程-主体段","生产设备大修","767.56","6","13/5/2026","13/5/2027","13/5/2028","生产设备大修项目，投资金额767.56万元","审核通过","IMPORT","1","12/5/2026 04:12:20","17/5/2026 04:41:19"
"1341","PT19931118-0279","变电站维护项目-示范段","生产设备大修","2595.06","7","23/5/2026","23/5/2027","23/5/2028","生产设备大修项目，投资金额2595.06万元","审核通过","IMPORT","1","23/5/2026 14:44:29","21/5/2026 13:27:22"
"1342","PT19910731-0280","输电线路技改项目-一期","生产设备大修","2946.94","7","21/5/2026","21/5/2027","21/5/2028","生产设备大修项目，投资金额2946.94万元","待论证","IMPORT","1","2/5/2026 15:36:18","3/5/2026 00:03:48"
"1343","PT19750822-0281","充电桩扩建工程-示范段","科技创新","1284.08","3","28/5/2026","28/5/2027","28/5/2028","科技创新项目，投资金额1284.08万元","审核通过","MANUAL","1","31/1/2026 18:22:20","7/3/2026 13:53:32"
"1344","PT19811014-0282","智能电网扩建工程-主体段","科技创新","1099.65","4","26/1/2026","26/1/2027","26/1/2028","科技创新项目，投资金额1099.65万元","待审核","MANUAL","1","16/1/2026 11:56:40","11/4/2026 01:45:44"
"1345","PT20210920-0283","通信系统维护项目-先行段","设备购置","3430.66","9","9/5/2026","9/5/2027","9/5/2028","设备购置项目，投资金额3430.66万元","论证通过","MANUAL","1","23/2/2026 09:07:14","27/3/2026 10:32:22"
"1346","PT20200917-0284","通信系统维护项目-三期","设备更新","1323.02","11","2/3/2026","2/3/2027","2/3/2028","设备更新项目，投资金额1323.02万元","论证通过","MANUAL","1","16/2/2026 13:51:34","3/5/2026 20:35:55"
"1347","PT19900518-0285","充电桩优化项目-主体段","设备更新","2598.48","7","14/5/2026","14/5/2027","14/5/2028","设备更新项目，投资金额2598.48万元","审核通过","IMPORT","1","2/5/2026 01:46:52","9/5/2026 06:33:39"
"1348","PT19700919-0286","输电线路升级工程-先行段","科技创新","2430.85","8","17/5/2026","17/5/2027","17/5/2028","科技创新项目，投资金额2430.85万元","论证通过","MANUAL","1","17/3/2026 23:12:47","4/4/2026 02:06:45"
"1349","PT20000819-0287","储能电站改造工程-先行段","电网基建","2518.24","11","24/5/2026","24/5/2027","24/5/2028","电网基建项目，投资金额2518.24万元","待审核","MANUAL","1","15/5/2026 10:25:09","18/5/2026 04:42:58"
"1350","PT19880705-0288","通信系统新建工程-示范段","设备购置","1485.89","8","10/4/2026","10/4/2027","10/4/2028","设备购置项目，投资金额1485.89万元","待论证","IMPORT","1","26/3/2026 15:14:25","28/4/2026 04:16:20"
"1351","PT20190822-0289","储能电站技改项目-一期","设备更新","4954.88","2","6/3/2026","6/3/2027","6/3/2028","设备更新项目，投资金额4954.88万元","草稿","MANUAL","1","25/1/2026 01:54:55","23/4/2026 12:04:30"
"1352","PT20040713-0290","变电站技改项目-主体段","生产设备技改","4452.51","2","26/5/2026","26/5/2027","26/5/2028","生产设备技改项目，投资金额4452.51万元","已入库","IMPORT","1","19/5/2026 10:16:43","19/5/2026 14:10:35"
"1353","PT20101009-0291","智能电网大修工程-三期","科技创新","2662.41","4","27/1/2026","27/1/2027","27/1/2028","科技创新项目，投资金额2662.41万元","待审核","MANUAL","1","11/1/2026 10:26:44","4/5/2026 00:21:35"
"1354","PT20071227-0292","输电线路升级工程-示范段","电网基建","1929.36","3","31/5/2026","31/5/2027","31/5/2028","电网基建项目，投资金额1929.36万元","论证通过","MANUAL","1","31/5/2026 20:54:15","30/5/2026 16:34:48"
"1355","PT20031222-0293","储能电站维护项目-主体段","设备购置","2487.14","8","28/5/2026","28/5/2027","28/5/2028","设备购置项目，投资金额2487.14万元","待审核","IMPORT","1","27/5/2026 22:20:18","25/5/2026 03:17:12"
"1356","PT19970502-0294","充电桩维护项目-一期","科技创新","3260.27","1","3/4/2026","3/4/2027","3/4/2028","科技创新项目，投资金额3260.27万元","已入库","IMPORT","1","25/3/2026 15:24:22","15/4/2026 03:58:41"
"1357","PT20050729-0295","输电线路优化项目-一期","生产设备技改","1367.65","8","14/5/2026","14/5/2027","14/5/2028","生产设备技改项目，投资金额1367.65万元","待论证","IMPORT","1","29/4/2026 02:35:35","7/5/2026 08:06:36"
"1358","PT20160619-0296","输电线路大修工程-三期","设备更新","1342.82","8","15/5/2026","15/5/2027","15/5/2028","设备更新项目，投资金额1342.82万元","待论证","MANUAL","1","17/4/2026 19:48:02","29/4/2026 19:38:38"
"1359","PT20030417-0297","输电线路维护项目-三期","生产设备大修","3008.95","2","21/5/2026","21/5/2027","21/5/2028","生产设备大修项目，投资金额3008.95万元","草稿","IMPORT","1","22/1/2026 07:32:00","5/5/2026 22:24:06"
"1360","PT19920523-0298","输电线路新建工程-示范段","设备更新","2568.68","8","30/5/2026","30/5/2027","30/5/2028","设备更新项目，投资金额2568.68万元","审核通过","IMPORT","1","12/5/2026 16:32:47","18/5/2026 23:57:46"
"1361","PT20050226-0299","调度中心新建工程-一期","生产设备技改","2773.61","4","1/5/2026","1/5/2027","1/5/2028","生产设备技改项目，投资金额2773.61万元","草稿","IMPORT","1","30/4/2026 04:43:01","14/5/2026 19:11:10"
"1362","PT20170227-0300","储能电站优化项目-一期","生产设备大修","193.02","7","26/3/2026","26/3/2027","26/3/2028","生产设备大修项目，投资金额193.02万元","草稿","IMPORT","1","22/1/2026 15:29:47","19/5/2026 14:32:32"
"1363","PT20081102-0301","变电站技改项目-主体段","生产设备大修","1948.35","2","3/5/2026","3/5/2027","3/5/2028","生产设备大修项目，投资金额1948.35万元","草稿","IMPORT","1","22/3/2026 10:51:59","17/4/2026 22:30:16"
"1364","PT19931014-0302","充电桩大修工程-一期","设备更新","300.59","7","9/2/2026","9/2/2027","9/2/2028","设备更新项目，投资金额300.59万元","待论证","MANUAL","1","6/1/2026 00:46:10","3/5/2026 13:57:59"
"1365","PT19991229-0303","智能电网新建工程-主体段","生产设备技改","2794.07","7","7/5/2026","7/5/2027","7/5/2028","生产设备技改项目，投资金额2794.07万元","论证通过","MANUAL","1","7/4/2026 21:45:46","29/4/2026 15:25:51"
"1366","PT19850916-0304","储能电站扩建工程-三期","维修维护","4762.96","11","25/4/2026","25/4/2027","25/4/2028","维修维护项目，投资金额4762.96万元","论证通过","MANUAL","1","17/1/2026 21:15:14","3/4/2026 19:34:05"
"1367","PT20010306-0305","通信系统改造工程-二期","维修维护","4717.73","8","18/5/2026","18/5/2027","18/5/2028","维修维护项目，投资金额4717.73万元","待论证","MANUAL","1","8/5/2026 22:43:44","18/5/2026 23:41:13"
"1368","PT20120209-0306","输电线路改造工程-主体段","设备更新","3678.22","10","3/5/2026","3/5/2027","3/5/2028","设备更新项目，投资金额3678.22万元","已过期","MANUAL","1","28/2/2026 23:17:08","16/4/2026 19:06:46"
"1369","PT19930803-0307","调度中心改造工程-先行段","设备购置","4928.03","5","2/2/2026","2/2/2027","2/2/2028","设备购置项目，投资金额4928.03万元","已入库","MANUAL","1","1/2/2026 17:09:18","9/3/2026 10:45:55"
"1370","PT19981127-0308","输电线路技改项目-主体段","设备购置","1689.95","3","12/3/2026","12/3/2027","12/3/2028","设备购置项目，投资金额1689.95万元","草稿","IMPORT","1","26/2/2026 02:14:46","5/4/2026 09:31:51"
"1371","PT20200107-0309","变电站升级工程-示范段","维修维护","426.69","2","16/4/2026","16/4/2027","16/4/2028","维修维护项目，投资金额426.69万元","待论证","IMPORT","1","9/2/2026 04:00:24","18/4/2026 14:30:53"
"1372","PT20161213-0310","变电站大修工程-先行段","维修维护","637.82","8","16/3/2026","16/3/2027","16/3/2028","维修维护项目，投资金额637.82万元","待论证","MANUAL","1","10/1/2026 10:15:44","22/2/2026 17:08:54"
"1373","PT20151011-0311","通信系统优化项目-二期","设备购置","2267.3","6","10/5/2026","10/5/2027","10/5/2028","设备购置项目，投资金额2267.30万元","草稿","MANUAL","1","20/2/2026 15:49:17","29/4/2026 22:43:31"
"1374","PT19760602-0312","输电线路大修工程-二期","生产设备大修","1804.98","5","4/5/2026","4/5/2027","4/5/2028","生产设备大修项目，投资金额1804.98万元","待审核","MANUAL","1","13/4/2026 04:27:01","17/5/2026 12:28:00"
"1375","PT20080526-0313","智能电网改造工程-先行段","电网基建","3739.73","5","5/5/2026","5/5/2027","5/5/2028","电网基建项目，投资金额3739.73万元","草稿","MANUAL","1","31/3/2026 09:05:28","14/4/2026 07:46:24"
"1376","PT19940809-0314","变电站改造工程-示范段","电网基建","3368.4","11","22/4/2026","22/4/2027","22/4/2028","电网基建项目，投资金额3368.40万元","待审核","IMPORT","1","27/3/2026 13:44:02","8/4/2026 17:45:33"
"1377","PT19700511-0315","配电网维护项目-二期","科技创新","2679.87","7","12/3/2026","12/3/2027","12/3/2028","科技创新项目，投资金额2679.87万元","待审核","IMPORT","1","5/2/2026 15:52:32","26/2/2026 21:46:18"
"1378","PT20091208-0316","通信系统维护项目-先行段","生产设备大修","350.18","3","30/5/2026","30/5/2027","30/5/2028","生产设备大修项目，投资金额350.18万元","待论证","IMPORT","1","30/5/2026 14:24:54","25/5/2026 03:13:21"
"1379","PT19760208-0317","调度中心升级工程-二期","设备更新","4877.97","3","13/5/2026","13/5/2027","13/5/2028","设备更新项目，投资金额4877.97万元","待论证","IMPORT","1","12/4/2026 15:31:58","18/5/2026 21:33:52"
"1380","PT19970505-0318","变电站维护项目-示范段","设备购置","2058.57","9","7/5/2026","7/5/2027","7/5/2028","设备购置项目，投资金额2058.57万元","已入库","MANUAL","1","15/4/2026 05:25:45","19/4/2026 07:32:38"
"1381","PT19750630-0319","充电桩新建工程-二期","设备更新","2294.57","6","2/4/2026","2/4/2027","2/4/2028","设备更新项目，投资金额2294.57万元","草稿","MANUAL","1","27/1/2026 07:08:44","28/1/2026 10:06:43"
"1382","PT19720116-0320","充电桩大修工程-三期","维修维护","3885.58","2","17/5/2026","17/5/2027","17/5/2028","维修维护项目，投资金额3885.58万元","待论证","IMPORT","1","17/5/2026 20:49:27","18/5/2026 09:39:48"
"1383","PT20180901-0321","充电桩新建工程-二期","科技创新","3891.97","2","22/4/2026","22/4/2027","22/4/2028","科技创新项目，投资金额3891.97万元","待论证","MANUAL","1","4/3/2026 06:40:43","16/3/2026 19:49:33"
"1384","PT20080713-0322","智能电网大修工程-示范段","生产设备技改","1238.48","8","21/3/2026","21/3/2027","21/3/2028","生产设备技改项目，投资金额1238.48万元","待论证","IMPORT","1","3/2/2026 04:57:35","9/4/2026 19:28:52"
"1385","PT20120926-0323","通信系统扩建工程-主体段","生产设备大修","2917.5","9","12/5/2026","12/5/2027","12/5/2028","生产设备大修项目，投资金额2917.50万元","待论证","IMPORT","1","24/4/2026 11:56:14","4/5/2026 00:44:24"
"1386","PT20240229-0324","变电站改造工程-先行段","科技创新","3094.41","9","7/5/2026","7/5/2027","7/5/2028","科技创新项目，投资金额3094.41万元","草稿","MANUAL","1","22/4/2026 04:24:39","7/5/2026 11:15:09"
"1387","PT20100827-0325","智能电网优化项目-一期","维修维护","2219.6","8","15/5/2026","15/5/2027","15/5/2028","维修维护项目，投资金额2219.60万元","已入库","IMPORT","1","3/5/2026 04:12:33","13/5/2026 16:23:39"
"1388","PT20020808-0326","变电站大修工程-示范段","生产设备大修","4943.54","8","17/3/2026","17/3/2027","17/3/2028","生产设备大修项目，投资金额4943.54万元","论证通过","IMPORT","1","11/2/2026 22:30:40","14/2/2026 23:04:02"
"1389","PT20031205-0327","输电线路改造工程-先行段","设备更新","171.82","2","7/4/2026","7/4/2027","7/4/2028","设备更新项目，投资金额171.82万元","已入库","MANUAL","1","15/3/2026 07:11:11","21/4/2026 11:04:50"
"1390","PT20150111-0328","输电线路维护项目-三期","设备更新","2940.92","3","8/4/2026","8/4/2027","8/4/2028","设备更新项目，投资金额2940.92万元","待论证","IMPORT","1","21/2/2026 08:22:14","19/3/2026 22:40:19"
"1391","PT19800223-0329","通信系统新建工程-先行段","设备购置","4854.28","4","24/4/2026","24/4/2027","24/4/2028","设备购置项目，投资金额4854.28万元","已入库","IMPORT","1","24/2/2026 17:46:30","12/4/2026 02:26:57"
"1392","PT19910720-0330","通信系统优化项目-示范段","设备购置","1940.79","8","21/4/2026","21/4/2027","21/4/2028","设备购置项目，投资金额1940.79万元","已入库","MANUAL","1","11/4/2026 13:33:56","15/5/2026 05:53:22"
"1393","PT19770731-0331","智能电网升级工程-三期","科技创新","1768.54","2","30/5/2026","30/5/2027","30/5/2028","科技创新项目，投资金额1768.54万元","已入库","MANUAL","1","8/5/2026 01:19:56","12/5/2026 02:22:31"
"1394","PT20170622-0332","变电站大修工程-先行段","电网基建","94.23","4","22/4/2026","22/4/2027","22/4/2028","电网基建项目，投资金额94.23万元","草稿","MANUAL","1","14/2/2026 03:15:41","3/4/2026 14:47:46"
"1395","PT20080303-0333","配电网技改项目-二期","设备购置","293.86","8","28/5/2026","28/5/2027","28/5/2028","设备购置项目，投资金额293.86万元","待论证","MANUAL","1","21/2/2026 23:37:32","29/3/2026 11:47:45"
"1396","PT20110904-0334","变电站新建工程-示范段","生产设备大修","2273.19","8","27/4/2026","27/4/2027","27/4/2028","生产设备大修项目，投资金额2273.19万元","已入库","IMPORT","1","12/2/2026 10:28:51","22/2/2026 21:16:50"
"1397","PT20060415-0335","配电网升级工程-三期","设备购置","2546.25","11","29/3/2026","29/3/2027","29/3/2028","设备购置项目，投资金额2546.25万元","待论证","MANUAL","1","17/2/2026 03:49:32","20/4/2026 09:29:12"
"1398","PT20110217-0336","通信系统技改项目-示范段","科技创新","2537.8","1","30/5/2026","30/5/2027","30/5/2028","科技创新项目，投资金额2537.80万元","待论证","MANUAL","1","28/5/2026 06:05:27","22/5/2026 00:56:44"
"1399","PT19720624-0337","输电线路维护项目-二期","维修维护","2277.5","8","19/2/2026","19/2/2027","19/2/2028","维修维护项目，投资金额2277.50万元","论证通过","MANUAL","1","12/2/2026 11:14:05","30/4/2026 02:46:56"
"1400","PT20250113-0338","储能电站新建工程-先行段","电网基建","889.97","11","20/5/2026","20/5/2027","20/5/2028","电网基建项目，投资金额889.97万元","待论证","MANUAL","1","3/3/2026 09:04:26","7/5/2026 07:13:00"
"1401","PT20161213-0339","智能电网技改项目-主体段","生产设备技改","4396.26","7","16/4/2026","16/4/2027","16/4/2028","生产设备技改项目，投资金额4396.26万元","论证通过","IMPORT","1","2/4/2026 04:39:03","22/4/2026 13:23:21"
"1402","PT20090322-0340","调度中心升级工程-一期","设备购置","2671.82","10","5/5/2026","5/5/2027","5/5/2028","设备购置项目，投资金额2671.82万元","待审核","IMPORT","1","3/4/2026 23:37:33","26/4/2026 19:11:40"
"1403","PT20201114-0341","通信系统新建工程-三期","维修维护","1948.23","11","11/5/2026","11/5/2027","11/5/2028","维修维护项目，投资金额1948.23万元","待审核","MANUAL","1","30/3/2026 17:09:24","25/4/2026 01:53:43"
"1404","PT19900819-0342","智能电网大修工程-示范段","设备更新","3375.36","3","26/4/2026","26/4/2027","26/4/2028","设备更新项目，投资金额3375.36万元","已过期","MANUAL","1","11/2/2026 06:22:46","11/5/2026 15:01:33"
"1405","PT20100508-0343","通信系统新建工程-先行段","生产设备技改","4924.31","2","18/5/2026","18/5/2027","18/5/2028","生产设备技改项目，投资金额4924.31万元","论证通过","IMPORT","1","14/2/2026 03:36:15","8/4/2026 06:16:49"
"1406","PT19791002-0344","智能电网维护项目-示范段","生产设备大修","452.15","3","27/5/2026","27/5/2027","27/5/2028","生产设备大修项目，投资金额452.15万元","审核通过","MANUAL","1","23/5/2026 21:51:33","22/5/2026 17:48:50"
"1407","PT19860106-0345","调度中心扩建工程-二期","生产设备技改","634.6","6","13/5/2026","13/5/2027","13/5/2028","生产设备技改项目，投资金额634.60万元","草稿","MANUAL","1","14/4/2026 14:26:11","19/5/2026 03:30:18"
"1408","PT20210727-0346","调度中心新建工程-三期","设备购置","4782.94","9","29/3/2026","29/3/2027","29/3/2028","设备购置项目，投资金额4782.94万元","已过期","IMPORT","1","6/2/2026 21:29:44","4/5/2026 12:57:28"
"1409","PT19990421-0347","输电线路新建工程-先行段","维修维护","2704.48","1","12/3/2026","12/3/2027","12/3/2028","维修维护项目，投资金额2704.48万元","草稿","IMPORT","1","8/2/2026 18:52:12","10/2/2026 02:13:15"
"1410","PT19750108-0348","储能电站维护项目-先行段","电网基建","460.69","1","28/2/2026","28/2/2027","28/2/2028","电网基建项目，投资金额460.69万元","草稿","IMPORT","1","9/2/2026 14:11:52","20/5/2026 18:36:16"
"1411","PT19940314-0349","充电桩改造工程-三期","维修维护","195.63","1","22/5/2026","22/5/2027","22/5/2028","维修维护项目，投资金额195.63万元","待论证","MANUAL","1","24/1/2026 05:18:36","2/2/2026 11:41:01"
"1412","PT20170609-0350","智能电网技改项目-示范段","生产设备大修","3089.61","4","21/4/2026","21/4/2027","21/4/2028","生产设备大修项目，投资金额3089.61万元","论证通过","IMPORT","1","16/4/2026 02:38:40","24/4/2026 16:23:06"
"1413","PT19740806-0351","充电桩维护项目-二期","设备更新","3299.44","1","31/3/2026","31/3/2027","31/3/2028","设备更新项目，投资金额3299.44万元","审核通过","IMPORT","1","24/2/2026 01:21:06","24/4/2026 15:30:46"
"1414","PT20140115-0352","输电线路大修工程-三期","生产设备大修","4297.34","2","10/5/2026","10/5/2027","10/5/2028","生产设备大修项目，投资金额4297.34万元","待论证","MANUAL","1","5/5/2026 04:26:21","17/5/2026 03:27:14"
"1415","PT19740429-0353","智能电网扩建工程-先行段","维修维护","2964.65","1","20/1/2026","20/1/2027","20/1/2028","维修维护项目，投资金额2964.65万元","已过期","IMPORT","1","7/1/2026 16:24:16","3/4/2026 23:41:55"
"1416","PT20231012-0354","智能电网大修工程-三期","设备购置","4416.73","1","28/5/2026","28/5/2027","28/5/2028","设备购置项目，投资金额4416.73万元","论证通过","IMPORT","1","24/5/2026 03:00:06","21/5/2026 19:07:19"
"1417","PT20180710-0355","输电线路技改项目-主体段","维修维护","4712.07","1","29/5/2026","29/5/2027","29/5/2028","维修维护项目，投资金额4712.07万元","待论证","IMPORT","1","19/5/2026 07:23:41","20/5/2026 10:38:28"
"1418","PT19980307-0356","输电线路新建工程-示范段","电网基建","1445.52","8","2/3/2026","2/3/2027","2/3/2028","电网基建项目，投资金额1445.52万元","待审核","IMPORT","1","3/1/2026 12:21:36","11/3/2026 23:47:46"
"1419","PT19831222-0357","充电桩升级工程-三期","电网基建","2527.11","6","25/4/2026","25/4/2027","25/4/2028","电网基建项目，投资金额2527.11万元","审核通过","IMPORT","1","27/2/2026 08:08:56","30/4/2026 18:29:09"
"1420","PT20020221-0358","配电网大修工程-示范段","电网基建","987.37","6","2/5/2026","2/5/2027","2/5/2028","电网基建项目，投资金额987.37万元","论证通过","MANUAL","1","30/4/2026 07:34:50","14/5/2026 23:51:25"
"1421","PT19901219-0359","储能电站技改项目-示范段","科技创新","1059.19","2","13/5/2026","13/5/2027","13/5/2028","科技创新项目，投资金额1059.19万元","已入库","MANUAL","1","29/3/2026 02:38:04","24/4/2026 08:37:00"
"1422","PT20141218-0360","变电站技改项目-二期","科技创新","1226.8","10","31/5/2026","31/5/2027","31/5/2028","科技创新项目，投资金额1226.80万元","论证通过","MANUAL","1","31/5/2026 13:12:23","24/5/2026 11:36:34"
"1423","PT19710113-0361","配电网维护项目-一期","科技创新","2498.73","3","19/5/2026","19/5/2027","19/5/2028","科技创新项目，投资金额2498.73万元","待论证","IMPORT","1","17/5/2026 07:01:16","20/5/2026 13:02:15"
"1424","PT19780523-0362","配电网新建工程-先行段","生产设备技改","4086.04","6","11/4/2026","11/4/2027","11/4/2028","生产设备技改项目，投资金额4086.04万元","待审核","IMPORT","1","5/4/2026 18:05:08","3/5/2026 06:16:28"
"1425","PT19721016-0363","储能电站升级工程-示范段","设备更新","2927.17","4","24/5/2026","24/5/2027","24/5/2028","设备更新项目，投资金额2927.17万元","已过期","IMPORT","1","10/5/2026 21:50:21","19/5/2026 23:24:22"
"1426","PT20140328-0364","通信系统大修工程-一期","设备购置","285.96","10","27/3/2026","27/3/2027","27/3/2028","设备购置项目，投资金额285.96万元","待论证","IMPORT","1","17/3/2026 03:11:56","7/4/2026 12:53:42"
"1427","PT19711213-0365","变电站升级工程-二期","生产设备技改","3990.14","2","29/5/2026","29/5/2027","29/5/2028","生产设备技改项目，投资金额3990.14万元","待论证","IMPORT","1","28/5/2026 15:27:19","28/5/2026 03:24:34"
"1428","PT20020712-0366","储能电站大修工程-示范段","生产设备技改","4798.13","4","28/5/2026","28/5/2027","28/5/2028","生产设备技改项目，投资金额4798.13万元","草稿","IMPORT","1","27/5/2026 09:57:41","25/5/2026 20:12:18"
"1429","PT20051125-0367","储能电站升级工程-示范段","生产设备大修","861.64","7","5/5/2026","5/5/2027","5/5/2028","生产设备大修项目，投资金额861.64万元","审核通过","IMPORT","1","20/3/2026 22:11:44","29/4/2026 11:58:42"
"1430","PT19971107-0368","充电桩升级工程-主体段","生产设备技改","2453.86","5","3/4/2026","3/4/2027","3/4/2028","生产设备技改项目，投资金额2453.86万元","待审核","IMPORT","1","19/1/2026 00:26:28","19/5/2026 13:49:17"
"1431","PT19850202-0369","调度中心改造工程-示范段","电网基建","4988.32","2","19/2/2026","19/2/2027","19/2/2028","电网基建项目，投资金额4988.32万元","已入库","IMPORT","1","5/2/2026 10:03:01","17/5/2026 21:29:21"
"1432","PT20091009-0370","充电桩优化项目-主体段","维修维护","2425.54","11","29/5/2026","29/5/2027","29/5/2028","维修维护项目，投资金额2425.54万元","已入库","IMPORT","1","20/5/2026 12:25:32","21/5/2026 00:35:56"
"1433","PT20250303-0371","储能电站大修工程-三期","生产设备技改","2124.9","10","27/5/2026","27/5/2027","27/5/2028","生产设备技改项目，投资金额2124.90万元","审核通过","MANUAL","1","29/4/2026 09:06:30","18/5/2026 03:39:15"
"1434","PT20180724-0372","储能电站新建工程-三期","维修维护","2608.11","10","4/5/2026","4/5/2027","4/5/2028","维修维护项目，投资金额2608.11万元","待审核","MANUAL","1","17/4/2026 11:41:43","20/4/2026 22:19:12"
"1435","PT19931223-0373","储能电站扩建工程-二期","科技创新","466.69","3","31/1/2026","31/1/2027","31/1/2028","科技创新项目，投资金额466.69万元","待论证","MANUAL","1","23/1/2026 10:49:02","10/5/2026 00:18:38"
"1436","PT19851102-0374","输电线路升级工程-示范段","电网基建","3773.27","3","26/5/2026","26/5/2027","26/5/2028","电网基建项目，投资金额3773.27万元","论证通过","MANUAL","1","20/5/2026 14:51:10","20/5/2026 16:18:05"
"1437","PT20090120-0375","输电线路维护项目-二期","电网基建","3948.17","9","21/2/2026","21/2/2027","21/2/2028","电网基建项目，投资金额3948.17万元","草稿","IMPORT","1","11/1/2026 14:37:15","24/1/2026 18:54:31"
"1438","PT19820629-0376","调度中心大修工程-示范段","生产设备大修","3700.65","11","19/2/2026","19/2/2027","19/2/2028","生产设备大修项目，投资金额3700.65万元","待论证","IMPORT","1","4/2/2026 18:44:13","26/4/2026 13:24:27"
"1439","PT19720225-0377","输电线路大修工程-二期","科技创新","3793.54","7","13/5/2026","13/5/2027","13/5/2028","科技创新项目，投资金额3793.54万元","待审核","IMPORT","1","9/3/2026 05:00:32","11/3/2026 02:53:45"
"1440","PT19970817-0378","充电桩优化项目-先行段","生产设备技改","1340.49","7","21/5/2026","21/5/2027","21/5/2028","生产设备技改项目，投资金额1340.49万元","已入库","IMPORT","1","15/1/2026 11:15:53","1/5/2026 18:46:13"
"1441","PT19810105-0379","充电桩维护项目-三期","生产设备大修","1779.13","6","18/3/2026","18/3/2027","18/3/2028","生产设备大修项目，投资金额1779.13万元","论证通过","MANUAL","1","31/1/2026 13:13:17","22/2/2026 11:13:19"
"1442","PT19910630-0380","储能电站改造工程-先行段","设备购置","4789.09","11","26/5/2026","26/5/2027","26/5/2028","设备购置项目，投资金额4789.09万元","论证通过","MANUAL","1","3/5/2026 05:01:58","4/5/2026 04:02:49"
"1443","PT20130717-0381","配电网升级工程-三期","电网基建","1317.02","10","21/5/2026","21/5/2027","21/5/2028","电网基建项目，投资金额1317.02万元","已入库","IMPORT","1","31/3/2026 02:00:31","17/5/2026 14:36:54"
"1444","PT19920427-0382","输电线路新建工程-一期","电网基建","3007.78","7","27/3/2026","27/3/2027","27/3/2028","电网基建项目，投资金额3007.78万元","已入库","MANUAL","1","3/3/2026 08:14:55","13/5/2026 10:55:58"
"1445","PT20210105-0383","充电桩维护项目-三期","生产设备大修","4490.3","4","13/5/2026","13/5/2027","13/5/2028","生产设备大修项目，投资金额4490.30万元","待论证","MANUAL","1","1/4/2026 09:33:28","16/5/2026 11:19:28"
"1446","PT20050706-0384","储能电站升级工程-示范段","维修维护","3342.08","9","5/4/2026","5/4/2027","5/4/2028","维修维护项目，投资金额3342.08万元","已入库","MANUAL","1","6/3/2026 07:35:19","31/3/2026 03:24:56"
"1447","PT20180128-0385","充电桩改造工程-主体段","设备购置","4479.15","1","29/5/2026","29/5/2027","29/5/2028","设备购置项目，投资金额4479.15万元","论证通过","IMPORT","1","29/5/2026 17:56:12","26/5/2026 11:41:23"
"1448","PT20180506-0386","输电线路升级工程-先行段","维修维护","2523.49","10","25/4/2026","25/4/2027","25/4/2028","维修维护项目，投资金额2523.49万元","待论证","IMPORT","1","8/4/2026 01:10:35","6/5/2026 08:40:44"
"1449","PT19710523-0387","调度中心扩建工程-三期","生产设备大修","2969.59","7","7/5/2026","7/5/2027","7/5/2028","生产设备大修项目，投资金额2969.59万元","待审核","MANUAL","1","9/3/2026 14:32:02","23/4/2026 03:17:48"
"1450","PT20170101-0388","输电线路改造工程-一期","生产设备技改","3653.15","1","4/2/2026","4/2/2027","4/2/2028","生产设备技改项目，投资金额3653.15万元","已入库","MANUAL","1","7/1/2026 13:09:23","6/4/2026 17:02:02"
"1451","PT19940325-0389","调度中心新建工程-二期","维修维护","1825.97","6","6/5/2026","6/5/2027","6/5/2028","维修维护项目，投资金额1825.97万元","草稿","MANUAL","1","13/3/2026 06:40:37","9/5/2026 02:19:39"
"1452","PT19920906-0390","储能电站优化项目-一期","设备更新","936.76","8","28/4/2026","28/4/2027","28/4/2028","设备更新项目，投资金额936.76万元","论证通过","IMPORT","1","30/3/2026 21:46:03","13/5/2026 16:46:14"
"1453","PT20160917-0391","配电网升级工程-二期","维修维护","328.59","6","26/5/2026","26/5/2027","26/5/2028","维修维护项目，投资金额328.59万元","待论证","MANUAL","1","15/5/2026 03:23:42","15/5/2026 14:28:46"
"1454","PT19850216-0392","充电桩改造工程-一期","科技创新","2369.98","11","25/4/2026","25/4/2027","25/4/2028","科技创新项目，投资金额2369.98万元","待论证","MANUAL","1","20/4/2026 21:35:21","28/4/2026 23:28:37"
"1455","PT20230712-0393","配电网技改项目-示范段","生产设备大修","665.56","2","5/5/2026","5/5/2027","5/5/2028","生产设备大修项目，投资金额665.56万元","已入库","IMPORT","1","28/3/2026 08:52:49","11/4/2026 13:38:02"
"1456","PT19730118-0394","调度中心升级工程-二期","科技创新","3323.37","4","26/5/2026","26/5/2027","26/5/2028","科技创新项目，投资金额3323.37万元","草稿","IMPORT","1","23/5/2026 18:36:51","23/5/2026 04:54:30"
"1457","PT19751211-0395","通信系统升级工程-示范段","生产设备技改","2522.33","8","27/5/2026","27/5/2027","27/5/2028","生产设备技改项目，投资金额2522.33万元","论证通过","MANUAL","1","5/4/2026 12:18:57","19/5/2026 17:18:50"
"1458","PT20080518-0396","调度中心优化项目-三期","设备更新","629.22","11","12/5/2026","12/5/2027","12/5/2028","设备更新项目，投资金额629.22万元","待论证","MANUAL","1","28/4/2026 14:46:54","2/5/2026 03:44:15"
"1459","PT20050120-0397","通信系统升级工程-三期","维修维护","2168.06","4","26/3/2026","26/3/2027","26/3/2028","维修维护项目，投资金额2168.06万元","已入库","MANUAL","1","10/2/2026 13:01:27","14/2/2026 18:01:49"
"1460","PT19821023-0398","输电线路优化项目-主体段","设备更新","2351.1","9","13/2/2026","13/2/2027","13/2/2028","设备更新项目，投资金额2351.10万元","待审核","MANUAL","1","25/1/2026 21:51:18","13/5/2026 11:04:38"
"1461","PT20140222-0399","智能电网新建工程-一期","设备购置","97.6","3","9/4/2026","9/4/2027","9/4/2028","设备购置项目，投资金额97.60万元","论证通过","MANUAL","1","18/3/2026 11:23:47","19/5/2026 03:34:59"
"1462","PT19890507-0400","充电桩维护项目-主体段","生产设备技改","4812.71","3","2/5/2026","2/5/2027","2/5/2028","生产设备技改项目，投资金额4812.71万元","待论证","MANUAL","1","6/2/2026 18:55:50","10/5/2026 19:09:53"
"1463","PT19730825-0401","通信系统维护项目-二期","维修维护","143.77","8","25/4/2026","25/4/2027","25/4/2028","维修维护项目，投资金额143.77万元","待审核","IMPORT","1","17/3/2026 05:59:23","30/3/2026 14:59:39"
"1464","PT20131110-0402","输电线路技改项目-一期","电网基建","587.25","9","15/5/2026","15/5/2027","15/5/2028","电网基建项目，投资金额587.25万元","待论证","MANUAL","1","30/4/2026 22:06:40","8/5/2026 15:05:53"
"1465","PT20000603-0403","配电网升级工程-二期","生产设备大修","1860.71","11","17/5/2026","17/5/2027","17/5/2028","生产设备大修项目，投资金额1860.71万元","草稿","MANUAL","1","7/3/2026 12:17:19","9/3/2026 14:43:35"
"1466","PT19940822-0404","储能电站扩建工程-三期","生产设备大修","4874.64","8","7/3/2026","7/3/2027","7/3/2028","生产设备大修项目，投资金额4874.64万元","论证通过","IMPORT","1","26/2/2026 08:56:44","21/4/2026 12:53:59"
"1467","PT19801007-0405","充电桩扩建工程-示范段","设备购置","4362.53","4","18/5/2026","18/5/2027","18/5/2028","设备购置项目，投资金额4362.53万元","草稿","MANUAL","1","22/3/2026 22:42:27","9/4/2026 00:08:58"
"1468","PT20080613-0406","充电桩新建工程-二期","电网基建","3243.56","9","13/4/2026","13/4/2027","13/4/2028","电网基建项目，投资金额3243.56万元","待论证","MANUAL","1","15/1/2026 08:16:19","19/5/2026 20:07:59"
"1469","PT20031024-0407","通信系统新建工程-主体段","生产设备大修","2411.42","9","25/5/2026","25/5/2027","25/5/2028","生产设备大修项目，投资金额2411.42万元","待审核","MANUAL","1","23/5/2026 06:30:44","22/5/2026 20:36:47"
"1470","PT19820718-0408","配电网扩建工程-主体段","科技创新","546.3","9","10/4/2026","10/4/2027","10/4/2028","科技创新项目，投资金额546.30万元","草稿","MANUAL","1","13/1/2026 14:23:27","22/4/2026 22:09:59"
"1471","PT20081028-0409","储能电站大修工程-先行段","科技创新","2795.09","8","23/4/2026","23/4/2027","23/4/2028","科技创新项目，投资金额2795.09万元","待论证","MANUAL","1","5/3/2026 08:31:49","3/5/2026 07:49:07"
"1472","PT19960430-0410","储能电站技改项目-示范段","生产设备技改","1452.14","5","28/5/2026","28/5/2027","28/5/2028","生产设备技改项目，投资金额1452.14万元","已过期","IMPORT","1","22/2/2026 15:34:25","12/3/2026 13:02:33"
"1473","PT20041215-0411","储能电站新建工程-主体段","设备购置","3159.1","6","10/4/2026","10/4/2027","10/4/2028","设备购置项目，投资金额3159.10万元","论证通过","IMPORT","1","27/3/2026 07:52:44","28/4/2026 13:24:20"
"1474","PT19820129-0412","变电站优化项目-一期","电网基建","298.75","8","24/4/2026","24/4/2027","24/4/2028","电网基建项目，投资金额298.75万元","草稿","IMPORT","1","19/3/2026 19:28:01","20/3/2026 10:28:04"
"1475","PT19730704-0413","通信系统技改项目-一期","设备更新","1227.4","3","8/5/2026","8/5/2027","8/5/2028","设备更新项目，投资金额1227.40万元","待论证","MANUAL","1","6/5/2026 11:50:24","20/5/2026 05:34:48"
"1476","PT20230103-0414","智能电网技改项目-二期","设备更新","1217.01","5","7/5/2026","7/5/2027","7/5/2028","设备更新项目，投资金额1217.01万元","草稿","MANUAL","1","28/3/2026 05:31:42","31/3/2026 23:58:54"
"1477","PT20110505-0415","智能电网改造工程-示范段","维修维护","3181.55","2","16/5/2026","16/5/2027","16/5/2028","维修维护项目，投资金额3181.55万元","已入库","IMPORT","1","20/4/2026 19:39:29","25/4/2026 20:28:12"
"1478","PT19900910-0416","输电线路扩建工程-先行段","科技创新","4775.19","2","17/5/2026","17/5/2027","17/5/2028","科技创新项目，投资金额4775.19万元","草稿","MANUAL","1","23/4/2026 21:57:03","28/4/2026 19:39:13"
"1479","PT20170130-0417","充电桩改造工程-二期","电网基建","3220.63","11","4/5/2026","4/5/2027","4/5/2028","电网基建项目，投资金额3220.63万元","论证通过","IMPORT","1","5/1/2026 05:54:09","26/2/2026 01:15:33"
"1480","PT20060807-0418","通信系统改造工程-主体段","生产设备大修","1022.9","2","31/3/2026","31/3/2027","31/3/2028","生产设备大修项目，投资金额1022.90万元","草稿","MANUAL","1","17/3/2026 10:01:45","26/3/2026 10:56:41"
"1481","PT19751003-0419","配电网大修工程-三期","生产设备技改","4843.25","4","17/5/2026","17/5/2027","17/5/2028","生产设备技改项目，投资金额4843.25万元","已入库","IMPORT","1","27/3/2026 04:37:38","12/4/2026 16:35:38"
"1482","PT19890319-0420","通信系统优化项目-二期","设备更新","259.25","1","11/3/2026","11/3/2027","11/3/2028","设备更新项目，投资金额259.25万元","待审核","MANUAL","1","13/1/2026 01:42:15","16/4/2026 22:36:10"
"1483","PT19980127-0421","输电线路维护项目-先行段","维修维护","4352.78","2","13/5/2026","13/5/2027","13/5/2028","维修维护项目，投资金额4352.78万元","待审核","MANUAL","1","6/2/2026 07:38:34","31/3/2026 21:51:41"
"1484","PT19770104-0422","充电桩改造工程-一期","生产设备大修","4236.84","9","11/2/2026","11/2/2027","11/2/2028","生产设备大修项目，投资金额4236.84万元","草稿","MANUAL","1","2/2/2026 09:20:37","23/4/2026 21:19:53"
"1485","PT19991123-0423","调度中心扩建工程-三期","生产设备技改","3587.6","2","11/1/2026","11/1/2027","11/1/2028","生产设备技改项目，投资金额3587.60万元","草稿","MANUAL","1","5/1/2026 03:02:29","4/3/2026 02:24:58"
"1486","PT19800414-0424","配电网优化项目-先行段","维修维护","2028.6","5","7/5/2026","7/5/2027","7/5/2028","维修维护项目，投资金额2028.60万元","待审核","IMPORT","1","23/1/2026 09:43:35","22/2/2026 04:46:17"
"1487","PT19740613-0425","变电站扩建工程-先行段","设备更新","129.45","6","15/3/2026","15/3/2027","15/3/2028","设备更新项目，投资金额129.45万元","待审核","IMPORT","1","7/3/2026 03:07:57","13/3/2026 00:12:23"
"1488","PT19880301-0426","调度中心维护项目-一期","设备更新","2131.57","11","24/4/2026","24/4/2027","24/4/2028","设备更新项目，投资金额2131.57万元","已入库","IMPORT","1","3/2/2026 05:42:46","25/3/2026 14:31:13"
"1489","PT20081020-0427","充电桩大修工程-三期","维修维护","3877.16","3","6/5/2026","6/5/2027","6/5/2028","维修维护项目，投资金额3877.16万元","审核通过","MANUAL","1","12/3/2026 20:07:16","8/5/2026 21:55:44"
"1490","PT20100829-0428","输电线路维护项目-示范段","设备购置","3456.02","3","24/5/2026","24/5/2027","24/5/2028","设备购置项目，投资金额3456.02万元","已入库","MANUAL","1","16/4/2026 17:47:07","30/4/2026 09:55:28"
"1491","PT19910424-0429","调度中心新建工程-主体段","维修维护","4004.01","2","3/4/2026","3/4/2027","3/4/2028","维修维护项目，投资金额4004.01万元","论证通过","IMPORT","1","6/2/2026 11:15:36","5/5/2026 07:13:27"
"1492","PT20181120-0430","通信系统优化项目-主体段","维修维护","3376.79","8","14/5/2026","14/5/2027","14/5/2028","维修维护项目，投资金额3376.79万元","已入库","IMPORT","1","4/3/2026 16:45:37","21/4/2026 05:11:55"
"1493","PT19710317-0431","变电站大修工程-示范段","生产设备技改","3174.83","11","4/5/2026","4/5/2027","4/5/2028","生产设备技改项目，投资金额3174.83万元","审核通过","MANUAL","1","12/2/2026 01:50:25","23/4/2026 15:59:35"
"1494","PT20070808-0432","变电站优化项目-先行段","生产设备技改","2079.32","9","23/1/2026","23/1/2027","23/1/2028","生产设备技改项目，投资金额2079.32万元","论证通过","IMPORT","1","9/1/2026 17:02:43","16/1/2026 23:16:31"
"1495","PT19730619-0433","调度中心升级工程-主体段","生产设备技改","4085.52","7","29/4/2026","29/4/2027","29/4/2028","生产设备技改项目，投资金额4085.52万元","草稿","MANUAL","1","10/4/2026 06:04:36","7/5/2026 21:34:47"
"1496","PT20080222-0434","输电线路升级工程-三期","科技创新","3094.76","8","24/4/2026","24/4/2027","24/4/2028","科技创新项目，投资金额3094.76万元","论证通过","IMPORT","1","11/1/2026 16:36:07","3/3/2026 09:40:29"
"1497","PT20230121-0435","输电线路新建工程-主体段","电网基建","2470.66","6","31/3/2026","31/3/2027","31/3/2028","电网基建项目，投资金额2470.66万元","待论证","IMPORT","1","14/2/2026 04:21:43","11/3/2026 08:43:47"
"1498","PT19850509-0436","输电线路优化项目-三期","设备更新","3732.22","6","31/3/2026","31/3/2027","31/3/2028","设备更新项目，投资金额3732.22万元","草稿","IMPORT","1","16/2/2026 10:11:04","20/4/2026 04:57:33"
"1499","PT20030424-0437","通信系统升级工程-示范段","科技创新","2941.18","5","10/5/2026","10/5/2027","10/5/2028","科技创新项目，投资金额2941.18万元","草稿","MANUAL","1","21/2/2026 11:44:21","30/4/2026 10:37:05"
"1500","PT19750731-0438","充电桩扩建工程-示范段","维修维护","227.67","8","1/5/2026","1/5/2027","1/5/2028","维修维护项目，投资金额227.67万元","草稿","IMPORT","1","26/2/2026 22:32:52","15/4/2026 02:07:51"
"1501","PT20150211-0439","智能电网维护项目-主体段","设备更新","542.43","7","15/5/2026","15/5/2027","15/5/2028","设备更新项目，投资金额542.43万元","待论证","IMPORT","1","13/1/2026 04:30:14","11/2/2026 03:54:43"
"1502","PT20011229-0440","调度中心改造工程-先行段","电网基建","354.35","7","3/4/2026","3/4/2027","3/4/2028","电网基建项目，投资金额354.35万元","已入库","IMPORT","1","30/1/2026 11:10:30","24/2/2026 04:16:44"
"1503","PT20140704-0441","通信系统扩建工程-主体段","生产设备技改","4806.1","8","20/4/2026","20/4/2027","20/4/2028","生产设备技改项目，投资金额4806.10万元","待审核","IMPORT","1","15/4/2026 08:58:25","8/5/2026 10:17:16"
"1504","PT19810801-0442","变电站维护项目-一期","科技创新","3133.3","4","29/5/2026","29/5/2027","29/5/2028","科技创新项目，投资金额3133.30万元","待论证","IMPORT","1","22/5/2026 13:36:24","22/5/2026 10:12:13"
"1505","PT20041021-0443","配电网维护项目-三期","科技创新","3352.07","5","28/5/2026","28/5/2027","28/5/2028","科技创新项目，投资金额3352.07万元","待审核","IMPORT","1","13/5/2026 17:58:23","19/5/2026 03:39:52"
"1506","PT20150322-0444","储能电站新建工程-示范段","生产设备大修","203.2","1","7/2/2026","7/2/2027","7/2/2028","生产设备大修项目，投资金额203.20万元","审核通过","IMPORT","1","21/1/2026 22:16:13","4/2/2026 01:47:50"
"1507","PT20021224-0445","变电站改造工程-先行段","维修维护","2679.71","8","5/5/2026","5/5/2027","5/5/2028","维修维护项目，投资金额2679.71万元","草稿","IMPORT","1","12/2/2026 18:10:18","13/5/2026 23:25:03"
"1508","PT19961118-0446","变电站技改项目-主体段","生产设备技改","1669.85","1","1/4/2026","1/4/2027","1/4/2028","生产设备技改项目，投资金额1669.85万元","待论证","IMPORT","1","10/3/2026 16:59:20","19/3/2026 21:54:25"
"1509","PT20060512-0447","通信系统扩建工程-示范段","电网基建","1388.33","10","14/2/2026","14/2/2027","14/2/2028","电网基建项目，投资金额1388.33万元","已入库","MANUAL","1","3/2/2026 18:37:45","16/5/2026 12:39:42"
"1510","PT19930705-0448","通信系统升级工程-主体段","设备更新","3172.25","3","25/4/2026","25/4/2027","25/4/2028","设备更新项目，投资金额3172.25万元","待审核","MANUAL","1","31/3/2026 05:16:30","12/4/2026 09:55:56"
"1511","PT19870821-0449","充电桩维护项目-主体段","电网基建","869.8","5","19/4/2026","19/4/2027","19/4/2028","电网基建项目，投资金额869.80万元","已入库","IMPORT","1","3/3/2026 19:00:11","31/3/2026 11:44:23"
"1512","PT20180211-0450","配电网维护项目-二期","生产设备技改","4970.89","11","24/5/2026","24/5/2027","24/5/2028","生产设备技改项目，投资金额4970.89万元","审核通过","MANUAL","1","24/5/2026 16:01:16","21/5/2026 13:43:29"
"1513","PT20041228-0451","通信系统优化项目-示范段","生产设备技改","2539.45","9","28/5/2026","28/5/2027","28/5/2028","生产设备技改项目，投资金额2539.45万元","已过期","IMPORT","1","25/5/2026 03:02:44","23/5/2026 07:39:39"
"1514","PT20060222-0452","输电线路升级工程-示范段","科技创新","1217.52","10","24/4/2026","24/4/2027","24/4/2028","科技创新项目，投资金额1217.52万元","论证通过","MANUAL","1","14/4/2026 18:45:50","16/4/2026 19:11:44"
"1515","PT20170204-0453","调度中心大修工程-示范段","设备更新","1553.2","3","27/3/2026","27/3/2027","27/3/2028","设备更新项目，投资金额1553.20万元","待审核","MANUAL","1","21/2/2026 12:00:44","4/4/2026 16:07:23"
"1516","PT20160216-0454","储能电站维护项目-示范段","生产设备大修","3209.55","1","25/5/2026","25/5/2027","25/5/2028","生产设备大修项目，投资金额3209.55万元","审核通过","IMPORT","1","14/5/2026 18:14:45","20/5/2026 15:08:19"
"1517","PT20070102-0455","变电站维护项目-一期","生产设备技改","447","4","30/4/2026","30/4/2027","30/4/2028","生产设备技改项目，投资金额447.00万元","待审核","IMPORT","1","19/3/2026 16:54:02","28/4/2026 00:56:22"
"1518","PT19900509-0456","储能电站技改项目-主体段","设备购置","4774.43","11","4/5/2026","4/5/2027","4/5/2028","设备购置项目，投资金额4774.43万元","论证通过","MANUAL","1","2/4/2026 04:19:29","25/4/2026 09:41:41"
"1519","PT20210614-0457","充电桩新建工程-三期","科技创新","4278.95","5","23/5/2026","23/5/2027","23/5/2028","科技创新项目，投资金额4278.95万元","论证通过","IMPORT","1","22/5/2026 06:14:03","21/5/2026 23:11:30"
"1520","PT20121212-0458","储能电站技改项目-主体段","生产设备大修","893.21","2","30/5/2026","30/5/2027","30/5/2028","生产设备大修项目，投资金额893.21万元","待论证","MANUAL","1","27/5/2026 23:07:17","24/5/2026 10:46:21"
"1521","PT20180117-0459","充电桩维护项目-二期","设备购置","2430.05","11","30/5/2026","30/5/2027","30/5/2028","设备购置项目，投资金额2430.05万元","已入库","MANUAL","1","27/5/2026 00:12:00","26/5/2026 06:50:01"
"1522","PT19950613-0460","输电线路新建工程-示范段","生产设备技改","2965.61","7","5/5/2026","5/5/2027","5/5/2028","生产设备技改项目，投资金额2965.61万元","论证通过","MANUAL","1","18/3/2026 15:19:13","20/3/2026 20:38:17"
"1523","PT19780428-0461","变电站改造工程-一期","生产设备技改","2400.24","6","21/4/2026","21/4/2027","21/4/2028","生产设备技改项目，投资金额2400.24万元","论证通过","MANUAL","1","21/1/2026 12:53:03","6/4/2026 01:55:22"
"1524","PT19700417-0462","配电网大修工程-三期","维修维护","3957.88","11","20/5/2026","20/5/2027","20/5/2028","维修维护项目，投资金额3957.88万元","待论证","IMPORT","1","11/3/2026 04:10:03","29/3/2026 00:11:21"
"1525","PT19800305-0463","调度中心维护项目-主体段","设备更新","1848.16","10","18/4/2026","18/4/2027","18/4/2028","设备更新项目，投资金额1848.16万元","论证通过","MANUAL","1","17/3/2026 02:54:17","11/4/2026 06:18:44"
"1526","PT19730626-0464","调度中心优化项目-先行段","设备购置","2426.36","2","21/5/2026","21/5/2027","21/5/2028","设备购置项目，投资金额2426.36万元","审核通过","IMPORT","1","8/4/2026 23:09:35","24/4/2026 00:59:06"
"1527","PT19790125-0465","通信系统优化项目-主体段","电网基建","2818.36","9","16/5/2026","16/5/2027","16/5/2028","电网基建项目，投资金额2818.36万元","已入库","MANUAL","1","6/4/2026 20:48:51","30/4/2026 10:12:48"
"1528","PT19730706-0466","配电网优化项目-先行段","维修维护","789.01","11","28/5/2026","28/5/2027","28/5/2028","维修维护项目，投资金额789.01万元","待审核","MANUAL","1","27/5/2026 14:09:30","22/5/2026 12:09:02"
"1529","PT20040507-0467","调度中心升级工程-示范段","科技创新","610.22","7","26/1/2026","26/1/2027","26/1/2028","科技创新项目，投资金额610.22万元","待论证","IMPORT","1","19/1/2026 16:31:23","23/2/2026 10:39:39"
"1530","PT20050606-0468","输电线路升级工程-二期","生产设备大修","4605.05","6","25/5/2026","25/5/2027","25/5/2028","生产设备大修项目，投资金额4605.05万元","待审核","MANUAL","1","16/5/2026 20:49:38","20/5/2026 20:21:28"
"1531","PT19700419-0469","输电线路改造工程-先行段","生产设备大修","3911.09","1","16/5/2026","16/5/2027","16/5/2028","生产设备大修项目，投资金额3911.09万元","待论证","IMPORT","1","9/2/2026 14:47:27","4/4/2026 03:49:48"
"1532","PT19900417-0470","通信系统技改项目-三期","设备购置","802.17","2","26/3/2026","26/3/2027","26/3/2028","设备购置项目，投资金额802.17万元","已入库","MANUAL","1","3/2/2026 14:14:47","27/2/2026 04:49:17"
"1533","PT20021113-0471","调度中心升级工程-三期","生产设备大修","2707.38","8","16/4/2026","16/4/2027","16/4/2028","生产设备大修项目，投资金额2707.38万元","待论证","IMPORT","1","13/4/2026 21:27:26","14/4/2026 19:06:57"
"1534","PT19780517-0472","配电网升级工程-主体段","设备更新","4309.71","8","26/4/2026","26/4/2027","26/4/2028","设备更新项目，投资金额4309.71万元","待论证","MANUAL","1","15/2/2026 07:11:46","17/3/2026 06:00:03"
"1535","PT20130728-0473","充电桩优化项目-先行段","生产设备大修","3452.23","10","10/3/2026","10/3/2027","10/3/2028","生产设备大修项目，投资金额3452.23万元","待审核","MANUAL","1","22/2/2026 22:32:12","16/3/2026 06:01:54"
"1536","PT19930622-0474","变电站技改项目-主体段","维修维护","547.33","8","29/5/2026","29/5/2027","29/5/2028","维修维护项目，投资金额547.33万元","草稿","MANUAL","1","20/5/2026 05:11:38","20/5/2026 15:08:28"
"1537","PT19910618-0475","储能电站技改项目-二期","设备购置","3114.84","1","14/5/2026","14/5/2027","14/5/2028","设备购置项目，投资金额3114.84万元","已入库","IMPORT","1","10/4/2026 23:36:24","18/5/2026 19:22:49"
"1538","PT20000127-0476","充电桩维护项目-一期","维修维护","91.13","1","30/3/2026","30/3/2027","30/3/2028","维修维护项目，投资金额91.13万元","论证通过","MANUAL","1","23/3/2026 08:01:15","31/3/2026 22:42:59"
"1539","PT20070320-0477","配电网维护项目-示范段","设备更新","3792.36","10","16/5/2026","16/5/2027","16/5/2028","设备更新项目，投资金额3792.36万元","待论证","IMPORT","1","30/3/2026 19:26:12","26/4/2026 01:02:58"
"1540","PT20190906-0478","变电站技改项目-二期","电网基建","170.15","10","27/3/2026","27/3/2027","27/3/2028","电网基建项目，投资金额170.15万元","审核通过","MANUAL","1","4/1/2026 15:23:28","18/2/2026 09:49:35"
"1541","PT20020221-0479","储能电站扩建工程-一期","生产设备大修","4104.1","7","18/4/2026","18/4/2027","18/4/2028","生产设备大修项目，投资金额4104.10万元","论证通过","MANUAL","1","28/2/2026 14:22:17","16/5/2026 14:59:20"
"1542","PT20160920-0480","智能电网维护项目-先行段","设备更新","4633.46","3","5/5/2026","5/5/2027","5/5/2028","设备更新项目，投资金额4633.46万元","已入库","MANUAL","1","17/4/2026 03:00:23","18/5/2026 04:31:41"
"1543","PT19891013-0481","智能电网大修工程-二期","设备更新","383.59","1","13/4/2026","13/4/2027","13/4/2028","设备更新项目，投资金额383.59万元","待论证","IMPORT","1","28/3/2026 16:16:06","29/4/2026 16:19:27"
"1544","PT19880120-0482","充电桩优化项目-二期","设备更新","2088.26","10","24/3/2026","24/3/2027","24/3/2028","设备更新项目，投资金额2088.26万元","已入库","MANUAL","1","7/1/2026 05:21:54","19/3/2026 10:52:16"
"1545","PT19841102-0483","调度中心技改项目-一期","生产设备大修","1333.47","9","11/4/2026","11/4/2027","11/4/2028","生产设备大修项目，投资金额1333.47万元","待论证","IMPORT","1","11/4/2026 13:08:28","27/4/2026 14:04:47"
"1546","PT20240130-0484","储能电站改造工程-一期","设备更新","1144.45","9","20/4/2026","20/4/2027","20/4/2028","设备更新项目，投资金额1144.45万元","草稿","IMPORT","1","6/3/2026 16:39:09","3/4/2026 06:04:22"
"1547","PT19850518-0485","充电桩维护项目-三期","维修维护","2126.83","3","17/4/2026","17/4/2027","17/4/2028","维修维护项目，投资金额2126.83万元","待审核","IMPORT","1","17/3/2026 09:26:36","29/3/2026 07:35:42"
"1548","PT19720804-0486","输电线路维护项目-示范段","生产设备大修","4684","7","13/5/2026","13/5/2027","13/5/2028","生产设备大修项目，投资金额4684.00万元","论证通过","IMPORT","1","21/2/2026 13:29:06","8/3/2026 13:16:59"
"1549","PT20100111-0487","输电线路改造工程-二期","科技创新","4050.65","3","27/4/2026","27/4/2027","27/4/2028","科技创新项目，投资金额4050.65万元","草稿","IMPORT","1","15/3/2026 09:21:28","24/4/2026 21:48:38"
"1550","PT19700604-0488","智能电网改造工程-二期","设备购置","2521.62","9","18/5/2026","18/5/2027","18/5/2028","设备购置项目，投资金额2521.62万元","待论证","MANUAL","1","12/4/2026 07:38:51","19/5/2026 12:40:21"
"1551","PT19850804-0489","通信系统升级工程-三期","生产设备大修","2764.56","8","26/4/2026","26/4/2027","26/4/2028","生产设备大修项目，投资金额2764.56万元","论证通过","IMPORT","1","16/4/2026 07:22:57","9/5/2026 18:55:06"
"1552","PT20231109-0490","通信系统维护项目-一期","维修维护","3489.37","2","6/5/2026","6/5/2027","6/5/2028","维修维护项目，投资金额3489.37万元","已入库","IMPORT","1","3/3/2026 19:08:18","20/5/2026 17:32:00"
"1553","PT19740723-0491","调度中心改造工程-示范段","维修维护","1149.11","10","30/5/2026","30/5/2027","30/5/2028","维修维护项目，投资金额1149.11万元","待审核","MANUAL","1","27/3/2026 12:31:34","15/4/2026 02:34:58"
"1554","PT20031215-0492","智能电网维护项目-主体段","生产设备技改","2268.27","10","17/4/2026","17/4/2027","17/4/2028","生产设备技改项目，投资金额2268.27万元","待论证","IMPORT","1","2/3/2026 09:06:51","14/4/2026 20:06:07"
"1555","PT20180311-0493","输电线路扩建工程-二期","科技创新","563.39","9","31/5/2026","31/5/2027","31/5/2028","科技创新项目，投资金额563.39万元","待审核","IMPORT","1","31/5/2026 14:45:14","22/5/2026 17:51:00"
"1556","PT20250130-0494","变电站大修工程-二期","设备更新","3020.68","4","25/2/2026","25/2/2027","25/2/2028","设备更新项目，投资金额3020.68万元","草稿","IMPORT","1","1/2/2026 18:49:10","4/4/2026 10:24:29"
"1557","PT20090630-0495","输电线路维护项目-先行段","电网基建","1619.54","10","21/5/2026","21/5/2027","21/5/2028","电网基建项目，投资金额1619.54万元","待论证","MANUAL","1","12/5/2026 06:35:49","16/5/2026 03:43:04"
"1558","PT20170324-0496","变电站升级工程-一期","科技创新","2911.62","1","14/5/2026","14/5/2027","14/5/2028","科技创新项目，投资金额2911.62万元","待审核","MANUAL","1","17/3/2026 07:33:12","12/5/2026 01:28:28"
"1559","PT20250901-0497","通信系统技改项目-先行段","生产设备大修","498.24","10","29/5/2026","29/5/2027","29/5/2028","生产设备大修项目，投资金额498.24万元","已入库","MANUAL","1","21/5/2026 09:14:00","21/5/2026 11:10:27"
"1560","PT19810422-0498","调度中心优化项目-示范段","科技创新","1522.49","4","30/5/2026","30/5/2027","30/5/2028","科技创新项目，投资金额1522.49万元","审核通过","IMPORT","1","31/3/2026 10:24:37","18/4/2026 12:46:20"
"1561","PT20161202-0499","配电网优化项目-先行段","生产设备大修","3675.05","10","30/5/2026","30/5/2027","30/5/2028","生产设备大修项目，投资金额3675.05万元","待论证","IMPORT","1","20/5/2026 15:15:05","20/5/2026 18:04:47"
"1562","PT20070530-0500","储能电站技改项目-示范段","电网基建","4044.71","1","16/2/2026","16/2/2027","16/2/2028","电网基建项目，投资金额4044.71万元","草稿","IMPORT","1","7/1/2026 02:28:33","13/2/2026 19:29:24"
"1563","PT19711205-0501","输电线路新建工程-主体段","设备购置","4596.36","4","28/5/2026","28/5/2027","28/5/2028","设备购置项目，投资金额4596.36万元","论证通过","IMPORT","1","22/5/2026 08:39:12","21/5/2026 18:03:03"
"1564","PT19750119-0502","储能电站升级工程-三期","生产设备大修","206.04","3","7/3/2026","7/3/2027","7/3/2028","生产设备大修项目，投资金额206.04万元","待审核","IMPORT","1","14/2/2026 00:25:25","15/2/2026 13:20:08"
"1565","PT20210414-0503","输电线路优化项目-主体段","设备购置","638.33","8","29/5/2026","29/5/2027","29/5/2028","设备购置项目，投资金额638.33万元","待论证","MANUAL","1","21/5/2026 02:19:00","21/5/2026 07:19:57"
"1566","PT20210819-0504","变电站改造工程-示范段","生产设备大修","4583.64","1","14/3/2026","14/3/2027","14/3/2028","生产设备大修项目，投资金额4583.64万元","已入库","IMPORT","1","7/3/2026 11:40:55","13/3/2026 05:45:35"
"1567","PT19911214-0505","配电网大修工程-主体段","设备购置","2488.62","2","15/5/2026","15/5/2027","15/5/2028","设备购置项目，投资金额2488.62万元","待审核","IMPORT","1","12/4/2026 09:44:01","3/5/2026 10:11:05"
"1568","PT20021106-0506","充电桩维护项目-一期","生产设备技改","2558.48","3","22/4/2026","22/4/2027","22/4/2028","生产设备技改项目，投资金额2558.48万元","待论证","IMPORT","1","12/2/2026 11:46:00","13/3/2026 17:19:43"
"1569","PT19760723-0507","输电线路大修工程-示范段","维修维护","4698.85","4","16/4/2026","16/4/2027","16/4/2028","维修维护项目，投资金额4698.85万元","已入库","IMPORT","1","12/4/2026 22:03:53","14/5/2026 17:21:31"
"1570","PT19790309-0508","调度中心改造工程-示范段","生产设备技改","3514.61","8","12/1/2026","12/1/2027","12/1/2028","生产设备技改项目，投资金额3514.61万元","审核通过","IMPORT","1","10/1/2026 19:12:21","9/3/2026 14:58:08"
"1571","PT19810509-0509","智能电网改造工程-示范段","设备更新","1658.55","6","22/5/2026","22/5/2027","22/5/2028","设备更新项目，投资金额1658.55万元","论证通过","MANUAL","1","31/1/2026 02:18:11","11/5/2026 02:26:13"
"1572","PT20210413-0510","通信系统大修工程-二期","生产设备大修","4533.45","3","29/4/2026","29/4/2027","29/4/2028","生产设备大修项目，投资金额4533.45万元","已入库","IMPORT","1","27/4/2026 15:11:53","13/5/2026 17:59:21"
"1573","PT19980513-0511","智能电网升级工程-一期","科技创新","2766.81","8","19/5/2026","19/5/2027","19/5/2028","科技创新项目，投资金额2766.81万元","审核通过","IMPORT","1","15/5/2026 01:46:43","17/5/2026 14:02:51"
"1574","PT19891114-0512","变电站新建工程-二期","电网基建","3683.94","7","16/5/2026","16/5/2027","16/5/2028","电网基建项目，投资金额3683.94万元","审核通过","IMPORT","1","20/1/2026 15:36:32","16/3/2026 18:08:01"
"1575","PT19880205-0513","通信系统升级工程-三期","电网基建","792.27","1","30/5/2026","30/5/2027","30/5/2028","电网基建项目，投资金额792.27万元","已入库","IMPORT","1","28/5/2026 22:51:01","26/5/2026 09:00:01"
"1576","PT19930711-0514","智能电网扩建工程-一期","电网基建","3839.91","10","20/5/2026","20/5/2027","20/5/2028","电网基建项目，投资金额3839.91万元","草稿","MANUAL","1","22/4/2026 16:01:19","21/5/2026 03:09:52"
"1577","PT19780414-0515","调度中心改造工程-主体段","生产设备技改","3558.8","3","14/5/2026","14/5/2027","14/5/2028","生产设备技改项目，投资金额3558.80万元","审核通过","MANUAL","1","12/4/2026 05:30:52","18/5/2026 22:12:45"
"1578","PT19800609-0516","储能电站扩建工程-主体段","电网基建","3849.5","3","30/3/2026","30/3/2027","30/3/2028","电网基建项目，投资金额3849.50万元","待论证","IMPORT","1","11/3/2026 16:05:07","20/3/2026 13:50:46"
"1579","PT20240527-0517","输电线路扩建工程-主体段","设备更新","691.89","9","15/1/2026","15/1/2027","15/1/2028","设备更新项目，投资金额691.89万元","已入库","IMPORT","1","12/1/2026 21:18:31","6/4/2026 18:59:54"
"1580","PT19950114-0518","充电桩大修工程-主体段","生产设备大修","3306.14","11","29/5/2026","29/5/2027","29/5/2028","生产设备大修项目，投资金额3306.14万元","待审核","MANUAL","1","1/4/2026 02:19:00","29/4/2026 00:47:11"
"1581","PT20060629-0519","充电桩扩建工程-一期","电网基建","2444.47","5","15/2/2026","15/2/2027","15/2/2028","电网基建项目，投资金额2444.47万元","已入库","MANUAL","1","7/1/2026 11:13:19","18/1/2026 07:57:06"
"1582","PT20050823-0520","储能电站扩建工程-三期","设备购置","934.51","10","7/5/2026","7/5/2027","7/5/2028","设备购置项目，投资金额934.51万元","审核通过","IMPORT","1","6/4/2026 19:04:57","19/4/2026 23:55:23"
"1583","PT20040828-0521","充电桩优化项目-一期","电网基建","1689.1","5","28/4/2026","28/4/2027","28/4/2028","电网基建项目，投资金额1689.10万元","待审核","MANUAL","1","30/3/2026 02:29:53","1/4/2026 11:00:18"
"1584","PT19770115-0522","通信系统大修工程-一期","设备更新","3487.25","6","11/4/2026","11/4/2027","11/4/2028","设备更新项目，投资金额3487.25万元","审核通过","MANUAL","1","5/1/2026 07:46:29","14/5/2026 13:44:31"
"1585","PT19980308-0523","智能电网技改项目-主体段","电网基建","1848.66","8","25/2/2026","25/2/2027","25/2/2028","电网基建项目，投资金额1848.66万元","论证通过","MANUAL","1","24/2/2026 02:45:56","18/4/2026 14:07:55"
"1586","PT19880114-0524","智能电网优化项目-二期","设备更新","4125.39","9","22/5/2026","22/5/2027","22/5/2028","设备更新项目，投资金额4125.39万元","待论证","IMPORT","1","17/5/2026 21:04:39","17/5/2026 22:27:33"
"1587","PT19770530-0525","储能电站升级工程-先行段","生产设备技改","2165.32","7","9/5/2026","9/5/2027","9/5/2028","生产设备技改项目，投资金额2165.32万元","待审核","IMPORT","1","6/4/2026 00:36:46","16/5/2026 20:40:27"
"1588","PT19960923-0526","通信系统升级工程-二期","电网基建","4327.27","8","4/5/2026","4/5/2027","4/5/2028","电网基建项目，投资金额4327.27万元","待审核","IMPORT","1","6/2/2026 19:29:57","17/2/2026 04:20:38"
"1589","PT20120312-0527","通信系统维护项目-三期","科技创新","3696.21","2","21/5/2026","21/5/2027","21/5/2028","科技创新项目，投资金额3696.21万元","待审核","MANUAL","1","21/3/2026 00:58:34","19/4/2026 23:42:52"
"1590","PT19790907-0528","充电桩新建工程-三期","生产设备大修","3765.82","8","28/4/2026","28/4/2027","28/4/2028","生产设备大修项目，投资金额3765.82万元","论证通过","IMPORT","1","11/4/2026 11:01:37","16/5/2026 04:53:16"
"1591","PT20231006-0529","变电站改造工程-示范段","设备更新","1019.16","10","19/4/2026","19/4/2027","19/4/2028","设备更新项目，投资金额1019.16万元","待论证","MANUAL","1","13/3/2026 14:32:12","6/5/2026 06:20:51"
"1592","PT20161031-0530","智能电网改造工程-先行段","科技创新","4373.37","8","27/5/2026","27/5/2027","27/5/2028","科技创新项目，投资金额4373.37万元","论证通过","IMPORT","1","23/5/2026 10:38:21","22/5/2026 22:11:35"
"1593","PT19920325-0531","输电线路升级工程-三期","维修维护","2399.15","9","6/5/2026","6/5/2027","6/5/2028","维修维护项目，投资金额2399.15万元","待审核","MANUAL","1","18/4/2026 16:21:27","28/4/2026 23:19:20"
"1594","PT19881013-0532","储能电站技改项目-一期","设备更新","4084.65","9","10/5/2026","10/5/2027","10/5/2028","设备更新项目，投资金额4084.65万元","待论证","MANUAL","1","12/4/2026 07:34:28","16/4/2026 23:26:34"
"1595","PT19990222-0533","调度中心大修工程-示范段","设备购置","68.26","3","30/4/2026","30/4/2027","30/4/2028","设备购置项目，投资金额68.26万元","已入库","IMPORT","1","27/3/2026 02:36:52","12/5/2026 22:32:56"
"1596","PT20110528-0534","变电站改造工程-一期","电网基建","197.8","4","21/5/2026","21/5/2027","21/5/2028","电网基建项目，投资金额197.80万元","已入库","MANUAL","1","22/1/2026 01:45:52","5/5/2026 18:56:01"
"1597","PT19890126-0535","智能电网改造工程-三期","生产设备技改","181.23","9","19/5/2026","19/5/2027","19/5/2028","生产设备技改项目，投资金额181.23万元","待审核","MANUAL","1","20/3/2026 21:35:47","19/4/2026 12:31:26"
"1598","PT20230220-0536","储能电站技改项目-主体段","电网基建","3745.31","11","9/4/2026","9/4/2027","9/4/2028","电网基建项目，投资金额3745.31万元","待论证","MANUAL","1","21/2/2026 11:29:04","6/4/2026 23:11:49"
"1599","PT20180212-0537","通信系统大修工程-二期","设备购置","2238.55","7","24/5/2026","24/5/2027","24/5/2028","设备购置项目，投资金额2238.55万元","论证通过","MANUAL","1","22/4/2026 05:45:44","4/5/2026 06:07:41"
"1600","PT19730906-0538","调度中心新建工程-二期","维修维护","4875.22","8","10/5/2026","10/5/2027","10/5/2028","维修维护项目，投资金额4875.22万元","已入库","IMPORT","1","8/5/2026 16:37:59","12/5/2026 20:57:16"
"1601","PT20131012-0539","调度中心维护项目-二期","维修维护","841.46","5","8/5/2026","8/5/2027","8/5/2028","维修维护项目，投资金额841.46万元","待论证","IMPORT","1","23/1/2026 07:55:11","4/5/2026 02:37:04"
"1602","PT20181211-0540","充电桩技改项目-二期","生产设备技改","1163.18","10","9/4/2026","9/4/2027","9/4/2028","生产设备技改项目，投资金额1163.18万元","论证通过","MANUAL","1","5/3/2026 23:31:17","1/5/2026 05:35:00"
"1603","PT19760710-0541","充电桩扩建工程-主体段","生产设备技改","2363.9","4","9/5/2026","9/5/2027","9/5/2028","生产设备技改项目，投资金额2363.90万元","论证通过","MANUAL","1","8/5/2026 06:55:34","17/5/2026 17:26:39"
"1604","PT19970907-0542","充电桩升级工程-一期","维修维护","3030.15","10","12/2/2026","12/2/2027","12/2/2028","维修维护项目，投资金额3030.15万元","论证通过","MANUAL","1","6/2/2026 18:00:40","22/2/2026 23:53:44"
"1605","PT20090503-0543","充电桩升级工程-先行段","生产设备大修","2564.37","5","13/3/2026","13/3/2027","13/3/2028","生产设备大修项目，投资金额2564.37万元","待审核","MANUAL","1","2/2/2026 18:20:41","8/4/2026 02:39:50"
"1606","PT20240503-0544","输电线路升级工程-三期","电网基建","1260.17","9","15/4/2026","15/4/2027","15/4/2028","电网基建项目，投资金额1260.17万元","论证通过","IMPORT","1","11/2/2026 05:48:51","19/2/2026 04:40:41"
"1607","PT20180804-0545","充电桩优化项目-一期","电网基建","937.53","7","30/5/2026","30/5/2027","30/5/2028","电网基建项目，投资金额937.53万元","草稿","IMPORT","1","7/2/2026 23:28:31","16/5/2026 10:15:25"
"1608","PT20150204-0546","充电桩大修工程-二期","生产设备技改","836.48","2","17/5/2026","17/5/2027","17/5/2028","生产设备技改项目，投资金额836.48万元","已过期","MANUAL","1","5/3/2026 10:06:27","6/3/2026 23:48:58"
"1609","PT20221101-0547","调度中心升级工程-一期","生产设备技改","2823.98","3","28/1/2026","28/1/2027","28/1/2028","生产设备技改项目，投资金额2823.98万元","待审核","MANUAL","1","14/1/2026 12:38:54","18/2/2026 09:19:41"
"1610","PT19810107-0548","通信系统新建工程-示范段","科技创新","2967.34","10","20/5/2026","20/5/2027","20/5/2028","科技创新项目，投资金额2967.34万元","待审核","IMPORT","1","18/5/2026 22:45:56","20/5/2026 10:19:24"
"1611","PT19910307-0549","输电线路维护项目-二期","生产设备大修","3553.66","1","14/5/2026","14/5/2027","14/5/2028","生产设备大修项目，投资金额3553.66万元","待论证","IMPORT","1","22/1/2026 10:48:42","18/3/2026 05:44:40"
"1612","PT20130108-0550","通信系统大修工程-主体段","设备更新","4683.78","9","28/5/2026","28/5/2027","28/5/2028","设备更新项目，投资金额4683.78万元","已过期","IMPORT","1","27/5/2026 23:07:29","22/5/2026 09:05:11"
"1613","PT19720117-0551","充电桩大修工程-主体段","设备更新","1202.89","11","22/5/2026","22/5/2027","22/5/2028","设备更新项目，投资金额1202.89万元","审核通过","IMPORT","1","18/5/2026 23:35:55","19/5/2026 12:16:56"
"1614","PT20230610-0552","变电站维护项目-二期","设备购置","2220.98","2","11/3/2026","11/3/2027","11/3/2028","设备购置项目，投资金额2220.98万元","草稿","MANUAL","1","22/2/2026 09:23:18","20/4/2026 01:35:43"
"1615","PT19940902-0553","输电线路升级工程-主体段","设备更新","810.35","6","20/2/2026","20/2/2027","20/2/2028","设备更新项目，投资金额810.35万元","论证通过","IMPORT","1","22/1/2026 15:36:20","3/3/2026 02:37:32"
"1616","PT19920615-0554","输电线路优化项目-主体段","电网基建","930.65","8","21/5/2026","21/5/2027","21/5/2028","电网基建项目，投资金额930.65万元","待论证","IMPORT","1","10/5/2026 03:06:15","17/5/2026 04:58:17"
"1617","PT20020809-0555","调度中心扩建工程-三期","生产设备技改","2077.31","4","18/4/2026","18/4/2027","18/4/2028","生产设备技改项目，投资金额2077.31万元","论证通过","MANUAL","1","11/1/2026 13:35:38","22/4/2026 23:38:24"
"1618","PT20021226-0556","充电桩改造工程-主体段","设备购置","4895.61","9","31/3/2026","31/3/2027","31/3/2028","设备购置项目，投资金额4895.61万元","审核通过","MANUAL","1","19/2/2026 22:15:58","4/4/2026 08:11:01"
"1619","PT19841216-0557","输电线路维护项目-三期","生产设备大修","3311.86","3","17/5/2026","17/5/2027","17/5/2028","生产设备大修项目，投资金额3311.86万元","待论证","IMPORT","1","15/4/2026 09:14:19","12/5/2026 14:57:30"
"1620","PT19940219-0558","储能电站新建工程-主体段","生产设备大修","2818.33","6","22/5/2026","22/5/2027","22/5/2028","生产设备大修项目，投资金额2818.33万元","论证通过","MANUAL","1","6/4/2026 02:20:10","19/5/2026 01:12:36"
"1621","PT20230809-0559","变电站维护项目-示范段","电网基建","1539.75","10","26/4/2026","26/4/2027","26/4/2028","电网基建项目，投资金额1539.75万元","论证通过","MANUAL","1","13/1/2026 14:50:22","31/3/2026 08:04:16"
"1622","PT20230716-0560","变电站大修工程-示范段","维修维护","2741.95","3","1/4/2026","1/4/2027","1/4/2028","维修维护项目，投资金额2741.95万元","待论证","IMPORT","1","5/1/2026 01:01:52","23/1/2026 11:32:12"
"1623","PT19731128-0561","配电网扩建工程-先行段","设备购置","1673.83","6","2/5/2026","2/5/2027","2/5/2028","设备购置项目，投资金额1673.83万元","已入库","IMPORT","1","16/4/2026 09:04:28","3/5/2026 15:49:06"
"1624","PT20090913-0562","输电线路扩建工程-一期","设备更新","3101.7","5","18/3/2026","18/3/2027","18/3/2028","设备更新项目，投资金额3101.70万元","审核通过","IMPORT","1","5/1/2026 18:45:11","10/5/2026 07:55:30"
"1625","PT19800519-0563","调度中心升级工程-二期","科技创新","1571.34","5","2/3/2026","2/3/2027","2/3/2028","科技创新项目，投资金额1571.34万元","草稿","IMPORT","1","18/1/2026 00:19:21","24/3/2026 21:54:33"
"1626","PT19780622-0564","智能电网大修工程-二期","维修维护","1759.83","9","17/5/2026","17/5/2027","17/5/2028","维修维护项目，投资金额1759.83万元","已入库","MANUAL","1","17/4/2026 16:20:51","30/4/2026 00:23:01"
"1627","PT19860923-0565","充电桩大修工程-一期","生产设备大修","1768.19","3","5/5/2026","5/5/2027","5/5/2028","生产设备大修项目，投资金额1768.19万元","草稿","MANUAL","1","24/1/2026 13:40:25","23/2/2026 05:38:04"
"1628","PT20180319-0566","通信系统升级工程-二期","生产设备大修","2093.39","1","25/5/2026","25/5/2027","25/5/2028","生产设备大修项目，投资金额2093.39万元","论证通过","MANUAL","1","2/5/2026 17:46:54","11/5/2026 02:15:32"
"1629","PT20190319-0567","储能电站扩建工程-一期","科技创新","738.06","5","2/5/2026","2/5/2027","2/5/2028","科技创新项目，投资金额738.06万元","已入库","MANUAL","1","6/4/2026 02:54:48","6/5/2026 18:41:09"
"1630","PT19830610-0568","充电桩维护项目-一期","维修维护","846.16","3","5/4/2026","5/4/2027","5/4/2028","维修维护项目，投资金额846.16万元","已入库","MANUAL","1","3/4/2026 19:58:59","1/5/2026 09:45:49"
"1631","PT20240727-0569","变电站新建工程-示范段","科技创新","3629.72","1","28/5/2026","28/5/2027","28/5/2028","科技创新项目，投资金额3629.72万元","论证通过","MANUAL","1","21/5/2026 20:18:09","21/5/2026 15:59:48"
"1632","PT19970402-0570","调度中心大修工程-主体段","生产设备大修","2920.22","3","21/5/2026","21/5/2027","21/5/2028","生产设备大修项目，投资金额2920.22万元","论证通过","IMPORT","1","18/1/2026 23:54:32","15/3/2026 22:26:24"
"1633","PT20100828-0571","智能电网扩建工程-二期","生产设备大修","2212.02","9","17/3/2026","17/3/2027","17/3/2028","生产设备大修项目，投资金额2212.02万元","论证通过","MANUAL","1","22/1/2026 13:04:15","24/4/2026 03:32:38"
"1634","PT19770701-0572","储能电站技改项目-示范段","生产设备技改","4939.74","3","30/4/2026","30/4/2027","30/4/2028","生产设备技改项目，投资金额4939.74万元","待审核","IMPORT","1","9/4/2026 17:16:05","7/5/2026 21:57:16"
"1635","PT20170701-0573","配电网扩建工程-三期","设备更新","326.34","11","19/3/2026","19/3/2027","19/3/2028","设备更新项目，投资金额326.34万元","已入库","IMPORT","1","13/3/2026 13:55:58","14/5/2026 15:00:15"
"1636","PT20160130-0574","配电网升级工程-三期","电网基建","329.74","10","17/5/2026","17/5/2027","17/5/2028","电网基建项目，投资金额329.74万元","论证通过","IMPORT","1","19/2/2026 12:20:31","18/5/2026 16:27:10"
"1637","PT20211023-0575","通信系统大修工程-示范段","生产设备大修","4087.46","1","24/5/2026","24/5/2027","24/5/2028","生产设备大修项目，投资金额4087.46万元","审核通过","MANUAL","1","13/3/2026 12:35:41","12/5/2026 10:31:20"
"1638","PT20020215-0576","充电桩技改项目-先行段","维修维护","1987.64","5","24/2/2026","24/2/2027","24/2/2028","维修维护项目，投资金额1987.64万元","论证通过","IMPORT","1","23/2/2026 15:18:37","18/4/2026 04:54:42"
"1639","PT19760912-0577","智能电网优化项目-一期","生产设备技改","745.78","8","17/1/2026","17/1/2027","17/1/2028","生产设备技改项目，投资金额745.78万元","论证通过","IMPORT","1","12/1/2026 17:07:45","14/2/2026 13:10:56"
"1640","PT19760716-0578","输电线路新建工程-主体段","生产设备大修","1985.44","5","28/5/2026","28/5/2027","28/5/2028","生产设备大修项目，投资金额1985.44万元","已入库","MANUAL","1","27/3/2026 12:52:47","17/5/2026 20:18:16"
"1641","PT20001109-0579","调度中心优化项目-三期","维修维护","2103.27","10","12/4/2026","12/4/2027","12/4/2028","维修维护项目，投资金额2103.27万元","待论证","IMPORT","1","14/3/2026 15:04:51","25/3/2026 18:19:57"
"1642","PT19931115-0580","变电站优化项目-一期","设备更新","3816.53","5","11/4/2026","11/4/2027","11/4/2028","设备更新项目，投资金额3816.53万元","审核通过","IMPORT","1","25/2/2026 14:51:11","24/3/2026 13:52:37"
"1643","PT20211223-0581","调度中心扩建工程-先行段","设备购置","654.92","5","24/5/2026","24/5/2027","24/5/2028","设备购置项目，投资金额654.92万元","待审核","IMPORT","1","28/3/2026 09:23:54","25/4/2026 16:30:25"
"1644","PT20070403-0582","智能电网改造工程-主体段","电网基建","3034.63","7","1/5/2026","1/5/2027","1/5/2028","电网基建项目，投资金额3034.63万元","论证通过","IMPORT","1","6/4/2026 21:30:04","28/4/2026 00:57:52"
"1645","PT19750718-0583","通信系统扩建工程-主体段","生产设备大修","478.92","8","22/5/2026","22/5/2027","22/5/2028","生产设备大修项目，投资金额478.92万元","论证通过","IMPORT","1","18/5/2026 09:51:09","18/5/2026 11:06:04"
"1646","PT20130524-0584","通信系统技改项目-示范段","设备购置","3076.79","8","18/3/2026","18/3/2027","18/3/2028","设备购置项目，投资金额3076.79万元","审核通过","IMPORT","1","17/1/2026 19:59:26","6/2/2026 08:33:43"
"1647","PT19821216-0585","配电网优化项目-示范段","电网基建","1191.24","4","30/1/2026","30/1/2027","30/1/2028","电网基建项目，投资金额1191.24万元","已过期","MANUAL","1","30/1/2026 05:20:39","12/2/2026 04:04:46"
"1648","PT19960807-0586","变电站大修工程-先行段","电网基建","4531.44","7","5/5/2026","5/5/2027","5/5/2028","电网基建项目，投资金额4531.44万元","草稿","IMPORT","1","30/4/2026 23:10:31","3/5/2026 05:28:42"
"1649","PT20210311-0587","配电网改造工程-一期","生产设备大修","4264.84","10","25/5/2026","25/5/2027","25/5/2028","生产设备大修项目，投资金额4264.84万元","论证通过","IMPORT","1","14/2/2026 10:15:26","9/4/2026 20:45:50"
"1650","PT20170325-0588","变电站技改项目-二期","生产设备大修","4824.29","3","17/4/2026","17/4/2027","17/4/2028","生产设备大修项目，投资金额4824.29万元","待审核","MANUAL","1","16/3/2026 12:17:56","10/4/2026 17:18:02"
"1651","PT20150606-0589","变电站升级工程-二期","设备购置","4040.63","5","31/3/2026","31/3/2027","31/3/2028","设备购置项目，投资金额4040.63万元","审核通过","IMPORT","1","8/3/2026 10:37:44","16/4/2026 00:17:29"
"1652","PT20171115-0590","通信系统维护项目-示范段","科技创新","788.29","3","31/3/2026","31/3/2027","31/3/2028","科技创新项目，投资金额788.29万元","已过期","IMPORT","1","26/1/2026 15:16:45","27/1/2026 06:01:57"
"1653","PT20090930-0591","输电线路扩建工程-三期","科技创新","3026.9","10","26/3/2026","26/3/2027","26/3/2028","科技创新项目，投资金额3026.90万元","论证通过","IMPORT","1","27/1/2026 22:07:31","28/1/2026 03:09:24"
"1654","PT19890728-0592","配电网维护项目-二期","设备更新","1890.62","9","20/3/2026","20/3/2027","20/3/2028","设备更新项目，投资金额1890.62万元","论证通过","IMPORT","1","2/3/2026 15:55:16","12/5/2026 03:52:57"
"1655","PT20011106-0593","调度中心大修工程-一期","设备购置","2869.68","5","31/3/2026","31/3/2027","31/3/2028","设备购置项目，投资金额2869.68万元","论证通过","IMPORT","1","19/2/2026 05:16:31","26/2/2026 03:46:18"
"1656","PT20000913-0594","通信系统技改项目-示范段","生产设备大修","845.41","11","28/5/2026","28/5/2027","28/5/2028","生产设备大修项目，投资金额845.41万元","论证通过","MANUAL","1","11/5/2026 06:32:47","20/5/2026 08:53:25"
"1657","PT20160213-0595","智能电网优化项目-示范段","维修维护","3020.69","11","30/5/2026","30/5/2027","30/5/2028","维修维护项目，投资金额3020.69万元","待论证","IMPORT","1","1/3/2026 02:41:14","20/3/2026 03:52:03"
"1658","PT20010926-0596","充电桩大修工程-二期","维修维护","3096.32","2","21/5/2026","21/5/2027","21/5/2028","维修维护项目，投资金额3096.32万元","论证通过","MANUAL","1","10/5/2026 00:05:52","10/5/2026 05:28:13"
"1659","PT19911011-0597","调度中心优化项目-示范段","维修维护","3610.85","6","21/4/2026","21/4/2027","21/4/2028","维修维护项目，投资金额3610.85万元","草稿","IMPORT","1","25/1/2026 17:57:11","9/4/2026 08:58:51"
"1660","PT20090312-0598","智能电网升级工程-先行段","电网基建","2120.87","3","17/5/2026","17/5/2027","17/5/2028","电网基建项目，投资金额2120.87万元","论证通过","MANUAL","1","17/5/2026 17:47:22","21/5/2026 06:57:46"
"1661","PT20190104-0599","储能电站改造工程-先行段","设备购置","3338.46","8","1/3/2026","1/3/2027","1/3/2028","设备购置项目，投资金额3338.46万元","已入库","MANUAL","1","28/2/2026 09:12:46","21/4/2026 11:37:36"
"1662","PT19730824-0600","配电网升级工程-一期","设备购置","3674.24","4","18/5/2026","18/5/2027","18/5/2028","设备购置项目，投资金额3674.24万元","待论证","IMPORT","1","10/5/2026 02:54:29","21/5/2026 09:04:11"
"1663","PT20200818-0601","储能电站升级工程-一期","生产设备技改","2138.84","6","27/4/2026","27/4/2027","27/4/2028","生产设备技改项目，投资金额2138.84万元","草稿","IMPORT","1","28/2/2026 15:15:28","18/5/2026 05:12:55"
"1664","PT19770322-0602","配电网新建工程-一期","维修维护","4329.75","1","30/4/2026","30/4/2027","30/4/2028","维修维护项目，投资金额4329.75万元","草稿","MANUAL","1","15/2/2026 05:38:02","17/3/2026 21:10:25"
"1665","PT20080523-0603","输电线路技改项目-主体段","维修维护","4372.82","2","29/5/2026","29/5/2027","29/5/2028","维修维护项目，投资金额4372.82万元","待审核","IMPORT","1","17/5/2026 11:49:23","17/5/2026 23:43:35"
"1666","PT20170213-0604","变电站扩建工程-二期","设备更新","4229.57","6","11/4/2026","11/4/2027","11/4/2028","设备更新项目，投资金额4229.57万元","审核通过","IMPORT","1","11/2/2026 08:13:07","10/3/2026 11:52:51"
"1667","PT19890326-0605","配电网技改项目-先行段","生产设备技改","3207.48","7","7/2/2026","7/2/2027","7/2/2028","生产设备技改项目，投资金额3207.48万元","待论证","IMPORT","1","31/1/2026 03:22:06","21/4/2026 21:48:53"
"1668","PT19980204-0606","储能电站新建工程-示范段","生产设备技改","3490.03","9","2/5/2026","2/5/2027","2/5/2028","生产设备技改项目，投资金额3490.03万元","待审核","IMPORT","1","23/4/2026 00:50:33","1/5/2026 10:50:01"
"1669","PT19870821-0607","变电站新建工程-主体段","生产设备技改","369.02","3","23/4/2026","23/4/2027","23/4/2028","生产设备技改项目，投资金额369.02万元","待论证","IMPORT","1","17/4/2026 15:36:40","2/5/2026 22:32:27"
"1670","PT19870723-0608","智能电网新建工程-二期","设备更新","4686.43","3","2/5/2026","2/5/2027","2/5/2028","设备更新项目，投资金额4686.43万元","论证通过","MANUAL","1","11/2/2026 13:20:31","23/4/2026 02:40:26"
"1671","PT19900103-0609","输电线路改造工程-一期","电网基建","4531.75","11","24/4/2026","24/4/2027","24/4/2028","电网基建项目，投资金额4531.75万元","草稿","MANUAL","1","6/4/2026 03:54:44","14/5/2026 13:14:53"
"1672","PT20060814-0610","调度中心新建工程-一期","维修维护","4240.25","4","30/5/2026","30/5/2027","30/5/2028","维修维护项目，投资金额4240.25万元","论证通过","MANUAL","1","5/5/2026 08:57:10","6/5/2026 20:44:03"
"1673","PT19970930-0611","充电桩优化项目-先行段","维修维护","1702.65","2","8/4/2026","8/4/2027","8/4/2028","维修维护项目，投资金额1702.65万元","待论证","MANUAL","1","31/3/2026 08:51:01","20/5/2026 14:40:44"
"1674","PT19870917-0612","储能电站升级工程-示范段","维修维护","544.84","7","21/5/2026","21/5/2027","21/5/2028","维修维护项目，投资金额544.84万元","审核通过","MANUAL","1","18/5/2026 12:38:59","20/5/2026 21:18:14"
"1675","PT20070602-0613","储能电站新建工程-主体段","生产设备技改","2638.29","3","2/3/2026","2/3/2027","2/3/2028","生产设备技改项目，投资金额2638.29万元","待论证","IMPORT","1","22/2/2026 08:15:01","31/3/2026 21:42:43"
"1676","PT19870928-0614","充电桩改造工程-一期","生产设备大修","3376.51","1","14/3/2026","14/3/2027","14/3/2028","生产设备大修项目，投资金额3376.51万元","待审核","IMPORT","1","24/2/2026 03:17:50","18/3/2026 02:35:43"
"1677","PT19860508-0615","通信系统改造工程-主体段","生产设备技改","1137.12","5","23/5/2026","23/5/2027","23/5/2028","生产设备技改项目，投资金额1137.12万元","已入库","MANUAL","1","9/5/2026 06:21:47","17/5/2026 01:34:09"
"1678","PT20200329-0616","通信系统优化项目-先行段","维修维护","4736.93","8","19/3/2026","19/3/2027","19/3/2028","维修维护项目，投资金额4736.93万元","待论证","MANUAL","1","9/3/2026 18:29:41","31/3/2026 05:56:44"
"1679","PT19911108-0617","通信系统新建工程-先行段","电网基建","1188.44","1","19/5/2026","19/5/2027","19/5/2028","电网基建项目，投资金额1188.44万元","已入库","IMPORT","1","8/5/2026 11:02:57","19/5/2026 00:38:29"
"1680","PT19730909-0618","配电网维护项目-二期","生产设备技改","4083.49","5","7/2/2026","7/2/2027","7/2/2028","生产设备技改项目，投资金额4083.49万元","待论证","IMPORT","1","21/1/2026 19:49:20","27/2/2026 21:02:02"
"1681","PT20250315-0619","充电桩改造工程-主体段","电网基建","4375.94","10","15/1/2026","15/1/2027","15/1/2028","电网基建项目，投资金额4375.94万元","论证通过","MANUAL","1","2/1/2026 06:30:31","26/4/2026 20:00:40"
"1682","PT19930413-0620","通信系统技改项目-示范段","设备购置","1985.43","3","21/5/2026","21/5/2027","21/5/2028","设备购置项目，投资金额1985.43万元","已入库","MANUAL","1","1/5/2026 07:30:06","5/5/2026 14:09:00"
"1683","PT19861001-0621","变电站新建工程-二期","维修维护","1253.86","2","14/5/2026","14/5/2027","14/5/2028","维修维护项目，投资金额1253.86万元","待论证","IMPORT","1","19/4/2026 08:25:37","7/5/2026 03:36:42"
"1684","PT19911112-0622","调度中心技改项目-三期","设备更新","3932.34","3","20/5/2026","20/5/2027","20/5/2028","设备更新项目，投资金额3932.34万元","待论证","IMPORT","1","3/1/2026 23:30:02","27/3/2026 03:49:57"
"1685","PT20010425-0623","充电桩大修工程-一期","科技创新","848.75","2","30/5/2026","30/5/2027","30/5/2028","科技创新项目，投资金额848.75万元","论证通过","IMPORT","1","3/4/2026 13:36:07","21/4/2026 04:22:07"
"1686","PT20110906-0624","输电线路维护项目-先行段","维修维护","1736.71","11","6/2/2026","6/2/2027","6/2/2028","维修维护项目，投资金额1736.71万元","待审核","MANUAL","1","17/1/2026 14:38:40","20/3/2026 01:54:14"
"1687","PT19820110-0625","输电线路新建工程-主体段","生产设备技改","2208.39","1","3/3/2026","3/3/2027","3/3/2028","生产设备技改项目，投资金额2208.39万元","待审核","MANUAL","1","3/1/2026 09:08:06","12/2/2026 11:37:58"
"1688","PT19740424-0626","输电线路新建工程-先行段","设备更新","2027.83","11","10/5/2026","10/5/2027","10/5/2028","设备更新项目，投资金额2027.83万元","待论证","IMPORT","1","6/2/2026 22:39:22","31/3/2026 21:16:21"
"1689","PT19770125-0627","智能电网升级工程-主体段","生产设备大修","2898.31","1","21/4/2026","21/4/2027","21/4/2028","生产设备大修项目，投资金额2898.31万元","待论证","MANUAL","1","17/4/2026 05:36:44","2/5/2026 10:41:14"
"1690","PT19950730-0628","通信系统技改项目-三期","电网基建","1665.08","10","8/3/2026","8/3/2027","8/3/2028","电网基建项目，投资金额1665.08万元","草稿","MANUAL","1","4/1/2026 10:58:34","10/4/2026 08:23:06"
"1691","PT20040427-0629","变电站维护项目-主体段","维修维护","512.46","5","30/5/2026","30/5/2027","30/5/2028","维修维护项目，投资金额512.46万元","待论证","MANUAL","1","28/5/2026 13:29:47","21/5/2026 18:56:44"
"1692","PT19910624-0630","通信系统升级工程-先行段","生产设备技改","3412.41","1","10/4/2026","10/4/2027","10/4/2028","生产设备技改项目，投资金额3412.41万元","待论证","IMPORT","1","18/2/2026 19:21:31","5/4/2026 02:25:46"
"1693","PT19900326-0631","充电桩维护项目-三期","生产设备技改","2431.1","8","29/5/2026","29/5/2027","29/5/2028","生产设备技改项目，投资金额2431.10万元","待审核","MANUAL","1","30/4/2026 00:11:27","1/5/2026 10:20:36"
"1694","PT20210128-0632","通信系统技改项目-示范段","生产设备技改","4495.27","1","19/5/2026","19/5/2027","19/5/2028","生产设备技改项目，投资金额4495.27万元","论证通过","IMPORT","1","2/4/2026 12:00:35","28/4/2026 03:32:14"
"1695","PT19981208-0633","输电线路升级工程-示范段","科技创新","1214.3","5","24/5/2026","24/5/2027","24/5/2028","科技创新项目，投资金额1214.30万元","已入库","MANUAL","1","18/4/2026 04:18:20","21/5/2026 09:35:36"
"1696","PT20010127-0634","通信系统大修工程-二期","设备更新","4854.35","9","29/3/2026","29/3/2027","29/3/2028","设备更新项目，投资金额4854.35万元","论证通过","MANUAL","1","7/1/2026 10:35:03","16/4/2026 11:25:25"
"1697","PT19960617-0635","输电线路优化项目-示范段","设备购置","4561.45","7","16/5/2026","16/5/2027","16/5/2028","设备购置项目，投资金额4561.45万元","待审核","MANUAL","1","30/4/2026 08:04:32","16/5/2026 21:44:06"
"1698","PT19891218-0636","通信系统大修工程-一期","设备更新","4403.92","2","16/4/2026","16/4/2027","16/4/2028","设备更新项目，投资金额4403.92万元","草稿","IMPORT","1","20/3/2026 07:15:17","31/3/2026 22:41:41"
"1699","PT19770914-0637","变电站大修工程-二期","设备更新","551.15","8","20/4/2026","20/4/2027","20/4/2028","设备更新项目，投资金额551.15万元","草稿","IMPORT","1","7/1/2026 06:35:22","17/5/2026 04:46:26"
"1700","PT19841120-0638","通信系统大修工程-三期","电网基建","2941.99","1","22/5/2026","22/5/2027","22/5/2028","电网基建项目，投资金额2941.99万元","已入库","IMPORT","1","18/3/2026 14:21:18","5/4/2026 13:36:37"
"1701","PT19770908-0639","变电站技改项目-一期","设备更新","1279.05","10","30/5/2026","30/5/2027","30/5/2028","设备更新项目，投资金额1279.05万元","草稿","MANUAL","1","29/5/2026 02:22:32","23/5/2026 04:38:25"
"1702","PT19790925-0640","储能电站维护项目-示范段","设备购置","1303.77","6","24/5/2026","24/5/2027","24/5/2028","设备购置项目，投资金额1303.77万元","草稿","MANUAL","1","20/4/2026 07:48:41","2/5/2026 22:06:40"
"1703","PT19850823-0641","调度中心大修工程-一期","设备更新","1790.3","7","24/5/2026","24/5/2027","24/5/2028","设备更新项目，投资金额1790.30万元","论证通过","IMPORT","1","15/5/2026 15:48:05","15/5/2026 22:36:06"
"1704","PT19840621-0642","配电网技改项目-二期","生产设备大修","4447.55","8","30/5/2026","30/5/2027","30/5/2028","生产设备大修项目，投资金额4447.55万元","审核通过","MANUAL","1","28/5/2026 18:07:11","27/5/2026 16:30:48"
"1705","PT19720909-0643","变电站新建工程-三期","电网基建","2663.76","10","28/5/2026","28/5/2027","28/5/2028","电网基建项目，投资金额2663.76万元","待论证","MANUAL","1","15/5/2026 00:52:52","16/5/2026 23:14:49"
"1706","PT20171104-0644","配电网大修工程-先行段","科技创新","2217.49","8","30/5/2026","30/5/2027","30/5/2028","科技创新项目，投资金额2217.49万元","审核通过","MANUAL","1","31/1/2026 01:26:11","12/5/2026 13:48:01"
"1707","PT20070605-0645","变电站技改项目-先行段","电网基建","3654.74","3","22/5/2026","22/5/2027","22/5/2028","电网基建项目，投资金额3654.74万元","待审核","IMPORT","1","26/2/2026 10:48:30","18/4/2026 11:43:48"
"1708","PT19810825-0646","配电网大修工程-示范段","电网基建","1522.71","7","29/5/2026","29/5/2027","29/5/2028","电网基建项目，投资金额1522.71万元","审核通过","IMPORT","1","19/5/2026 05:18:45","19/5/2026 11:48:11"
"1709","PT20040404-0647","配电网升级工程-二期","维修维护","2213.96","3","15/2/2026","15/2/2027","15/2/2028","维修维护项目，投资金额2213.96万元","待论证","MANUAL","1","5/2/2026 17:29:26","26/4/2026 08:58:09"
"1710","PT19930403-0648","通信系统技改项目-二期","设备更新","3442.77","1","28/5/2026","28/5/2027","28/5/2028","设备更新项目，投资金额3442.77万元","待论证","IMPORT","1","28/5/2026 18:33:37","22/5/2026 17:51:54"
"1711","PT19971003-0649","配电网大修工程-先行段","设备购置","4122.75","5","15/5/2026","15/5/2027","15/5/2028","设备购置项目，投资金额4122.75万元","待论证","MANUAL","1","5/5/2026 10:52:21","21/5/2026 02:37:37"
"1712","PT19740903-0650","储能电站优化项目-一期","电网基建","1881.25","6","20/5/2026","20/5/2027","20/5/2028","电网基建项目，投资金额1881.25万元","待论证","IMPORT","1","27/3/2026 03:50:03","24/4/2026 02:09:41"
"1713","PT19761124-0651","变电站扩建工程-二期","生产设备大修","1595.67","6","18/5/2026","18/5/2027","18/5/2028","生产设备大修项目，投资金额1595.67万元","草稿","MANUAL","1","7/5/2026 05:41:08","15/5/2026 19:16:17"
"1714","PT19830626-0652","通信系统新建工程-先行段","设备购置","4447.53","3","22/4/2026","22/4/2027","22/4/2028","设备购置项目，投资金额4447.53万元","论证通过","IMPORT","1","9/3/2026 06:40:28","21/3/2026 23:19:11"
"1715","PT19780617-0653","智能电网扩建工程-二期","设备购置","1330.7","6","31/5/2026","31/5/2027","31/5/2028","设备购置项目，投资金额1330.70万元","待论证","MANUAL","1","31/5/2026 14:22:00","31/5/2026 03:01:34"
"1716","PT20140723-0654","智能电网改造工程-先行段","设备购置","68.97","5","28/3/2026","28/3/2027","28/3/2028","设备购置项目，投资金额68.97万元","草稿","IMPORT","1","1/2/2026 00:36:40","9/4/2026 11:03:33"
"1717","PT20041111-0655","变电站新建工程-二期","科技创新","1444.03","10","20/1/2026","20/1/2027","20/1/2028","科技创新项目，投资金额1444.03万元","已入库","IMPORT","1","14/1/2026 07:03:33","8/4/2026 14:30:05"
"1718","PT19860618-0656","变电站扩建工程-二期","设备更新","4913.36","11","18/2/2026","18/2/2027","18/2/2028","设备更新项目，投资金额4913.36万元","待论证","MANUAL","1","11/2/2026 16:01:57","1/3/2026 07:51:26"
"1719","PT19820326-0657","调度中心升级工程-二期","科技创新","537.72","1","13/4/2026","13/4/2027","13/4/2028","科技创新项目，投资金额537.72万元","草稿","MANUAL","1","26/2/2026 16:10:24","25/3/2026 19:58:19"
"1720","PT20090909-0658","输电线路大修工程-三期","设备购置","3047.37","2","28/3/2026","28/3/2027","28/3/2028","设备购置项目，投资金额3047.37万元","审核通过","MANUAL","1","24/1/2026 00:54:15","27/4/2026 01:30:14"
"1721","PT20210712-0659","调度中心扩建工程-三期","设备更新","4935.17","9","25/5/2026","25/5/2027","25/5/2028","设备更新项目，投资金额4935.17万元","待审核","MANUAL","1","27/4/2026 19:38:21","3/5/2026 06:48:22"
"1722","PT19911026-0660","智能电网新建工程-一期","科技创新","2245.19","5","18/4/2026","18/4/2027","18/4/2028","科技创新项目，投资金额2245.19万元","待论证","IMPORT","1","21/1/2026 07:48:09","29/4/2026 08:53:57"
"1723","PT20090212-0661","调度中心优化项目-先行段","电网基建","2994.06","3","28/4/2026","28/4/2027","28/4/2028","电网基建项目，投资金额2994.06万元","草稿","MANUAL","1","22/1/2026 08:28:34","19/2/2026 06:12:32"
"1724","PT20140811-0662","储能电站优化项目-二期","设备购置","3813.49","10","11/3/2026","11/3/2027","11/3/2028","设备购置项目，投资金额3813.49万元","待审核","IMPORT","1","16/2/2026 15:52:25","10/3/2026 07:24:00"
"1725","PT20140320-0663","充电桩维护项目-一期","科技创新","459.41","6","19/5/2026","19/5/2027","19/5/2028","科技创新项目，投资金额459.41万元","论证通过","MANUAL","1","5/5/2026 10:44:56","18/5/2026 10:27:49"
"1726","PT20231205-0664","储能电站技改项目-二期","设备购置","2618.15","9","22/4/2026","22/4/2027","22/4/2028","设备购置项目，投资金额2618.15万元","已入库","MANUAL","1","3/1/2026 14:57:35","25/1/2026 09:08:29"
"1727","PT19850714-0665","调度中心优化项目-示范段","生产设备大修","416.75","4","9/5/2026","9/5/2027","9/5/2028","生产设备大修项目，投资金额416.75万元","待审核","MANUAL","1","2/4/2026 08:25:28","26/4/2026 10:55:06"
"1728","PT19831201-0666","充电桩大修工程-主体段","电网基建","4718.12","9","26/5/2026","26/5/2027","26/5/2028","电网基建项目，投资金额4718.12万元","论证通过","MANUAL","1","22/3/2026 05:40:07","9/4/2026 18:03:06"
"1729","PT19820415-0667","智能电网大修工程-三期","生产设备大修","2833.18","1","21/5/2026","21/5/2027","21/5/2028","生产设备大修项目，投资金额2833.18万元","论证通过","MANUAL","1","22/2/2026 19:56:47","15/4/2026 15:27:30"
"1730","PT19831130-0668","配电网维护项目-二期","生产设备技改","710.52","1","4/5/2026","4/5/2027","4/5/2028","生产设备技改项目，投资金额710.52万元","论证通过","MANUAL","1","31/1/2026 19:12:11","3/3/2026 07:05:37"
"1731","PT20251229-0669","输电线路技改项目-示范段","维修维护","650.02","11","29/5/2026","29/5/2027","29/5/2028","维修维护项目，投资金额650.02万元","待论证","IMPORT","1","9/2/2026 10:32:09","24/2/2026 23:33:37"
"1732","PT20000704-0670","储能电站维护项目-先行段","生产设备技改","324.26","11","28/5/2026","28/5/2027","28/5/2028","生产设备技改项目，投资金额324.26万元","待审核","IMPORT","1","14/5/2026 02:24:44","19/5/2026 05:33:22"
"1733","PT20200516-0671","变电站改造工程-主体段","科技创新","2738.45","6","30/5/2026","30/5/2027","30/5/2028","科技创新项目，投资金额2738.45万元","待论证","MANUAL","1","19/5/2026 15:34:51","21/5/2026 09:33:03"
"1734","PT20251209-0672","输电线路优化项目-主体段","设备更新","1707.88","3","23/5/2026","23/5/2027","23/5/2028","设备更新项目，投资金额1707.88万元","待审核","IMPORT","1","6/5/2026 08:44:21","6/5/2026 23:44:32"
"1735","PT20160720-0673","配电网维护项目-主体段","维修维护","929.46","5","31/5/2026","31/5/2027","31/5/2028","维修维护项目，投资金额929.46万元","草稿","IMPORT","1","31/5/2026 08:27:49","27/5/2026 00:49:07"
"1736","PT19890517-0674","储能电站技改项目-二期","设备更新","1480.52","11","11/4/2026","11/4/2027","11/4/2028","设备更新项目，投资金额1480.52万元","待论证","IMPORT","1","13/3/2026 05:42:28","24/3/2026 04:30:38"
"1737","PT19881118-0675","通信系统扩建工程-二期","设备更新","2565.45","2","21/2/2026","21/2/2027","21/2/2028","设备更新项目，投资金额2565.45万元","草稿","IMPORT","1","5/1/2026 09:43:35","16/1/2026 17:09:38"
"1738","PT20160612-0676","智能电网扩建工程-三期","设备购置","2461.01","8","24/4/2026","24/4/2027","24/4/2028","设备购置项目，投资金额2461.01万元","论证通过","IMPORT","1","12/4/2026 13:25:07","7/5/2026 23:17:41"
"1739","PT20111230-0677","通信系统技改项目-示范段","科技创新","2795.54","11","29/5/2026","29/5/2027","29/5/2028","科技创新项目，投资金额2795.54万元","草稿","MANUAL","1","29/5/2026 08:33:06","24/5/2026 10:41:30"
"1740","PT19930714-0678","充电桩优化项目-先行段","设备购置","3261.9","7","28/5/2026","28/5/2027","28/5/2028","设备购置项目，投资金额3261.90万元","已入库","MANUAL","1","13/4/2026 20:52:50","21/5/2026 08:55:34"
"1741","PT20130208-0679","充电桩新建工程-示范段","生产设备技改","86.24","2","27/2/2026","27/2/2027","27/2/2028","生产设备技改项目，投资金额86.24万元","审核通过","IMPORT","1","26/1/2026 02:27:00","15/5/2026 23:35:39"
"1742","PT19800617-0680","储能电站扩建工程-二期","生产设备大修","660.81","7","24/3/2026","24/3/2027","24/3/2028","生产设备大修项目，投资金额660.81万元","草稿","IMPORT","1","2/3/2026 14:32:10","10/4/2026 18:28:17"
"1743","PT19700607-0681","配电网升级工程-一期","设备购置","353.06","10","21/5/2026","21/5/2027","21/5/2028","设备购置项目，投资金额353.06万元","审核通过","MANUAL","1","21/4/2026 09:28:13","3/5/2026 03:41:14"
"1744","PT20081206-0682","通信系统大修工程-示范段","电网基建","4144.53","7","30/5/2026","30/5/2027","30/5/2028","电网基建项目，投资金额4144.53万元","论证通过","MANUAL","1","30/5/2026 23:58:06","28/5/2026 07:12:06"
"1745","PT20071123-0683","调度中心技改项目-先行段","维修维护","4667.09","4","28/5/2026","28/5/2027","28/5/2028","维修维护项目，投资金额4667.09万元","待论证","IMPORT","1","10/4/2026 21:15:46","26/4/2026 15:54:14"
"1746","PT20061225-0684","输电线路扩建工程-主体段","电网基建","3840.46","5","22/4/2026","22/4/2027","22/4/2028","电网基建项目，投资金额3840.46万元","待论证","MANUAL","1","2/1/2026 11:58:39","20/3/2026 14:53:41"
"1747","PT20101223-0685","储能电站技改项目-主体段","维修维护","4997.92","8","28/5/2026","28/5/2027","28/5/2028","维修维护项目，投资金额4997.92万元","论证通过","IMPORT","1","24/5/2026 12:33:06","22/5/2026 09:15:31"
"1748","PT19991203-0686","输电线路大修工程-三期","维修维护","2746.36","4","1/5/2026","1/5/2027","1/5/2028","维修维护项目，投资金额2746.36万元","待论证","IMPORT","1","28/4/2026 13:43:55","9/5/2026 18:45:25"
"1749","PT20130518-0687","通信系统大修工程-二期","设备更新","4091.07","3","11/4/2026","11/4/2027","11/4/2028","设备更新项目，投资金额4091.07万元","审核通过","MANUAL","1","15/1/2026 12:41:15","19/5/2026 15:10:49"
"1750","PT19850125-0688","充电桩改造工程-一期","维修维护","1780.97","10","17/5/2026","17/5/2027","17/5/2028","维修维护项目，投资金额1780.97万元","论证通过","IMPORT","1","1/4/2026 04:58:35","16/4/2026 23:35:31"
"1751","PT19840119-0689","通信系统优化项目-一期","设备购置","4014.81","2","27/4/2026","27/4/2027","27/4/2028","设备购置项目，投资金额4014.81万元","待论证","MANUAL","1","20/2/2026 03:12:03","4/3/2026 02:47:08"
"1752","PT19750329-0690","充电桩扩建工程-一期","生产设备大修","4957.8","7","24/5/2026","24/5/2027","24/5/2028","生产设备大修项目，投资金额4957.80万元","待审核","IMPORT","1","22/1/2026 12:24:18","24/2/2026 05:20:38"
"1753","PT20140119-0691","储能电站大修工程-先行段","科技创新","552.26","3","10/4/2026","10/4/2027","10/4/2028","科技创新项目，投资金额552.26万元","待论证","MANUAL","1","9/3/2026 11:23:34","20/3/2026 02:19:49"
"1754","PT19890501-0692","调度中心大修工程-二期","设备更新","4521.33","9","2/5/2026","2/5/2027","2/5/2028","设备更新项目，投资金额4521.33万元","待论证","MANUAL","1","14/4/2026 18:24:46","10/5/2026 03:55:39"
"1755","PT20040711-0693","输电线路大修工程-先行段","设备更新","1542.46","8","11/4/2026","11/4/2027","11/4/2028","设备更新项目，投资金额1542.46万元","待论证","IMPORT","1","5/3/2026 13:17:22","16/5/2026 17:56:56"
"1756","PT19720701-0694","储能电站新建工程-先行段","设备更新","1244.69","8","4/4/2026","4/4/2027","4/4/2028","设备更新项目，投资金额1244.69万元","草稿","MANUAL","1","8/1/2026 12:23:21","24/2/2026 04:57:28"
"1757","PT19751002-0695","储能电站扩建工程-二期","科技创新","3566.16","9","11/5/2026","11/5/2027","11/5/2028","科技创新项目，投资金额3566.16万元","论证通过","MANUAL","1","2/5/2026 07:47:54","8/5/2026 23:06:52"
"1758","PT19920119-0696","配电网优化项目-示范段","维修维护","2864.38","5","9/5/2026","9/5/2027","9/5/2028","维修维护项目，投资金额2864.38万元","论证通过","MANUAL","1","17/1/2026 09:19:25","5/4/2026 22:31:53"
"1759","PT20220422-0697","储能电站技改项目-示范段","生产设备技改","3027.31","9","20/3/2026","20/3/2027","20/3/2028","生产设备技改项目，投资金额3027.31万元","待论证","IMPORT","1","16/3/2026 09:52:38","19/4/2026 00:40:40"
"1760","PT19910131-0698","输电线路优化项目-二期","设备购置","1686.04","10","26/5/2026","26/5/2027","26/5/2028","设备购置项目，投资金额1686.04万元","草稿","IMPORT","1","9/5/2026 13:21:50","15/5/2026 04:07:45"
"1761","PT19970630-0699","变电站新建工程-一期","科技创新","2271.81","5","29/5/2026","29/5/2027","29/5/2028","科技创新项目，投资金额2271.81万元","待论证","MANUAL","1","24/2/2026 07:53:29","25/2/2026 09:36:01"
"1762","PT19961117-0700","调度中心扩建工程-三期","科技创新","1227.45","11","11/5/2026","11/5/2027","11/5/2028","科技创新项目，投资金额1227.45万元","待论证","IMPORT","1","3/5/2026 22:20:18","10/5/2026 02:14:03"
"1763","PT20230301-0701","变电站新建工程-主体段","电网基建","733.77","5","28/5/2026","28/5/2027","28/5/2028","电网基建项目，投资金额733.77万元","待审核","IMPORT","1","25/5/2026 05:29:00","22/5/2026 15:33:08"
"1764","PT19890629-0702","智能电网优化项目-一期","科技创新","2340.1","6","30/5/2026","30/5/2027","30/5/2028","科技创新项目，投资金额2340.10万元","已过期","MANUAL","1","30/5/2026 07:34:46","29/5/2026 12:59:43"
"1765","PT20060430-0703","配电网扩建工程-先行段","设备更新","1752.62","7","13/5/2026","13/5/2027","13/5/2028","设备更新项目，投资金额1752.62万元","待审核","MANUAL","1","14/4/2026 06:12:17","19/5/2026 02:48:24"
"1766","PT20010807-0704","储能电站优化项目-三期","电网基建","3640.45","4","15/5/2026","15/5/2027","15/5/2028","电网基建项目，投资金额3640.45万元","待审核","MANUAL","1","22/2/2026 16:03:11","27/3/2026 18:32:46"
"1767","PT20140420-0705","变电站维护项目-主体段","设备购置","263.61","2","25/5/2026","25/5/2027","25/5/2028","设备购置项目，投资金额263.61万元","草稿","MANUAL","1","18/5/2026 20:02:00","20/5/2026 01:53:28"
"1768","PT19940810-0706","输电线路维护项目-先行段","电网基建","3876.2","2","6/5/2026","6/5/2027","6/5/2028","电网基建项目，投资金额3876.20万元","已入库","IMPORT","1","30/1/2026 17:35:52","2/3/2026 10:18:34"
"1769","PT20010627-0707","配电网改造工程-二期","维修维护","2837.71","7","4/5/2026","4/5/2027","4/5/2028","维修维护项目，投资金额2837.71万元","审核通过","MANUAL","1","28/3/2026 11:12:32","13/5/2026 23:04:15"
"1770","PT20170420-0708","配电网改造工程-主体段","设备购置","475.16","10","8/5/2026","8/5/2027","8/5/2028","设备购置项目，投资金额475.16万元","已入库","MANUAL","1","1/4/2026 06:19:34","15/4/2026 12:26:58"
"1771","PT19740211-0709","调度中心扩建工程-主体段","生产设备技改","3058.12","6","24/3/2026","24/3/2027","24/3/2028","生产设备技改项目，投资金额3058.12万元","待审核","MANUAL","1","11/1/2026 07:23:30","23/3/2026 04:06:27"
"1772","PT20110327-0710","变电站优化项目-三期","设备更新","608.16","3","26/5/2026","26/5/2027","26/5/2028","设备更新项目，投资金额608.16万元","待论证","MANUAL","1","13/5/2026 08:01:59","17/5/2026 05:36:59"
"1773","PT19890326-0711","充电桩优化项目-先行段","设备购置","4955.82","10","28/4/2026","28/4/2027","28/4/2028","设备购置项目，投资金额4955.82万元","待论证","MANUAL","1","10/4/2026 15:48:45","7/5/2026 22:08:46"
"1774","PT19900222-0712","变电站大修工程-先行段","设备购置","2980.24","6","28/4/2026","28/4/2027","28/4/2028","设备购置项目，投资金额2980.24万元","论证通过","MANUAL","1","27/1/2026 17:27:38","4/5/2026 22:40:06"
"1775","PT19860719-0713","储能电站大修工程-二期","设备更新","3694.5","2","15/4/2026","15/4/2027","15/4/2028","设备更新项目，投资金额3694.50万元","审核通过","IMPORT","1","21/3/2026 00:05:08","8/5/2026 05:48:06"
"1776","PT20210222-0714","调度中心大修工程-三期","维修维护","2014.16","8","15/4/2026","15/4/2027","15/4/2028","维修维护项目，投资金额2014.16万元","待论证","IMPORT","1","12/1/2026 11:41:29","18/5/2026 22:31:31"
"1777","PT19720726-0715","通信系统优化项目-示范段","科技创新","1229.93","4","10/5/2026","10/5/2027","10/5/2028","科技创新项目，投资金额1229.93万元","待论证","MANUAL","1","16/1/2026 06:34:01","5/4/2026 03:44:49"
"1778","PT20061123-0716","输电线路新建工程-示范段","维修维护","613.95","7","16/4/2026","16/4/2027","16/4/2028","维修维护项目，投资金额613.95万元","已过期","IMPORT","1","13/4/2026 14:22:57","29/4/2026 15:17:04"
"1779","PT19910430-0717","配电网优化项目-主体段","电网基建","1526.52","4","27/5/2026","27/5/2027","27/5/2028","电网基建项目，投资金额1526.52万元","草稿","MANUAL","1","24/5/2026 19:16:10","23/5/2026 21:47:52"
"1780","PT19810108-0718","智能电网技改项目-一期","生产设备大修","1305.91","6","24/5/2026","24/5/2027","24/5/2028","生产设备大修项目，投资金额1305.91万元","草稿","IMPORT","1","19/4/2026 22:49:43","2/5/2026 15:54:55"
"1781","PT20110301-0719","配电网技改项目-二期","生产设备技改","4595.76","3","16/5/2026","16/5/2027","16/5/2028","生产设备技改项目，投资金额4595.76万元","已过期","IMPORT","1","31/1/2026 10:44:39","18/4/2026 04:03:03"
"1782","PT20110507-0720","通信系统大修工程-二期","科技创新","2463.91","11","29/4/2026","29/4/2027","29/4/2028","科技创新项目，投资金额2463.91万元","已入库","MANUAL","1","3/2/2026 10:27:21","8/5/2026 14:34:58"
"1783","PT19880409-0721","智能电网优化项目-先行段","生产设备技改","1956.67","10","5/3/2026","5/3/2027","5/3/2028","生产设备技改项目，投资金额1956.67万元","论证通过","MANUAL","1","25/1/2026 10:26:45","16/5/2026 21:24:55"
"1784","PT19760722-0722","输电线路大修工程-三期","设备更新","3734.66","11","26/2/2026","26/2/2027","26/2/2028","设备更新项目，投资金额3734.66万元","已入库","MANUAL","1","25/1/2026 01:36:42","11/2/2026 06:11:07"
"1785","PT19860325-0723","充电桩扩建工程-先行段","设备购置","4941.08","2","16/2/2026","16/2/2027","16/2/2028","设备购置项目，投资金额4941.08万元","待审核","IMPORT","1","21/1/2026 11:59:55","18/4/2026 03:31:31"
"1786","PT19730215-0724","配电网技改项目-先行段","维修维护","4706.21","7","27/5/2026","27/5/2027","27/5/2028","维修维护项目，投资金额4706.21万元","已入库","MANUAL","1","30/3/2026 21:56:13","27/4/2026 19:42:25"
"1787","PT20231018-0725","充电桩新建工程-三期","设备更新","2282.74","9","27/5/2026","27/5/2027","27/5/2028","设备更新项目，投资金额2282.74万元","草稿","IMPORT","1","11/4/2026 12:59:05","4/5/2026 22:22:33"
"1788","PT20040624-0726","充电桩升级工程-示范段","生产设备技改","2417.18","2","2/5/2026","2/5/2027","2/5/2028","生产设备技改项目，投资金额2417.18万元","待审核","MANUAL","1","23/4/2026 21:46:07","2/5/2026 01:49:38"
"1789","PT19950227-0727","智能电网维护项目-三期","生产设备技改","3851.88","8","31/3/2026","31/3/2027","31/3/2028","生产设备技改项目，投资金额3851.88万元","草稿","MANUAL","1","11/3/2026 15:43:10","3/4/2026 21:28:56"
"1790","PT19780525-0728","通信系统升级工程-主体段","电网基建","2230.21","9","29/5/2026","29/5/2027","29/5/2028","电网基建项目，投资金额2230.21万元","待审核","MANUAL","1","21/5/2026 12:40:33","21/5/2026 12:34:56"
"1791","PT19970308-0729","储能电站新建工程-主体段","科技创新","4895.78","8","5/4/2026","5/4/2027","5/4/2028","科技创新项目，投资金额4895.78万元","论证通过","MANUAL","1","13/3/2026 11:46:28","3/5/2026 20:48:15"
"1792","PT20180915-0730","调度中心技改项目-一期","设备购置","412.29","4","12/5/2026","12/5/2027","12/5/2028","设备购置项目，投资金额412.29万元","已入库","IMPORT","1","19/2/2026 11:35:02","11/4/2026 12:42:12"
"1793","PT19721227-0731","通信系统优化项目-主体段","设备购置","1109.34","11","30/5/2026","30/5/2027","30/5/2028","设备购置项目，投资金额1109.34万元","草稿","MANUAL","1","12/5/2026 16:20:01","13/5/2026 17:00:08"
"1794","PT19700312-0732","智能电网扩建工程-主体段","维修维护","4247.62","9","7/5/2026","7/5/2027","7/5/2028","维修维护项目，投资金额4247.62万元","论证通过","IMPORT","1","20/3/2026 09:37:09","29/4/2026 14:39:25"
"1795","PT20180505-0733","输电线路升级工程-示范段","设备购置","4439.41","6","30/4/2026","30/4/2027","30/4/2028","设备购置项目，投资金额4439.41万元","论证通过","MANUAL","1","8/4/2026 23:32:50","12/4/2026 01:53:34"
"1796","PT19720608-0734","智能电网升级工程-一期","设备更新","237.99","11","8/5/2026","8/5/2027","8/5/2028","设备更新项目，投资金额237.99万元","草稿","MANUAL","1","28/1/2026 08:29:15","5/2/2026 11:12:16"
"1797","PT19710816-0735","充电桩升级工程-二期","生产设备大修","153.43","7","29/4/2026","29/4/2027","29/4/2028","生产设备大修项目，投资金额153.43万元","草稿","MANUAL","1","4/4/2026 12:18:59","7/4/2026 07:22:47"
"1798","PT19720801-0736","变电站升级工程-一期","生产设备大修","241.33","7","24/1/2026","24/1/2027","24/1/2028","生产设备大修项目，投资金额241.33万元","草稿","MANUAL","1","24/1/2026 22:12:07","28/2/2026 10:51:05"
"1799","PT19801220-0737","充电桩维护项目-三期","生产设备大修","232.27","7","4/4/2026","4/4/2027","4/4/2028","生产设备大修项目，投资金额232.27万元","已过期","MANUAL","1","5/2/2026 11:34:02","9/2/2026 21:39:25"
"1800","PT20050808-0738","变电站扩建工程-先行段","生产设备技改","4575.13","5","25/5/2026","25/5/2027","25/5/2028","生产设备技改项目，投资金额4575.13万元","待审核","IMPORT","1","25/5/2026 19:55:55","24/5/2026 02:33:49"
"1801","PT19870309-0739","储能电站技改项目-示范段","电网基建","3589","1","30/4/2026","30/4/2027","30/4/2028","电网基建项目，投资金额3589.00万元","草稿","MANUAL","1","24/4/2026 16:55:44","13/5/2026 01:06:48"
"1802","PT19931027-0740","配电网技改项目-先行段","设备购置","2215.48","8","23/5/2026","23/5/2027","23/5/2028","设备购置项目，投资金额2215.48万元","已入库","IMPORT","1","23/5/2026 03:32:20","22/5/2026 12:42:20"
"1803","PT19700606-0741","充电桩技改项目-三期","生产设备大修","4843.97","9","3/4/2026","3/4/2027","3/4/2028","生产设备大修项目，投资金额4843.97万元","已入库","IMPORT","1","17/2/2026 03:54:37","9/5/2026 20:07:40"
"1804","PT20130105-0742","配电网技改项目-示范段","科技创新","742.3","1","16/3/2026","16/3/2027","16/3/2028","科技创新项目，投资金额742.30万元","已过期","MANUAL","1","10/3/2026 18:34:06","14/4/2026 21:59:56"
"1805","PT20220924-0743","变电站升级工程-主体段","生产设备大修","2325.43","9","9/4/2026","9/4/2027","9/4/2028","生产设备大修项目，投资金额2325.43万元","论证通过","MANUAL","1","20/1/2026 01:23:25","2/4/2026 11:27:37"
"1806","PT20071230-0744","配电网改造工程-二期","设备购置","4294.13","1","24/2/2026","24/2/2027","24/2/2028","设备购置项目，投资金额4294.13万元","论证通过","MANUAL","1","7/1/2026 11:35:03","10/4/2026 07:53:14"
"1807","PT19820402-0745","变电站扩建工程-二期","生产设备大修","1482.7","8","29/3/2026","29/3/2027","29/3/2028","生产设备大修项目，投资金额1482.70万元","草稿","MANUAL","1","3/2/2026 22:55:23","6/2/2026 21:02:57"
"1808","PT19720101-0746","充电桩升级工程-示范段","维修维护","2178.11","11","21/4/2026","21/4/2027","21/4/2028","维修维护项目，投资金额2178.11万元","审核通过","MANUAL","1","2/4/2026 09:37:04","13/5/2026 02:54:08"
"1809","PT20131204-0747","输电线路升级工程-主体段","生产设备技改","3806.68","4","11/5/2026","11/5/2027","11/5/2028","生产设备技改项目，投资金额3806.68万元","草稿","IMPORT","1","1/4/2026 03:08:49","5/4/2026 18:43:13"
"1810","PT19720823-0748","配电网维护项目-主体段","生产设备技改","3515.8","1","25/5/2026","25/5/2027","25/5/2028","生产设备技改项目，投资金额3515.80万元","已入库","IMPORT","1","20/1/2026 19:25:46","22/2/2026 11:58:58"
"1811","PT20241018-0749","通信系统大修工程-一期","生产设备技改","4249.43","1","17/4/2026","17/4/2027","17/4/2028","生产设备技改项目，投资金额4249.43万元","草稿","MANUAL","1","18/2/2026 02:04:29","18/3/2026 06:36:03"
"1812","PT20160314-0750","配电网维护项目-一期","设备更新","2684.51","9","17/3/2026","17/3/2027","17/3/2028","设备更新项目，投资金额2684.51万元","已入库","MANUAL","1","27/2/2026 12:40:24","7/4/2026 10:36:48"
"1813","PT20251113-0751","输电线路升级工程-二期","电网基建","851.8","1","11/3/2026","11/3/2027","11/3/2028","电网基建项目，投资金额851.80万元","已入库","MANUAL","1","20/1/2026 04:14:40","28/3/2026 06:24:32"
"1814","PT20160107-0752","输电线路升级工程-先行段","生产设备技改","4562.13","3","27/4/2026","27/4/2027","27/4/2028","生产设备技改项目，投资金额4562.13万元","待论证","IMPORT","1","15/4/2026 06:39:07","17/4/2026 19:45:31"
"1815","PT20000217-0753","调度中心扩建工程-三期","生产设备大修","1676.59","8","22/1/2026","22/1/2027","22/1/2028","生产设备大修项目，投资金额1676.59万元","草稿","IMPORT","1","19/1/2026 13:58:06","22/2/2026 15:33:40"
"1816","PT19710331-0754","变电站扩建工程-三期","维修维护","3425.7","8","11/5/2026","11/5/2027","11/5/2028","维修维护项目，投资金额3425.70万元","审核通过","MANUAL","1","6/5/2026 09:13:47","20/5/2026 15:34:47"
"1817","PT20140405-0755","通信系统维护项目-二期","生产设备技改","4185.93","10","22/5/2026","22/5/2027","22/5/2028","生产设备技改项目，投资金额4185.93万元","草稿","MANUAL","1","16/5/2026 00:25:13","20/5/2026 12:19:26"
"1818","PT20160731-0756","调度中心扩建工程-二期","科技创新","3037.58","11","14/5/2026","14/5/2027","14/5/2028","科技创新项目，投资金额3037.58万元","待论证","IMPORT","1","3/4/2026 00:47:16","27/4/2026 16:00:05"
"1819","PT20010324-0757","变电站新建工程-示范段","生产设备技改","4140.99","5","23/5/2026","23/5/2027","23/5/2028","生产设备技改项目，投资金额4140.99万元","论证通过","MANUAL","1","22/4/2026 00:30:51","9/5/2026 19:22:36"
"1820","PT19830731-0758","配电网大修工程-主体段","电网基建","486.85","5","4/5/2026","4/5/2027","4/5/2028","电网基建项目，投资金额486.85万元","论证通过","IMPORT","1","8/3/2026 10:45:02","8/3/2026 10:53:24"
"1821","PT20140206-0759","储能电站改造工程-先行段","生产设备技改","2748.81","5","6/5/2026","6/5/2027","6/5/2028","生产设备技改项目，投资金额2748.81万元","待论证","IMPORT","1","17/4/2026 15:06:58","28/4/2026 04:41:35"
"1822","PT19830914-0760","输电线路扩建工程-一期","生产设备技改","4585.48","5","25/4/2026","25/4/2027","25/4/2028","生产设备技改项目，投资金额4585.48万元","论证通过","MANUAL","1","8/4/2026 04:56:53","19/4/2026 03:47:12"
"1823","PT19840812-0761","配电网技改项目-二期","设备购置","2521.2","11","30/5/2026","30/5/2027","30/5/2028","设备购置项目，投资金额2521.20万元","审核通过","IMPORT","1","25/5/2026 13:50:29","21/5/2026 16:31:34"
"1824","PT20180312-0762","充电桩维护项目-二期","生产设备大修","4232.01","4","3/3/2026","3/3/2027","3/3/2028","生产设备大修项目，投资金额4232.01万元","论证通过","MANUAL","1","5/2/2026 18:21:20","25/2/2026 09:46:13"
"1825","PT19960717-0763","智能电网改造工程-示范段","科技创新","3538.12","10","19/5/2026","19/5/2027","19/5/2028","科技创新项目，投资金额3538.12万元","草稿","IMPORT","1","14/3/2026 11:31:58","28/4/2026 06:32:43"
"1826","PT20231024-0764","配电网维护项目-二期","设备更新","899.34","3","3/5/2026","3/5/2027","3/5/2028","设备更新项目，投资金额899.34万元","待审核","IMPORT","1","24/3/2026 03:51:05","30/4/2026 20:45:48"
"1827","PT20201227-0765","储能电站维护项目-三期","设备购置","3563.72","7","14/4/2026","14/4/2027","14/4/2028","设备购置项目，投资金额3563.72万元","已入库","MANUAL","1","19/3/2026 21:20:42","7/5/2026 20:18:28"
"1828","PT19970524-0766","变电站改造工程-示范段","设备购置","1258.41","5","25/1/2026","25/1/2027","25/1/2028","设备购置项目，投资金额1258.41万元","已入库","MANUAL","1","12/1/2026 11:42:56","13/3/2026 13:28:11"
"1829","PT20061114-0767","变电站新建工程-二期","电网基建","2729.49","8","30/5/2026","30/5/2027","30/5/2028","电网基建项目，投资金额2729.49万元","待审核","IMPORT","1","29/5/2026 16:40:33","23/5/2026 16:30:44"
"1830","PT20100109-0768","变电站维护项目-主体段","生产设备技改","3969.52","9","28/1/2026","28/1/2027","28/1/2028","生产设备技改项目，投资金额3969.52万元","论证通过","IMPORT","1","16/1/2026 13:34:37","6/5/2026 11:53:38"
"1831","PT20121102-0769","输电线路升级工程-三期","设备购置","4896.06","11","26/5/2026","26/5/2027","26/5/2028","设备购置项目，投资金额4896.06万元","审核通过","IMPORT","1","25/3/2026 18:14:15","5/5/2026 15:43:32"
"1832","PT19830529-0770","储能电站维护项目-三期","电网基建","438.74","10","7/5/2026","7/5/2027","7/5/2028","电网基建项目，投资金额438.74万元","审核通过","IMPORT","1","27/3/2026 00:22:00","2/5/2026 20:37:59"
"1833","PT19920901-0771","变电站改造工程-主体段","生产设备技改","3645.21","1","11/5/2026","11/5/2027","11/5/2028","生产设备技改项目，投资金额3645.21万元","审核通过","IMPORT","1","1/5/2026 17:20:59","12/5/2026 15:12:31"
"1834","PT19970320-0772","配电网新建工程-三期","电网基建","4300.92","8","30/3/2026","30/3/2027","30/3/2028","电网基建项目，投资金额4300.92万元","待审核","IMPORT","1","10/3/2026 06:31:13","16/4/2026 20:30:16"
"1835","PT19871016-0773","调度中心优化项目-三期","生产设备大修","1737.48","1","8/2/2026","8/2/2027","8/2/2028","生产设备大修项目，投资金额1737.48万元","论证通过","IMPORT","1","8/1/2026 22:07:10","8/4/2026 12:51:13"
"1836","PT20001110-0774","智能电网大修工程-先行段","生产设备技改","3198.17","5","1/4/2026","1/4/2027","1/4/2028","生产设备技改项目，投资金额3198.17万元","论证通过","IMPORT","1","30/1/2026 23:58:43","24/2/2026 10:56:36"
"1837","PT20160404-0775","智能电网优化项目-先行段","维修维护","1339.8","2","29/5/2026","29/5/2027","29/5/2028","维修维护项目，投资金额1339.80万元","论证通过","IMPORT","1","29/5/2026 01:36:04","24/5/2026 08:01:02"
"1838","PT19710324-0776","输电线路扩建工程-示范段","维修维护","2966.47","5","24/5/2026","24/5/2027","24/5/2028","维修维护项目，投资金额2966.47万元","已过期","IMPORT","1","27/3/2026 15:37:40","25/4/2026 04:53:13"
"1839","PT20260324-0777","变电站升级工程-示范段","电网基建","131.04","7","21/5/2026","21/5/2027","21/5/2028","电网基建项目，投资金额131.04万元","待论证","IMPORT","1","15/4/2026 06:26:31","28/4/2026 18:12:13"
"1840","PT20181230-0778","调度中心改造工程-示范段","电网基建","2268.07","10","16/4/2026","16/4/2027","16/4/2028","电网基建项目，投资金额2268.07万元","草稿","MANUAL","1","7/3/2026 12:06:17","18/5/2026 02:46:49"
"1841","PT19850416-0779","充电桩改造工程-一期","设备购置","195.58","6","27/2/2026","27/2/2027","27/2/2028","设备购置项目，投资金额195.58万元","待论证","IMPORT","1","11/1/2026 16:59:34","26/1/2026 01:52:07"
"1842","PT20001118-0780","智能电网技改项目-三期","设备更新","3878.49","8","14/5/2026","14/5/2027","14/5/2028","设备更新项目，投资金额3878.49万元","草稿","IMPORT","1","9/5/2026 15:40:39","13/5/2026 22:45:16"
"1843","PT19871216-0781","变电站新建工程-二期","生产设备技改","417.63","3","12/5/2026","12/5/2027","12/5/2028","生产设备技改项目，投资金额417.63万元","待审核","MANUAL","1","4/4/2026 21:40:27","7/5/2026 20:56:25"
"1844","PT19970111-0782","输电线路维护项目-三期","生产设备大修","4818.6","7","28/5/2026","28/5/2027","28/5/2028","生产设备大修项目，投资金额4818.60万元","审核通过","MANUAL","1","2/1/2026 02:28:44","26/3/2026 19:24:32"
"1845","PT20170408-0783","配电网新建工程-先行段","设备更新","1669.3","3","19/3/2026","19/3/2027","19/3/2028","设备更新项目，投资金额1669.30万元","待论证","IMPORT","1","19/2/2026 17:17:29","14/3/2026 19:23:09"
"1846","PT20131220-0784","变电站扩建工程-二期","电网基建","1424.35","1","22/5/2026","22/5/2027","22/5/2028","电网基建项目，投资金额1424.35万元","已入库","MANUAL","1","21/2/2026 05:13:55","14/4/2026 14:48:21"
"1847","PT20160621-0785","通信系统技改项目-一期","设备购置","3157.46","11","20/4/2026","20/4/2027","20/4/2028","设备购置项目，投资金额3157.46万元","草稿","IMPORT","1","16/2/2026 15:49:01","5/4/2026 04:50:04"
"1848","PT19860313-0786","输电线路大修工程-三期","生产设备大修","2886.52","8","1/5/2026","1/5/2027","1/5/2028","生产设备大修项目，投资金额2886.52万元","论证通过","MANUAL","1","20/4/2026 19:21:03","23/4/2026 14:23:14"
"1849","PT20010128-0787","智能电网技改项目-主体段","生产设备技改","288.1","11","22/5/2026","22/5/2027","22/5/2028","生产设备技改项目，投资金额288.10万元","待审核","MANUAL","1","18/5/2026 10:08:01","18/5/2026 11:25:45"
"1850","PT20030111-0788","智能电网技改项目-示范段","维修维护","4499.35","5","12/3/2026","12/3/2027","12/3/2028","维修维护项目，投资金额4499.35万元","待论证","MANUAL","1","2/2/2026 08:59:50","23/2/2026 09:44:58"
"1851","PT19900827-0789","充电桩新建工程-示范段","科技创新","3557.56","6","9/5/2026","9/5/2027","9/5/2028","科技创新项目，投资金额3557.56万元","草稿","IMPORT","1","21/2/2026 09:13:22","12/4/2026 07:32:20"
"1852","PT20010328-0790","智能电网技改项目-一期","生产设备技改","3193.01","6","20/5/2026","20/5/2027","20/5/2028","生产设备技改项目，投资金额3193.01万元","论证通过","MANUAL","1","29/4/2026 09:52:43","3/5/2026 21:55:31"
"1853","PT20140501-0791","充电桩改造工程-主体段","电网基建","2611.83","5","17/4/2026","17/4/2027","17/4/2028","电网基建项目，投资金额2611.83万元","待论证","IMPORT","1","13/4/2026 02:15:54","14/5/2026 18:08:28"
"1854","PT20190417-0792","充电桩升级工程-二期","设备更新","4841.86","5","28/5/2026","28/5/2027","28/5/2028","设备更新项目，投资金额4841.86万元","待审核","IMPORT","1","12/5/2026 08:01:09","13/5/2026 05:05:00"
"1855","PT20170701-0793","调度中心新建工程-二期","科技创新","1373.9","2","6/5/2026","6/5/2027","6/5/2028","科技创新项目，投资金额1373.90万元","已入库","MANUAL","1","14/4/2026 07:57:04","3/5/2026 02:42:10"
"1856","PT20041025-0794","通信系统改造工程-一期","设备更新","3550.27","10","6/4/2026","6/4/2027","6/4/2028","设备更新项目，投资金额3550.27万元","已过期","IMPORT","1","23/2/2026 13:56:16","21/3/2026 14:52:44"
"1857","PT19820412-0795","变电站改造工程-一期","维修维护","1978.36","10","29/5/2026","29/5/2027","29/5/2028","维修维护项目，投资金额1978.36万元","待审核","MANUAL","1","11/5/2026 05:05:00","12/5/2026 06:29:59"
"1858","PT19860323-0796","配电网改造工程-二期","生产设备大修","1691.21","5","26/5/2026","26/5/2027","26/5/2028","生产设备大修项目，投资金额1691.21万元","论证通过","MANUAL","1","19/5/2026 20:58:54","20/5/2026 23:11:48"
"1859","PT20220910-0797","变电站扩建工程-三期","生产设备技改","4785.41","5","28/4/2026","28/4/2027","28/4/2028","生产设备技改项目，投资金额4785.41万元","待论证","IMPORT","1","13/2/2026 16:10:56","23/4/2026 16:55:54"
"1860","PT20200401-0798","储能电站技改项目-一期","电网基建","2768.69","1","31/5/2026","31/5/2027","31/5/2028","电网基建项目，投资金额2768.69万元","待审核","IMPORT","1","31/5/2026 17:35:11","24/5/2026 14:30:08"
"1861","PT19830114-0799","充电桩优化项目-先行段","生产设备技改","3804.83","11","5/5/2026","5/5/2027","5/5/2028","生产设备技改项目，投资金额3804.83万元","已入库","IMPORT","1","15/4/2026 16:36:29","18/5/2026 03:05:25"
"1862","PT20250816-0800","变电站维护项目-示范段","科技创新","1273.75","2","2/4/2026","2/4/2027","2/4/2028","科技创新项目，投资金额1273.75万元","草稿","MANUAL","1","10/3/2026 18:44:29","20/3/2026 02:13:44"
"1863","PT20201006-0801","智能电网扩建工程-二期","设备更新","3577.03","11","11/4/2026","11/4/2027","11/4/2028","设备更新项目，投资金额3577.03万元","已入库","MANUAL","1","4/2/2026 23:51:51","24/3/2026 22:25:30"
"1864","PT19750309-0802","调度中心技改项目-三期","设备购置","3551.61","5","15/5/2026","15/5/2027","15/5/2028","设备购置项目，投资金额3551.61万元","已入库","IMPORT","1","8/4/2026 08:34:29","9/5/2026 18:39:52"
"1865","PT20120903-0803","通信系统扩建工程-主体段","设备更新","3788.88","7","23/2/2026","23/2/2027","23/2/2028","设备更新项目，投资金额3788.88万元","待审核","IMPORT","1","13/2/2026 14:00:01","11/4/2026 23:55:32"
"1866","PT19790313-0804","储能电站技改项目-先行段","生产设备大修","4769.93","10","25/3/2026","25/3/2027","25/3/2028","生产设备大修项目，投资金额4769.93万元","待论证","MANUAL","1","8/2/2026 20:49:28","4/5/2026 17:06:41"
"1867","PT19721119-0805","充电桩改造工程-二期","科技创新","1179.52","4","27/2/2026","27/2/2027","27/2/2028","科技创新项目，投资金额1179.52万元","待论证","IMPORT","1","14/1/2026 08:07:40","23/2/2026 17:35:39"
"1868","PT19950130-0806","输电线路维护项目-二期","科技创新","4988.73","8","23/4/2026","23/4/2027","23/4/2028","科技创新项目，投资金额4988.73万元","待论证","IMPORT","1","4/1/2026 08:04:59","18/4/2026 20:38:18"
"1869","PT19850928-0807","调度中心新建工程-三期","科技创新","4231.3","9","1/3/2026","1/3/2027","1/3/2028","科技创新项目，投资金额4231.30万元","已过期","IMPORT","1","9/2/2026 14:26:26","21/3/2026 07:44:14"
"1870","PT19850702-0808","通信系统新建工程-一期","设备更新","1970.53","6","26/3/2026","26/3/2027","26/3/2028","设备更新项目，投资金额1970.53万元","待论证","MANUAL","1","8/2/2026 12:19:57","14/4/2026 09:22:28"
"1871","PT19820619-0809","通信系统扩建工程-三期","设备更新","3762.2","3","15/5/2026","15/5/2027","15/5/2028","设备更新项目，投资金额3762.20万元","已入库","MANUAL","1","4/1/2026 09:42:50","23/4/2026 01:47:44"
"1872","PT19860822-0810","储能电站升级工程-先行段","科技创新","2362.94","4","9/3/2026","9/3/2027","9/3/2028","科技创新项目，投资金额2362.94万元","待审核","MANUAL","1","1/3/2026 23:26:53","7/4/2026 18:05:56"
"1873","PT20110927-0811","变电站大修工程-主体段","电网基建","3374.41","5","20/4/2026","20/4/2027","20/4/2028","电网基建项目，投资金额3374.41万元","论证通过","MANUAL","1","18/2/2026 01:36:22","6/4/2026 09:53:35"
"1874","PT20230418-0812","储能电站优化项目-二期","维修维护","581.69","9","27/5/2026","27/5/2027","27/5/2028","维修维护项目，投资金额581.69万元","论证通过","IMPORT","1","23/5/2026 16:59:52","22/5/2026 15:35:13"
"1875","PT19880819-0813","调度中心大修工程-先行段","维修维护","1439.96","11","23/5/2026","23/5/2027","23/5/2028","维修维护项目，投资金额1439.96万元","待论证","IMPORT","1","21/2/2026 09:33:41","28/3/2026 03:25:40"
"1876","PT20230325-0814","输电线路新建工程-示范段","电网基建","761.82","4","18/5/2026","18/5/2027","18/5/2028","电网基建项目，投资金额761.82万元","待论证","IMPORT","1","14/5/2026 01:22:40","21/5/2026 07:53:30"
"1877","PT19941125-0815","变电站改造工程-先行段","科技创新","2957.58","11","23/5/2026","23/5/2027","23/5/2028","科技创新项目，投资金额2957.58万元","论证通过","MANUAL","1","30/4/2026 14:31:04","17/5/2026 19:36:25"
"1878","PT20110923-0816","智能电网技改项目-二期","维修维护","2863.19","10","17/3/2026","17/3/2027","17/3/2028","维修维护项目，投资金额2863.19万元","待论证","MANUAL","1","16/2/2026 21:39:46","20/2/2026 22:26:16"
"1879","PT19720404-0817","调度中心新建工程-一期","电网基建","2671.3","5","7/5/2026","7/5/2027","7/5/2028","电网基建项目，投资金额2671.30万元","已入库","IMPORT","1","30/3/2026 13:30:47","24/4/2026 08:18:31"
"1880","PT20260402-0818","充电桩扩建工程-一期","生产设备技改","2894.26","7","27/5/2026","27/5/2027","27/5/2028","生产设备技改项目，投资金额2894.26万元","待论证","MANUAL","1","7/4/2026 08:55:28","11/5/2026 07:09:22"
"1881","PT20220111-0819","调度中心优化项目-主体段","设备更新","1104.93","6","21/4/2026","21/4/2027","21/4/2028","设备更新项目，投资金额1104.93万元","草稿","IMPORT","1","3/1/2026 23:56:12","21/3/2026 19:03:14"
"1882","PT20030214-0820","输电线路技改项目-二期","生产设备技改","4052.77","10","26/3/2026","26/3/2027","26/3/2028","生产设备技改项目，投资金额4052.77万元","论证通过","IMPORT","1","17/3/2026 10:09:40","16/5/2026 15:36:14"
"1883","PT20051013-0821","储能电站大修工程-示范段","电网基建","4461.67","5","6/5/2026","6/5/2027","6/5/2028","电网基建项目，投资金额4461.67万元","已入库","MANUAL","1","31/1/2026 00:53:16","16/4/2026 01:31:00"
"1884","PT19950218-0822","充电桩改造工程-二期","设备更新","849.18","5","22/4/2026","22/4/2027","22/4/2028","设备更新项目，投资金额849.18万元","论证通过","MANUAL","1","6/2/2026 22:34:42","7/3/2026 19:10:46"
"1885","PT20260504-0823","充电桩维护项目-一期","设备购置","2703.18","1","23/4/2026","23/4/2027","23/4/2028","设备购置项目，投资金额2703.18万元","待审核","MANUAL","1","2/4/2026 18:11:48","4/4/2026 13:01:38"
"1886","PT20091205-0824","储能电站维护项目-先行段","电网基建","4821.82","1","29/4/2026","29/4/2027","29/4/2028","电网基建项目，投资金额4821.82万元","审核通过","IMPORT","1","5/4/2026 10:01:32","5/5/2026 20:53:01"
"1887","PT19850903-0825","变电站维护项目-主体段","生产设备技改","1255.66","8","8/5/2026","8/5/2027","8/5/2028","生产设备技改项目，投资金额1255.66万元","待审核","MANUAL","1","10/3/2026 05:22:57","9/4/2026 08:31:40"
"1888","PT19990422-0826","调度中心改造工程-先行段","维修维护","1056.73","1","2/4/2026","2/4/2027","2/4/2028","维修维护项目，投资金额1056.73万元","待论证","MANUAL","1","10/2/2026 07:55:49","6/5/2026 20:34:55"
"1889","PT19820509-0827","配电网大修工程-示范段","科技创新","958.04","2","24/2/2026","24/2/2027","24/2/2028","科技创新项目，投资金额958.04万元","已入库","IMPORT","1","31/1/2026 07:41:38","3/4/2026 05:30:01"
"1890","PT19850912-0828","调度中心维护项目-一期","电网基建","3914.78","7","9/3/2026","9/3/2027","9/3/2028","电网基建项目，投资金额3914.78万元","待论证","IMPORT","1","4/1/2026 23:21:53","15/2/2026 08:27:50"
"1891","PT19980416-0829","配电网改造工程-二期","生产设备技改","1091.64","6","10/4/2026","10/4/2027","10/4/2028","生产设备技改项目，投资金额1091.64万元","待论证","IMPORT","1","13/2/2026 18:06:27","9/5/2026 21:36:31"
"1892","PT19700321-0830","充电桩升级工程-二期","维修维护","372.19","9","15/5/2026","15/5/2027","15/5/2028","维修维护项目，投资金额372.19万元","审核通过","MANUAL","1","24/4/2026 05:38:17","9/5/2026 17:41:48"
"1893","PT20011220-0831","通信系统扩建工程-示范段","设备购置","2247.64","11","22/5/2026","22/5/2027","22/5/2028","设备购置项目，投资金额2247.64万元","待论证","MANUAL","1","26/4/2026 09:39:50","1/5/2026 17:25:22"
"1894","PT19760125-0832","智能电网改造工程-三期","维修维护","1912.81","7","23/5/2026","23/5/2027","23/5/2028","维修维护项目，投资金额1912.81万元","待审核","MANUAL","1","16/4/2026 08:45:57","6/5/2026 21:00:51"
"1895","PT19800925-0833","储能电站改造工程-二期","电网基建","1280.68","1","24/3/2026","24/3/2027","24/3/2028","电网基建项目，投资金额1280.68万元","草稿","MANUAL","1","9/2/2026 12:21:53","4/5/2026 21:51:19"
"1896","PT19991005-0834","充电桩技改项目-示范段","维修维护","1810.85","11","6/5/2026","6/5/2027","6/5/2028","维修维护项目，投资金额1810.85万元","审核通过","IMPORT","1","17/1/2026 10:13:21","20/1/2026 22:09:23"
"1897","PT19740805-0835","配电网新建工程-二期","维修维护","3850.13","6","19/5/2026","19/5/2027","19/5/2028","维修维护项目，投资金额3850.13万元","已入库","MANUAL","1","29/3/2026 17:04:57","6/5/2026 05:56:26"
"1898","PT20150105-0836","智能电网大修工程-示范段","生产设备大修","3248.4","4","24/4/2026","24/4/2027","24/4/2028","生产设备大修项目，投资金额3248.40万元","草稿","MANUAL","1","31/1/2026 08:57:50","6/5/2026 03:05:25"
"1899","PT19780707-0837","智能电网升级工程-示范段","生产设备大修","4838.98","4","22/3/2026","22/3/2027","22/3/2028","生产设备大修项目，投资金额4838.98万元","待审核","MANUAL","1","22/1/2026 09:29:20","12/2/2026 13:48:56"
"1900","PT20211218-0838","通信系统技改项目-主体段","电网基建","2610.08","6","30/5/2026","30/5/2027","30/5/2028","电网基建项目，投资金额2610.08万元","待论证","MANUAL","1","21/3/2026 01:01:16","21/4/2026 14:10:56"
"1901","PT19970716-0839","配电网扩建工程-二期","科技创新","1078.05","5","22/5/2026","22/5/2027","22/5/2028","科技创新项目，投资金额1078.05万元","论证通过","IMPORT","1","13/5/2026 08:47:29","16/5/2026 21:35:35"
"1902","PT20151029-0840","变电站大修工程-先行段","设备更新","177.56","7","25/5/2026","25/5/2027","25/5/2028","设备更新项目，投资金额177.56万元","草稿","MANUAL","1","20/5/2026 05:59:37","21/5/2026 01:21:08"
"1903","PT19880708-0841","配电网新建工程-一期","设备购置","4126.05","5","28/3/2026","28/3/2027","28/3/2028","设备购置项目，投资金额4126.05万元","待论证","IMPORT","1","11/2/2026 12:34:44","16/2/2026 09:28:43"
"1904","PT20220815-0842","配电网升级工程-一期","生产设备大修","51.39","8","19/5/2026","19/5/2027","19/5/2028","生产设备大修项目，投资金额51.39万元","草稿","MANUAL","1","19/4/2026 10:51:58","14/5/2026 09:06:44"
"1905","PT20040723-0843","调度中心优化项目-二期","设备购置","656.89","9","28/5/2026","28/5/2027","28/5/2028","设备购置项目，投资金额656.89万元","草稿","MANUAL","1","15/5/2026 12:32:00","20/5/2026 21:18:57"
"1906","PT19860709-0844","配电网维护项目-先行段","生产设备技改","1982.71","4","22/5/2026","22/5/2027","22/5/2028","生产设备技改项目，投资金额1982.71万元","待审核","MANUAL","1","17/5/2026 11:55:26","19/5/2026 04:26:39"
"1907","PT19700112-0845","变电站扩建工程-示范段","维修维护","2353.09","2","31/3/2026","31/3/2027","31/3/2028","维修维护项目，投资金额2353.09万元","论证通过","MANUAL","1","5/2/2026 05:37:08","1/3/2026 20:43:41"
"1908","PT20040212-0846","充电桩技改项目-先行段","生产设备大修","1451.66","3","17/4/2026","17/4/2027","17/4/2028","生产设备大修项目，投资金额1451.66万元","待论证","IMPORT","1","19/3/2026 22:18:17","25/4/2026 20:02:05"
"1909","PT19900228-0847","变电站改造工程-示范段","生产设备大修","4648.52","3","20/5/2026","20/5/2027","20/5/2028","生产设备大修项目，投资金额4648.52万元","草稿","MANUAL","1","28/3/2026 17:04:45","25/4/2026 07:15:52"
"1910","PT19831020-0848","输电线路技改项目-三期","电网基建","4024.87","3","27/4/2026","27/4/2027","27/4/2028","电网基建项目，投资金额4024.87万元","已入库","MANUAL","1","23/3/2026 19:51:47","25/3/2026 10:45:08"
"1911","PT20180803-0849","储能电站技改项目-二期","生产设备技改","1385.76","8","2/4/2026","2/4/2027","2/4/2028","生产设备技改项目，投资金额1385.76万元","已入库","IMPORT","1","6/1/2026 02:58:23","21/2/2026 00:43:00"
"1912","PT20030717-0850","通信系统扩建工程-先行段","电网基建","395.89","2","21/4/2026","21/4/2027","21/4/2028","电网基建项目，投资金额395.89万元","待审核","MANUAL","1","15/1/2026 00:39:12","25/4/2026 21:16:12"
"1913","PT19770628-0851","变电站改造工程-示范段","维修维护","1512.62","4","24/5/2026","24/5/2027","24/5/2028","维修维护项目，投资金额1512.62万元","审核通过","IMPORT","1","18/5/2026 18:38:40","21/5/2026 01:43:27"
"1914","PT20160102-0852","储能电站优化项目-主体段","生产设备大修","1555.99","2","10/2/2026","10/2/2027","10/2/2028","生产设备大修项目，投资金额1555.99万元","已入库","MANUAL","1","3/2/2026 22:10:19","19/2/2026 15:02:45"
"1915","PT20091218-0853","配电网维护项目-二期","生产设备技改","4187.09","6","25/2/2026","25/2/2027","25/2/2028","生产设备技改项目，投资金额4187.09万元","已入库","MANUAL","1","22/2/2026 08:50:40","30/3/2026 22:13:03"
"1916","PT19870512-0854","储能电站优化项目-主体段","生产设备大修","2477.52","8","25/5/2026","25/5/2027","25/5/2028","生产设备大修项目，投资金额2477.52万元","待论证","MANUAL","1","10/5/2026 14:17:55","17/5/2026 20:04:30"
"1917","PT20010517-0855","充电桩技改项目-先行段","维修维护","1215.19","11","30/4/2026","30/4/2027","30/4/2028","维修维护项目，投资金额1215.19万元","待论证","MANUAL","1","5/2/2026 16:50:46","15/2/2026 00:37:40"
"1918","PT20180326-0856","通信系统维护项目-三期","设备购置","1741.2","9","13/2/2026","13/2/2027","13/2/2028","设备购置项目，投资金额1741.20万元","已过期","MANUAL","1","6/2/2026 03:30:00","15/3/2026 09:27:27"
"1919","PT20210710-0857","通信系统大修工程-二期","科技创新","4833.99","1","30/5/2026","30/5/2027","30/5/2028","科技创新项目，投资金额4833.99万元","待论证","MANUAL","1","30/5/2026 11:14:50","23/5/2026 17:43:32"
"1920","PT19930804-0858","配电网改造工程-示范段","维修维护","2340.11","8","28/5/2026","28/5/2027","28/5/2028","维修维护项目，投资金额2340.11万元","待审核","MANUAL","1","10/5/2026 14:32:06","13/5/2026 18:01:43"
"1921","PT19870622-0859","智能电网改造工程-示范段","设备购置","3102.67","6","24/3/2026","24/3/2027","24/3/2028","设备购置项目，投资金额3102.67万元","待审核","IMPORT","1","13/1/2026 16:42:45","19/4/2026 23:02:29"
"1922","PT19971024-0860","变电站维护项目-一期","电网基建","822.98","2","13/5/2026","13/5/2027","13/5/2028","电网基建项目，投资金额822.98万元","草稿","IMPORT","1","24/4/2026 11:47:10","28/4/2026 15:28:32"
"1923","PT20120711-0861","输电线路扩建工程-二期","电网基建","3247.04","2","31/3/2026","31/3/2027","31/3/2028","电网基建项目，投资金额3247.04万元","已入库","MANUAL","1","16/3/2026 14:05:09","17/5/2026 09:29:03"
"1924","PT20151029-0862","变电站新建工程-示范段","科技创新","2622.09","2","18/4/2026","18/4/2027","18/4/2028","科技创新项目，投资金额2622.09万元","待审核","MANUAL","1","8/1/2026 01:35:59","26/2/2026 05:38:16"
"1925","PT19850911-0863","输电线路技改项目-二期","科技创新","862.87","7","6/4/2026","6/4/2027","6/4/2028","科技创新项目，投资金额862.87万元","待论证","IMPORT","1","3/2/2026 21:58:24","4/5/2026 15:25:39"
"1926","PT19890210-0864","变电站升级工程-先行段","设备更新","869.54","10","17/5/2026","17/5/2027","17/5/2028","设备更新项目，投资金额869.54万元","论证通过","IMPORT","1","15/5/2026 23:08:04","21/5/2026 07:30:48"
"1927","PT19921120-0865","输电线路扩建工程-先行段","科技创新","686.53","11","9/5/2026","9/5/2027","9/5/2028","科技创新项目，投资金额686.53万元","草稿","IMPORT","1","2/2/2026 12:02:58","12/2/2026 10:59:25"
"1928","PT20130509-0866","储能电站技改项目-示范段","维修维护","1210.61","4","8/5/2026","8/5/2027","8/5/2028","维修维护项目，投资金额1210.61万元","已入库","MANUAL","1","24/3/2026 06:17:52","8/4/2026 12:19:23"
"1929","PT20220127-0867","变电站扩建工程-一期","电网基建","3283.6","6","19/5/2026","19/5/2027","19/5/2028","电网基建项目，投资金额3283.60万元","草稿","IMPORT","1","1/5/2026 17:10:51","17/5/2026 13:51:02"
"1930","PT20220511-0868","充电桩改造工程-二期","设备更新","1807.28","3","14/4/2026","14/4/2027","14/4/2028","设备更新项目，投资金额1807.28万元","已入库","IMPORT","1","5/1/2026 20:49:12","18/4/2026 06:21:42"
"1931","PT20031007-0869","储能电站新建工程-示范段","维修维护","613.07","7","19/5/2026","19/5/2027","19/5/2028","维修维护项目，投资金额613.07万元","待审核","IMPORT","1","30/3/2026 11:14:14","6/5/2026 16:06:07"
"1932","PT19790722-0870","输电线路维护项目-三期","生产设备大修","4003.19","2","17/5/2026","17/5/2027","17/5/2028","生产设备大修项目，投资金额4003.19万元","已入库","IMPORT","1","10/2/2026 14:08:08","5/4/2026 06:56:51"
"1933","PT19920317-0871","变电站扩建工程-二期","生产设备技改","1513.36","6","11/2/2026","11/2/2027","11/2/2028","生产设备技改项目，投资金额1513.36万元","草稿","IMPORT","1","1/2/2026 13:22:53","1/4/2026 16:09:26"
"1934","PT20130322-0872","充电桩大修工程-示范段","维修维护","3118.13","2","14/5/2026","14/5/2027","14/5/2028","维修维护项目，投资金额3118.13万元","审核通过","MANUAL","1","14/1/2026 02:03:49","17/1/2026 13:30:19"
"1935","PT20061213-0873","通信系统优化项目-一期","电网基建","1385.91","7","25/4/2026","25/4/2027","25/4/2028","电网基建项目，投资金额1385.91万元","待审核","IMPORT","1","27/3/2026 02:23:14","8/4/2026 19:48:59"
"1936","PT20100529-0874","智能电网技改项目-一期","维修维护","2858.27","11","25/5/2026","25/5/2027","25/5/2028","维修维护项目，投资金额2858.27万元","待论证","IMPORT","1","25/5/2026 04:19:57","21/5/2026 12:58:04"
"1937","PT19800221-0875","变电站技改项目-二期","设备购置","1689.05","3","4/5/2026","4/5/2027","4/5/2028","设备购置项目，投资金额1689.05万元","论证通过","MANUAL","1","3/5/2026 07:53:10","12/5/2026 07:42:00"
"1938","PT19700703-0876","智能电网扩建工程-二期","设备更新","1208.67","10","29/4/2026","29/4/2027","29/4/2028","设备更新项目，投资金额1208.67万元","待论证","MANUAL","1","19/1/2026 18:38:53","30/4/2026 10:22:04"
"1939","PT20040903-0877","变电站优化项目-一期","电网基建","64.65","6","9/5/2026","9/5/2027","9/5/2028","电网基建项目，投资金额64.65万元","草稿","IMPORT","1","25/1/2026 01:36:09","1/2/2026 04:30:55"
"1940","PT19750218-0878","智能电网新建工程-主体段","设备更新","1327.52","11","25/3/2026","25/3/2027","25/3/2028","设备更新项目，投资金额1327.52万元","草稿","MANUAL","1","27/2/2026 18:18:40","6/3/2026 22:53:39"
"1941","PT19940602-0879","变电站新建工程-三期","维修维护","125.75","9","9/5/2026","9/5/2027","9/5/2028","维修维护项目，投资金额125.75万元","论证通过","MANUAL","1","18/4/2026 00:50:15","12/5/2026 06:54:06"
"1942","PT20160531-0880","输电线路改造工程-二期","生产设备大修","3857.56","9","27/5/2026","27/5/2027","27/5/2028","生产设备大修项目，投资金额3857.56万元","草稿","IMPORT","1","22/3/2026 04:36:24","16/5/2026 01:10:10"
"1943","PT20010911-0881","输电线路技改项目-主体段","科技创新","3384.75","3","4/2/2026","4/2/2027","4/2/2028","科技创新项目，投资金额3384.75万元","待论证","MANUAL","1","4/1/2026 03:43:20","4/4/2026 03:53:24"
"1944","PT19770424-0882","储能电站维护项目-先行段","科技创新","3116.94","7","19/4/2026","19/4/2027","19/4/2028","科技创新项目，投资金额3116.94万元","待论证","IMPORT","1","7/2/2026 18:35:42","8/5/2026 21:38:32"
"1945","PT19810830-0883","调度中心扩建工程-示范段","生产设备技改","1918.41","1","30/5/2026","30/5/2027","30/5/2028","生产设备技改项目，投资金额1918.41万元","待审核","MANUAL","1","26/5/2026 01:33:44","24/5/2026 10:45:17"
"1946","PT19900725-0884","调度中心优化项目-三期","设备购置","4841.91","3","21/3/2026","21/3/2027","21/3/2028","设备购置项目，投资金额4841.91万元","待论证","MANUAL","1","10/1/2026 10:22:36","23/2/2026 15:48:03"
"1947","PT20010910-0885","储能电站技改项目-二期","电网基建","3882.25","2","26/4/2026","26/4/2027","26/4/2028","电网基建项目，投资金额3882.25万元","草稿","MANUAL","1","10/1/2026 02:30:34","23/4/2026 11:42:36"
"1948","PT19920726-0886","智能电网技改项目-示范段","生产设备大修","2597.65","5","5/5/2026","5/5/2027","5/5/2028","生产设备大修项目，投资金额2597.65万元","待论证","MANUAL","1","13/4/2026 15:55:20","2/5/2026 15:39:36"
"1949","PT19960807-0887","通信系统优化项目-二期","电网基建","3423.74","3","21/4/2026","21/4/2027","21/4/2028","电网基建项目，投资金额3423.74万元","已过期","IMPORT","1","18/3/2026 12:13:54","25/4/2026 18:25:57"
"1950","PT20250614-0888","调度中心优化项目-三期","科技创新","3504.66","8","24/3/2026","24/3/2027","24/3/2028","科技创新项目，投资金额3504.66万元","待论证","IMPORT","1","28/1/2026 02:18:34","14/3/2026 06:05:41"
"1951","PT19780321-0889","智能电网升级工程-先行段","电网基建","4083.62","9","21/5/2026","21/5/2027","21/5/2028","电网基建项目，投资金额4083.62万元","待审核","IMPORT","1","20/4/2026 09:43:44","8/5/2026 18:14:28"
"1952","PT20210705-0890","通信系统改造工程-二期","维修维护","701.08","8","17/4/2026","17/4/2027","17/4/2028","维修维护项目，投资金额701.08万元","待论证","MANUAL","1","10/1/2026 15:49:38","28/2/2026 22:25:45"
"1953","PT20210825-0891","通信系统优化项目-二期","科技创新","3978.57","3","2/4/2026","2/4/2027","2/4/2028","科技创新项目，投资金额3978.57万元","待论证","MANUAL","1","6/1/2026 17:21:00","16/4/2026 17:34:39"
"1954","PT20240614-0892","智能电网升级工程-一期","维修维护","3997.1","7","19/1/2026","19/1/2027","19/1/2028","维修维护项目，投资金额3997.10万元","草稿","IMPORT","1","4/1/2026 02:49:38","28/4/2026 16:15:19"
"1955","PT19870922-0893","充电桩新建工程-二期","设备购置","4136.62","2","29/5/2026","29/5/2027","29/5/2028","设备购置项目，投资金额4136.62万元","已入库","MANUAL","1","28/5/2026 10:08:32","23/5/2026 16:21:09"
"1956","PT19800128-0894","通信系统升级工程-示范段","设备购置","3986.41","10","31/1/2026","31/1/2027","31/1/2028","设备购置项目，投资金额3986.41万元","待审核","IMPORT","1","8/1/2026 16:05:09","12/2/2026 14:07:10"
"1957","PT20090122-0895","充电桩扩建工程-一期","生产设备大修","2009.48","3","7/4/2026","7/4/2027","7/4/2028","生产设备大修项目，投资金额2009.48万元","论证通过","IMPORT","1","6/2/2026 10:24:13","25/3/2026 07:31:08"
"1958","PT19730215-0896","输电线路扩建工程-二期","电网基建","1112.36","6","26/4/2026","26/4/2027","26/4/2028","电网基建项目，投资金额1112.36万元","待论证","MANUAL","1","26/1/2026 07:41:47","3/5/2026 15:04:21"
"1959","PT20251228-0897","充电桩扩建工程-先行段","生产设备大修","2849.21","6","21/5/2026","21/5/2027","21/5/2028","生产设备大修项目，投资金额2849.21万元","已入库","MANUAL","1","17/1/2026 23:45:28","24/1/2026 11:52:20"
"1960","PT19830430-0898","储能电站改造工程-示范段","设备更新","4971.55","4","26/5/2026","26/5/2027","26/5/2028","设备更新项目，投资金额4971.55万元","待论证","MANUAL","1","18/3/2026 12:59:51","18/4/2026 22:18:58"
"1961","PT20090619-0899","通信系统优化项目-示范段","维修维护","879.46","2","12/5/2026","12/5/2027","12/5/2028","维修维护项目，投资金额879.46万元","审核通过","IMPORT","1","22/2/2026 21:54:05","1/5/2026 12:30:04"
"1962","PT20130901-0900","充电桩新建工程-示范段","设备购置","1088.59","8","28/5/2026","28/5/2027","28/5/2028","设备购置项目，投资金额1088.59万元","草稿","IMPORT","1","8/4/2026 05:53:00","15/4/2026 19:42:02"
"1963","PT19920222-0901","储能电站技改项目-主体段","设备更新","909.41","3","16/5/2026","16/5/2027","16/5/2028","设备更新项目，投资金额909.41万元","论证通过","IMPORT","1","8/5/2026 07:54:30","18/5/2026 15:06:17"
"1964","PT20260501-0902","变电站新建工程-二期","设备更新","3512.92","2","19/4/2026","19/4/2027","19/4/2028","设备更新项目，投资金额3512.92万元","待论证","MANUAL","1","13/3/2026 02:43:46","22/4/2026 04:10:21"
"1965","PT19960202-0903","调度中心技改项目-三期","生产设备大修","3544.31","1","18/5/2026","18/5/2027","18/5/2028","生产设备大修项目，投资金额3544.31万元","待审核","IMPORT","1","29/4/2026 04:28:42","12/5/2026 07:59:43"
"1966","PT19950923-0904","智能电网技改项目-一期","设备购置","704.27","2","24/5/2026","24/5/2027","24/5/2028","设备购置项目，投资金额704.27万元","草稿","MANUAL","1","23/5/2026 18:01:00","23/5/2026 17:54:04"
"1967","PT19720509-0905","输电线路维护项目-先行段","维修维护","732.34","3","17/5/2026","17/5/2027","17/5/2028","维修维护项目，投资金额732.34万元","待论证","IMPORT","1","18/4/2026 07:49:47","23/4/2026 19:10:48"
"1968","PT19711209-0906","储能电站改造工程-先行段","维修维护","4950.14","2","30/5/2026","30/5/2027","30/5/2028","维修维护项目，投资金额4950.14万元","待审核","MANUAL","1","29/5/2026 10:56:28","23/5/2026 17:41:01"
"1969","PT19820104-0907","通信系统维护项目-二期","设备更新","90.46","5","10/4/2026","10/4/2027","10/4/2028","设备更新项目，投资金额90.46万元","待审核","IMPORT","1","22/2/2026 06:11:51","7/4/2026 19:18:19"
"1970","PT20230106-0908","配电网技改项目-三期","科技创新","2316.12","3","4/4/2026","4/4/2027","4/4/2028","科技创新项目，投资金额2316.12万元","论证通过","MANUAL","1","26/2/2026 04:10:52","13/5/2026 08:13:12"
"1971","PT19760612-0909","储能电站改造工程-示范段","维修维护","2241.75","1","17/4/2026","17/4/2027","17/4/2028","维修维护项目，投资金额2241.75万元","待审核","MANUAL","1","2/3/2026 14:48:44","15/4/2026 03:40:15"
"1972","PT19990911-0910","储能电站维护项目-示范段","设备购置","2961.12","10","21/5/2026","21/5/2027","21/5/2028","设备购置项目，投资金额2961.12万元","论证通过","IMPORT","1","20/5/2026 02:26:22","20/5/2026 15:12:08"
"1973","PT19711010-0911","配电网升级工程-先行段","维修维护","1651.67","2","24/3/2026","24/3/2027","24/3/2028","维修维护项目，投资金额1651.67万元","论证通过","MANUAL","1","25/2/2026 07:30:17","11/5/2026 01:19:34"
"1974","PT20090213-0912","调度中心大修工程-先行段","设备购置","3304.8","9","14/4/2026","14/4/2027","14/4/2028","设备购置项目，投资金额3304.80万元","已入库","IMPORT","1","26/3/2026 04:42:07","6/4/2026 00:32:41"
"1975","PT20240518-0913","变电站新建工程-一期","生产设备大修","781.71","5","12/3/2026","12/3/2027","12/3/2028","生产设备大修项目，投资金额781.71万元","已入库","MANUAL","1","12/3/2026 20:29:09","29/4/2026 07:38:01"
"1976","PT19760301-0914","储能电站新建工程-示范段","维修维护","2650.04","1","27/4/2026","27/4/2027","27/4/2028","维修维护项目，投资金额2650.04万元","论证通过","IMPORT","1","23/3/2026 16:18:54","6/4/2026 00:55:24"
"1977","PT19770516-0915","通信系统扩建工程-一期","生产设备技改","3250.83","11","30/4/2026","30/4/2027","30/4/2028","生产设备技改项目，投资金额3250.83万元","待论证","MANUAL","1","25/2/2026 01:09:38","13/4/2026 09:43:29"
"1978","PT20070728-0916","智能电网新建工程-一期","生产设备大修","2400.54","6","12/5/2026","12/5/2027","12/5/2028","生产设备大修项目，投资金额2400.54万元","待审核","IMPORT","1","18/2/2026 23:55:00","17/5/2026 18:06:13"
"1979","PT19910927-0917","配电网新建工程-二期","科技创新","3026.44","7","24/5/2026","24/5/2027","24/5/2028","科技创新项目，投资金额3026.44万元","待论证","IMPORT","1","14/2/2026 17:54:19","18/5/2026 02:32:03"
"1980","PT20250501-0918","通信系统升级工程-先行段","生产设备技改","1601.63","1","20/4/2026","20/4/2027","20/4/2028","生产设备技改项目，投资金额1601.63万元","待论证","IMPORT","1","14/4/2026 11:59:55","23/4/2026 07:51:21"
"1981","PT20190116-0919","调度中心改造工程-一期","电网基建","1418.77","4","21/2/2026","21/2/2027","21/2/2028","电网基建项目，投资金额1418.77万元","论证通过","IMPORT","1","10/1/2026 05:47:24","11/4/2026 16:54:10"
"1982","PT20100227-0920","通信系统升级工程-三期","维修维护","4428.43","2","7/4/2026","7/4/2027","7/4/2028","维修维护项目，投资金额4428.43万元","待审核","IMPORT","1","9/2/2026 17:09:51","15/2/2026 19:34:37"
"1983","PT20230828-0921","通信系统改造工程-一期","生产设备技改","3710.6","9","7/5/2026","7/5/2027","7/5/2028","生产设备技改项目，投资金额3710.60万元","待论证","IMPORT","1","5/5/2026 12:34:38","7/5/2026 07:56:51"
"1984","PT19970111-0922","输电线路维护项目-三期","设备更新","1091.22","8","9/4/2026","9/4/2027","9/4/2028","设备更新项目，投资金额1091.22万元","论证通过","MANUAL","1","23/2/2026 16:40:05","5/3/2026 01:02:10"
"1985","PT20150703-0923","智能电网改造工程-三期","设备更新","813.12","10","16/3/2026","16/3/2027","16/3/2028","设备更新项目，投资金额813.12万元","已过期","MANUAL","1","11/3/2026 16:57:00","1/4/2026 04:55:17"
"1986","PT20170919-0924","充电桩优化项目-示范段","设备购置","500.67","6","27/5/2026","27/5/2027","27/5/2028","设备购置项目，投资金额500.67万元","论证通过","MANUAL","1","26/4/2026 03:49:54","7/5/2026 06:37:47"
"1987","PT19760802-0925","输电线路大修工程-二期","设备更新","2846.88","10","26/3/2026","26/3/2027","26/3/2028","设备更新项目，投资金额2846.88万元","待审核","IMPORT","1","4/1/2026 13:10:08","21/1/2026 18:07:54"
"1988","PT19761009-0926","智能电网大修工程-三期","电网基建","3340.92","1","11/4/2026","11/4/2027","11/4/2028","电网基建项目，投资金额3340.92万元","草稿","MANUAL","1","30/3/2026 05:44:08","10/5/2026 15:09:26"
"1989","PT19910809-0927","配电网升级工程-三期","维修维护","4345.28","5","30/3/2026","30/3/2027","30/3/2028","维修维护项目，投资金额4345.28万元","待论证","IMPORT","1","6/3/2026 16:18:43","30/3/2026 12:45:41"
"1990","PT20080726-0928","充电桩新建工程-三期","生产设备大修","1592.43","10","27/5/2026","27/5/2027","27/5/2028","生产设备大修项目，投资金额1592.43万元","已过期","MANUAL","1","11/5/2026 20:07:05","18/5/2026 10:03:34"
"1991","PT20110820-0929","充电桩升级工程-三期","电网基建","2571.22","6","23/3/2026","23/3/2027","23/3/2028","电网基建项目，投资金额2571.22万元","已入库","IMPORT","1","11/3/2026 03:47:21","30/4/2026 09:57:35"
"1992","PT20021023-0930","配电网升级工程-二期","设备购置","2746.18","8","23/5/2026","23/5/2027","23/5/2028","设备购置项目，投资金额2746.18万元","草稿","IMPORT","1","5/5/2026 16:37:28","15/5/2026 17:55:09"
"1993","PT19890421-0931","智能电网扩建工程-一期","生产设备技改","4317.3","10","16/4/2026","16/4/2027","16/4/2028","生产设备技改项目，投资金额4317.30万元","已过期","IMPORT","1","13/4/2026 13:39:23","7/5/2026 02:51:41"
"1994","PT20130927-0932","调度中心升级工程-一期","科技创新","2530.86","7","20/3/2026","20/3/2027","20/3/2028","科技创新项目，投资金额2530.86万元","已入库","MANUAL","1","10/2/2026 23:28:30","14/2/2026 05:03:51"
"1995","PT20200114-0933","储能电站升级工程-先行段","生产设备技改","430.11","1","28/5/2026","28/5/2027","28/5/2028","生产设备技改项目，投资金额430.11万元","论证通过","MANUAL","1","27/5/2026 04:34:59","26/5/2026 22:32:58"
"1996","PT19970303-0934","配电网技改项目-一期","设备更新","4448.2","7","20/5/2026","20/5/2027","20/5/2028","设备更新项目，投资金额4448.20万元","已过期","IMPORT","1","6/3/2026 20:41:37","23/4/2026 16:56:56"
"1997","PT19841129-0935","充电桩大修工程-一期","科技创新","4827.6","3","15/2/2026","15/2/2027","15/2/2028","科技创新项目，投资金额4827.60万元","论证通过","IMPORT","1","6/1/2026 14:09:41","12/3/2026 01:19:16"
"1998","PT20200217-0936","输电线路技改项目-示范段","设备更新","181.79","3","27/5/2026","27/5/2027","27/5/2028","设备更新项目，投资金额181.79万元","论证通过","IMPORT","1","21/4/2026 09:53:10","16/5/2026 04:11:24"
"1999","PT20000728-0937","调度中心新建工程-一期","科技创新","1018.45","11","8/3/2026","8/3/2027","8/3/2028","科技创新项目，投资金额1018.45万元","草稿","MANUAL","1","7/2/2026 07:33:12","30/4/2026 23:23:55"
"2000","PT19730408-0938","配电网改造工程-三期","设备更新","1989.15","2","14/5/2026","14/5/2027","14/5/2028","设备更新项目，投资金额1989.15万元","已过期","MANUAL","1","27/3/2026 10:55:47","12/4/2026 08:52:06"
"2001","PT20090530-0939","变电站技改项目-一期","设备更新","3404.22","2","17/5/2026","17/5/2027","17/5/2028","设备更新项目，投资金额3404.22万元","待论证","MANUAL","1","3/5/2026 15:37:44","17/5/2026 17:59:06"
"2002","PT19790225-0940","通信系统技改项目-三期","设备购置","3365.67","11","7/5/2026","7/5/2027","7/5/2028","设备购置项目，投资金额3365.67万元","审核通过","MANUAL","1","15/2/2026 07:48:55","15/5/2026 10:10:26"
"2003","PT20070215-0941","调度中心改造工程-一期","维修维护","213.53","8","21/4/2026","21/4/2027","21/4/2028","维修维护项目，投资金额213.53万元","待论证","IMPORT","1","1/4/2026 16:13:02","2/5/2026 23:55:37"
"2004","PT20060106-0942","智能电网大修工程-二期","科技创新","683.99","2","28/3/2026","28/3/2027","28/3/2028","科技创新项目，投资金额683.99万元","草稿","IMPORT","1","6/2/2026 15:50:56","10/2/2026 04:56:21"
"2005","PT19750306-0943","通信系统改造工程-三期","生产设备大修","4717.26","5","30/5/2026","30/5/2027","30/5/2028","生产设备大修项目，投资金额4717.26万元","论证通过","IMPORT","1","25/5/2026 23:40:16","24/5/2026 10:13:23"
"2006","PT20130908-0944","调度中心技改项目-先行段","电网基建","2253.77","8","16/4/2026","16/4/2027","16/4/2028","电网基建项目，投资金额2253.77万元","已入库","IMPORT","1","29/3/2026 14:52:48","30/4/2026 17:03:32"
"2007","PT20030116-0945","储能电站改造工程-一期","生产设备大修","1239.96","7","20/4/2026","20/4/2027","20/4/2028","生产设备大修项目，投资金额1239.96万元","论证通过","MANUAL","1","16/2/2026 07:38:09","17/3/2026 04:19:55"
"2008","PT20101025-0946","输电线路大修工程-二期","维修维护","4742.61","5","14/5/2026","14/5/2027","14/5/2028","维修维护项目，投资金额4742.61万元","待审核","IMPORT","1","11/2/2026 07:25:07","16/3/2026 08:07:48"
"2009","PT20220205-0947","通信系统改造工程-主体段","设备更新","1239.29","6","12/2/2026","12/2/2027","12/2/2028","设备更新项目，投资金额1239.29万元","审核通过","MANUAL","1","24/1/2026 00:19:12","7/2/2026 06:56:52"
"2010","PT20140104-0948","调度中心改造工程-二期","电网基建","305.68","9","14/5/2026","14/5/2027","14/5/2028","电网基建项目，投资金额305.68万元","待论证","MANUAL","1","5/5/2026 11:35:33","11/5/2026 10:06:53"
"2011","PT20200820-0949","配电网技改项目-示范段","生产设备技改","2230.28","11","30/5/2026","30/5/2027","30/5/2028","生产设备技改项目，投资金额2230.28万元","审核通过","IMPORT","1","29/3/2026 07:15:19","16/4/2026 16:51:52"
"2012","PT20011026-0950","输电线路维护项目-先行段","科技创新","1932.13","2","6/3/2026","6/3/2027","6/3/2028","科技创新项目，投资金额1932.13万元","审核通过","MANUAL","1","24/1/2026 12:56:04","30/3/2026 23:16:55"
"2013","PT19810902-0951","输电线路大修工程-三期","科技创新","4923.03","3","11/4/2026","11/4/2027","11/4/2028","科技创新项目，投资金额4923.03万元","待审核","MANUAL","1","3/4/2026 04:09:03","1/5/2026 23:37:05"
"2014","PT19930607-0952","变电站升级工程-主体段","设备购置","1864.99","8","23/5/2026","23/5/2027","23/5/2028","设备购置项目，投资金额1864.99万元","草稿","MANUAL","1","26/2/2026 02:25:14","18/4/2026 09:19:41"
"2015","PT20050214-0953","调度中心扩建工程-三期","设备购置","4217.87","3","14/5/2026","14/5/2027","14/5/2028","设备购置项目，投资金额4217.87万元","论证通过","MANUAL","1","9/5/2026 15:56:30","13/5/2026 23:06:33"
"2016","PT19710613-0954","配电网优化项目-先行段","生产设备技改","3030.39","2","13/5/2026","13/5/2027","13/5/2028","生产设备技改项目，投资金额3030.39万元","待审核","IMPORT","1","8/3/2026 08:30:20","10/3/2026 00:46:36"
"2017","PT19870410-0955","通信系统扩建工程-一期","电网基建","329.54","7","23/2/2026","23/2/2027","23/2/2028","电网基建项目，投资金额329.54万元","待论证","MANUAL","1","2/1/2026 19:45:02","13/1/2026 15:00:04"
"2018","PT19850930-0956","储能电站改造工程-主体段","维修维护","3916.74","4","22/4/2026","22/4/2027","22/4/2028","维修维护项目，投资金额3916.74万元","论证通过","IMPORT","1","22/4/2026 18:32:41","5/5/2026 14:16:12"
"2019","PT20241024-0957","调度中心优化项目-示范段","设备更新","1015.87","2","26/5/2026","26/5/2027","26/5/2028","设备更新项目，投资金额1015.87万元","待审核","MANUAL","1","18/2/2026 02:56:05","19/5/2026 18:48:52"
"2020","PT20091207-0958","通信系统技改项目-一期","维修维护","2612.95","8","30/4/2026","30/4/2027","30/4/2028","维修维护项目，投资金额2612.95万元","待论证","MANUAL","1","8/4/2026 13:10:08","7/5/2026 08:42:57"
"2021","PT19820116-0959","变电站技改项目-三期","科技创新","2424.32","6","3/4/2026","3/4/2027","3/4/2028","科技创新项目，投资金额2424.32万元","审核通过","IMPORT","1","19/2/2026 04:09:13","4/4/2026 02:31:22"
"2022","PT20220806-0960","储能电站技改项目-一期","维修维护","4153.26","3","18/5/2026","18/5/2027","18/5/2028","维修维护项目，投资金额4153.26万元","草稿","MANUAL","1","20/4/2026 05:35:57","25/4/2026 15:24:18"
"2023","PT20250110-0961","充电桩新建工程-示范段","维修维护","1651.1","6","25/5/2026","25/5/2027","25/5/2028","维修维护项目，投资金额1651.10万元","论证通过","IMPORT","1","25/5/2026 07:19:39","22/5/2026 08:10:46"
"2024","PT20000724-0962","充电桩大修工程-一期","设备购置","794.19","10","23/4/2026","23/4/2027","23/4/2028","设备购置项目，投资金额794.19万元","审核通过","IMPORT","1","31/1/2026 11:24:01","5/5/2026 21:38:25"
"2025","PT19910529-0963","输电线路维护项目-先行段","科技创新","2222.94","5","29/4/2026","29/4/2027","29/4/2028","科技创新项目，投资金额2222.94万元","已入库","MANUAL","1","3/1/2026 01:32:21","22/3/2026 09:10:14"
"2026","PT19841014-0964","输电线路技改项目-一期","生产设备技改","167.05","1","31/5/2026","31/5/2027","31/5/2028","生产设备技改项目，投资金额167.05万元","待论证","MANUAL","1","31/5/2026 14:00:14","28/5/2026 08:08:37"
"2027","PT20180403-0965","配电网改造工程-二期","电网基建","356.73","5","4/4/2026","4/4/2027","4/4/2028","电网基建项目，投资金额356.73万元","已入库","MANUAL","1","8/3/2026 02:38:13","16/5/2026 05:39:30"
"2028","PT19870824-0966","充电桩升级工程-二期","维修维护","2617.78","2","23/3/2026","23/3/2027","23/3/2028","维修维护项目，投资金额2617.78万元","论证通过","IMPORT","1","4/3/2026 21:17:59","27/4/2026 19:39:34"
"2029","PT19720327-0967","智能电网大修工程-示范段","科技创新","3791.03","6","6/3/2026","6/3/2027","6/3/2028","科技创新项目，投资金额3791.03万元","待论证","MANUAL","1","8/2/2026 17:47:15","1/3/2026 06:54:58"
"2030","PT19950611-0968","配电网维护项目-主体段","生产设备技改","3202.15","1","19/5/2026","19/5/2027","19/5/2028","生产设备技改项目，投资金额3202.15万元","待审核","IMPORT","1","22/1/2026 01:06:03","5/5/2026 09:39:37"
"2031","PT20030718-0969","输电线路维护项目-三期","科技创新","4928.77","4","31/5/2026","31/5/2027","31/5/2028","科技创新项目，投资金额4928.77万元","论证通过","IMPORT","1","31/5/2026 06:00:09","22/5/2026 17:05:28"
"2032","PT20251011-0970","充电桩升级工程-三期","设备购置","3246.17","5","24/1/2026","24/1/2027","24/1/2028","设备购置项目，投资金额3246.17万元","草稿","MANUAL","1","2/1/2026 16:12:11","31/3/2026 23:54:29"
"2033","PT19711210-0971","输电线路优化项目-一期","设备购置","1555.9","10","26/5/2026","26/5/2027","26/5/2028","设备购置项目，投资金额1555.90万元","论证通过","IMPORT","1","20/5/2026 01:51:39","21/5/2026 00:47:47"
"2034","PT19700426-0972","通信系统扩建工程-三期","科技创新","3371.63","5","21/2/2026","21/2/2027","21/2/2028","科技创新项目，投资金额3371.63万元","审核通过","IMPORT","1","7/1/2026 00:47:32","9/4/2026 10:28:22"
"2035","PT19830506-0973","变电站大修工程-示范段","科技创新","3467.48","10","17/3/2026","17/3/2027","17/3/2028","科技创新项目，投资金额3467.48万元","草稿","IMPORT","1","26/2/2026 14:49:31","10/5/2026 07:21:04"
"2036","PT20150302-0974","通信系统升级工程-主体段","设备购置","3594.14","10","22/2/2026","22/2/2027","22/2/2028","设备购置项目，投资金额3594.14万元","已入库","IMPORT","1","23/1/2026 14:17:00","14/5/2026 04:27:36"
"2037","PT19870301-0975","充电桩优化项目-主体段","维修维护","3484.91","8","11/5/2026","11/5/2027","11/5/2028","维修维护项目，投资金额3484.91万元","草稿","IMPORT","1","22/4/2026 12:53:56","26/4/2026 14:43:45"
"2038","PT19980714-0976","充电桩优化项目-主体段","电网基建","853.63","8","13/2/2026","13/2/2027","13/2/2028","电网基建项目，投资金额853.63万元","草稿","MANUAL","1","1/1/2026 01:26:22","6/2/2026 06:53:58"
"2039","PT19881218-0977","输电线路优化项目-三期","生产设备技改","2375.65","5","14/2/2026","14/2/2027","14/2/2028","生产设备技改项目，投资金额2375.65万元","待论证","MANUAL","1","13/2/2026 01:09:02","21/3/2026 12:57:36"
"2040","PT19701123-0978","调度中心优化项目-先行段","设备更新","3112.75","1","14/4/2026","14/4/2027","14/4/2028","设备更新项目，投资金额3112.75万元","待论证","IMPORT","1","6/3/2026 23:03:47","2/4/2026 08:19:20"
"2041","PT19960211-0979","智能电网扩建工程-二期","生产设备大修","4948.54","7","6/4/2026","6/4/2027","6/4/2028","生产设备大修项目，投资金额4948.54万元","待论证","MANUAL","1","2/3/2026 16:31:27","29/4/2026 01:45:31"
"2042","PT19851014-0980","通信系统维护项目-二期","生产设备技改","2490.4","10","2/4/2026","2/4/2027","2/4/2028","生产设备技改项目，投资金额2490.40万元","审核通过","MANUAL","1","4/2/2026 00:27:44","7/2/2026 14:11:05"
"2043","PT19851116-0981","输电线路优化项目-二期","设备更新","2866.45","6","10/5/2026","10/5/2027","10/5/2028","设备更新项目，投资金额2866.45万元","论证通过","IMPORT","1","5/5/2026 08:26:09","20/5/2026 11:22:30"
"2044","PT19891215-0982","智能电网技改项目-三期","维修维护","3528.2","10","7/4/2026","7/4/2027","7/4/2028","维修维护项目，投资金额3528.20万元","审核通过","MANUAL","1","22/3/2026 10:23:38","1/4/2026 11:06:07"
"2045","PT19730302-0983","智能电网大修工程-先行段","电网基建","583.92","4","30/5/2026","30/5/2027","30/5/2028","电网基建项目，投资金额583.92万元","已入库","MANUAL","1","27/5/2026 05:39:20","22/5/2026 20:22:52"
"2046","PT20091116-0984","调度中心优化项目-先行段","电网基建","1225.75","10","12/5/2026","12/5/2027","12/5/2028","电网基建项目，投资金额1225.75万元","待论证","IMPORT","1","28/2/2026 08:42:41","1/4/2026 12:47:30"
"2047","PT20240802-0985","储能电站升级工程-一期","科技创新","3342.78","6","7/5/2026","7/5/2027","7/5/2028","科技创新项目，投资金额3342.78万元","论证通过","IMPORT","1","26/3/2026 21:18:30","30/3/2026 13:15:57"
"2048","PT20100406-0986","调度中心改造工程-三期","生产设备大修","3206.05","5","25/5/2026","25/5/2027","25/5/2028","生产设备大修项目，投资金额3206.05万元","论证通过","IMPORT","1","20/3/2026 04:00:35","15/5/2026 00:51:01"
"2049","PT19950818-0987","智能电网维护项目-示范段","生产设备大修","2870.56","8","23/5/2026","23/5/2027","23/5/2028","生产设备大修项目，投资金额2870.56万元","草稿","MANUAL","1","14/5/2026 05:36:44","18/5/2026 22:19:33"
"2050","PT20230605-0988","通信系统升级工程-二期","科技创新","4436.09","1","15/5/2026","15/5/2027","15/5/2028","科技创新项目，投资金额4436.09万元","待论证","MANUAL","1","3/4/2026 02:37:14","27/4/2026 19:53:56"
"2051","PT19830406-0989","输电线路升级工程-先行段","电网基建","3662.76","2","16/4/2026","16/4/2027","16/4/2028","电网基建项目，投资金额3662.76万元","已入库","IMPORT","1","18/3/2026 08:54:27","11/4/2026 23:56:19"
"2052","PT19731206-0990","配电网改造工程-一期","设备更新","1580.29","10","16/4/2026","16/4/2027","16/4/2028","设备更新项目，投资金额1580.29万元","论证通过","MANUAL","1","6/4/2026 09:32:25","25/4/2026 03:53:54"
"2053","PT19871213-0991","智能电网扩建工程-一期","设备购置","3468.95","3","14/4/2026","14/4/2027","14/4/2028","设备购置项目，投资金额3468.95万元","待论证","IMPORT","1","7/4/2026 05:57:49","16/4/2026 14:29:13"
"2054","PT20080818-0992","智能电网改造工程-主体段","电网基建","908.19","5","21/5/2026","21/5/2027","21/5/2028","电网基建项目，投资金额908.19万元","待论证","IMPORT","1","19/2/2026 11:50:45","19/5/2026 11:26:47"
"2055","PT19960331-0993","储能电站改造工程-先行段","设备更新","3773.9","9","3/5/2026","3/5/2027","3/5/2028","设备更新项目，投资金额3773.90万元","审核通过","MANUAL","1","30/4/2026 11:19:44","15/5/2026 01:32:31"
"2056","PT20240107-0994","输电线路维护项目-二期","生产设备技改","1837.38","2","18/2/2026","18/2/2027","18/2/2028","生产设备技改项目，投资金额1837.38万元","已入库","MANUAL","1","9/1/2026 18:08:14","15/3/2026 12:48:16"
"2057","PT19880123-0995","充电桩优化项目-三期","生产设备技改","4981.78","11","27/1/2026","27/1/2027","27/1/2028","生产设备技改项目，投资金额4981.78万元","已入库","IMPORT","1","25/1/2026 22:51:40","17/4/2026 05:04:20"
"2058","PT20170818-0996","变电站大修工程-三期","科技创新","2320.85","7","21/3/2026","21/3/2027","21/3/2028","科技创新项目，投资金额2320.85万元","论证通过","IMPORT","1","17/1/2026 13:43:07","21/4/2026 20:43:47"
"2059","PT19740509-0997","智能电网优化项目-先行段","设备更新","2032.1","3","20/4/2026","20/4/2027","20/4/2028","设备更新项目，投资金额2032.10万元","已过期","IMPORT","1","1/3/2026 19:14:33","29/3/2026 21:55:10"
"2060","PT19790726-0998","储能电站扩建工程-二期","科技创新","1226.22","4","7/5/2026","7/5/2027","7/5/2028","科技创新项目，投资金额1226.22万元","草稿","MANUAL","1","30/4/2026 18:20:57","7/5/2026 10:42:54"
"2061","PT19911124-0999","储能电站维护项目-先行段","设备购置","2729.75","5","22/4/2026","22/4/2027","22/4/2028","设备购置项目，投资金额2729.75万元","审核通过","MANUAL","1","22/3/2026 21:07:02","28/4/2026 08:27:46"
"2062","E2E-1781070795040","自动化流程测试项目_1781070795040","电网基建","8000","1",,,"10/6/2028","E2E自动化测试创建","已入库","MANUAL","1","10/6/2026 13:53:18","10/6/2026 13:53:35"
"2063","1234","dasfdasf","生产设备技改","24321","2","10/6/2026","11/6/2026","18/6/2026","","草稿","MANUAL","1","10/6/2026 13:53:21","10/6/2026 13:53:21"
"2064","E2E-1781070896681","自动化流程测试项目_1781070896681","电网基建","8000","1",,,"10/6/2028","E2E自动化测试创建","已入库","MANUAL","1","10/6/2026 13:55:00","10/6/2026 13:55:16"
"2065","E2E-FAIL-REVIEW-1781070923079","退回测试_论证不通过_1781070923079","电网基建","3000","1",,,,"","草稿","MANUAL","1","10/6/2026 13:55:24","10/6/2026 13:55:30"
"2066","E2E-FAIL-AUDIT-1781070933888","退回测试_审核不通过_1781070933888","电网基建","4000","1",,,,"","待论证","MANUAL","1","10/6/2026 13:55:36","10/6/2026 13:55:44"
"2067","E2E-1781071182813","自动化流程测试项目_1781071182813","电网基建","8000","1",,,"10/6/2028","E2E自动化测试创建","已入库","MANUAL","1","10/6/2026 13:59:45","10/6/2026 14:00:06"
"2068","E2E-FAIL-REVIEW-1781071215696","退回测试_论证不通过_1781071215696","电网基建","3000","1",,,,"","草稿","MANUAL","1","10/6/2026 14:00:17","10/6/2026 14:00:23"
"2069","E2E-FAIL-AUDIT-1781071228050","退回测试_审核不通过_1781071228050","电网基建","4000","1",,,,"","待论证","MANUAL","1","10/6/2026 14:00:30","10/6/2026 14:00:39"
